Date-Hour(NMT),SystemProduction
31.07.2024-00:00,0.0
31.07.2024-01:00,0.0
31.07.2024-02:00,0.0
31.07.2024-03:00,0.0
31.07.2024-04:00,0.0
31.07.2024-05:00,0.0
31.07.2024-06:00,0.0
31.07.2024-07:00,0.09
31.07.2024-08:00,0.91
31.07.2024-09:00,2.03
31.07.2024-10:00,3.35
31.07.2024-11:00,4.44
31.07.2024-12:00,4.64
31.07.2024-13:00,4.4
31.07.2024-14:00,3.66
31.07.2024-15:00,2.64
31.07.2024-16:00,1.47
31.07.2024-17:00,0.0
31.07.2024-18:00,0.0
31.07.2024-19:00,0.0
31.07.2024-20:00,0.0
31.07.2024-21:00,0.0
31.07.2024-22:00,0.0
31.07.2024-23:00,0.0
01.08.2024-00:00,0.0
01.08.2024-01:00,0.0
01.08.2024-02:00,0.0
01.08.2024-03:00,0.0
01.08.2024-04:00,0.0
01.08.2024-05:00,0.0
01.08.2024-06:00,0.0
01.08.2024-07:00,0.09
01.08.2024-08:00,0.83
01.08.2024-09:00,2.02
01.08.2024-10:00,3.17
01.08.2024-11:00,3.48
01.08.2024-12:00,3.98
01.08.2024-13:00,3.91
01.08.2024-14:00,3.48
01.08.2024-15:00,1.96
01.08.2024-16:00,1.08
01.08.2024-17:00,0.16
01.08.2024-18:00,0.0
01.08.2024-19:00,0.0
01.08.2024-20:00,0.0
01.08.2024-21:00,0.0
01.08.2024-22:00,0.0
01.08.2024-23:00,0.0
02.08.2024-00:00,0.0
02.08.2024-01:00,0.01
02.08.2024-02:00,0.0
02.08.2024-03:00,0.0
02.08.2024-04:00,0.0
02.08.2024-05:00,0.0
02.08.2024-06:00,0.0
02.08.2024-07:00,0.13
02.08.2024-08:00,1.09
02.08.2024-09:00,2.43
02.08.2024-10:00,3.73
02.08.2024-11:00,4.27
02.08.2024-12:00,4.46
02.08.2024-13:00,4.17
02.08.2024-14:00,3.42
02.08.2024-15:00,2.35
02.08.2024-16:00,1.26
02.08.2024-17:00,0.23
02.08.2024-18:00,0.0
02.08.2024-19:00,0.0
02.08.2024-20:00,0.0
02.08.2024-21:00,0.0
02.08.2024-22:00,0.0
02.08.2024-23:00,0.0
03.08.2024-00:00,0.0
03.08.2024-01:00,0.0
03.08.2024-02:00,0.0
03.08.2024-03:00,0.0
03.08.2024-04:00,0.0
03.08.2024-05:00,0.0
03.08.2024-06:00,0.0
03.08.2024-07:00,0.07
03.08.2024-08:00,0.82
03.08.2024-09:00,1.89
03.08.2024-10:00,2.42
03.08.2024-11:00,3.12
03.08.2024-12:00,2.07
03.08.2024-13:00,1.39
03.08.2024-14:00,0.89
03.08.2024-15:00,0.64
03.08.2024-16:00,0.07
03.08.2024-17:00,0.0
03.08.2024-18:00,0.0
03.08.2024-19:00,0.0
03.08.2024-20:00,0.0
03.08.2024-21:00,0.0
03.08.2024-22:00,0.0
03.08.2024-23:00,0.0
04.08.2024-00:00,0.0
04.08.2024-01:00,0.0
04.08.2024-02:00,0.0
04.08.2024-03:00,0.0
04.08.2024-04:00,0.0
04.08.2024-05:00,0.04
04.08.2024-06:00,0.0
04.08.2024-07:00,0.01
04.08.2024-08:00,0.12
04.08.2024-09:00,0.34
04.08.2024-10:00,0.57
04.08.2024-11:00,0.24
04.08.2024-12:00,0.22
04.08.2024-13:00,0.46
04.08.2024-14:00,0.28
04.08.2024-15:00,0.08
04.08.2024-16:00,0.02
04.08.2024-17:00,0.0
04.08.2024-18:00,0.0
04.08.2024-19:00,0.0
04.08.2024-20:00,0.0
04.08.2024-21:00,0.0
04.08.2024-22:00,0.0
04.08.2024-23:00,0.0
05.08.2024-00:00,0.0
05.08.2024-01:00,0.0
05.08.2024-02:00,0.0
05.08.2024-03:00,0.0
05.08.2024-04:00,0.0
05.08.2024-05:00,0.0
05.08.2024-06:00,0.0
05.08.2024-07:00,0.1
05.08.2024-08:00,0.1
05.08.2024-09:00,0.68
05.08.2024-10:00,1.06
05.08.2024-11:00,0.91
05.08.2024-12:00,0.96
05.08.2024-13:00,0.6
05.08.2024-14:00,0.54
05.08.2024-15:00,0.61
05.08.2024-16:00,0.38
05.08.2024-17:00,0.08
05.08.2024-18:00,0.0
05.08.2024-19:00,0.0
05.08.2024-20:00,0.0
05.08.2024-21:00,0.0
05.08.2024-22:00,0.0
05.08.2024-23:00,0.0
06.08.2024-00:00,0.0
06.08.2024-01:00,0.0
06.08.2024-02:00,0.0
06.08.2024-03:00,0.0
06.08.2024-04:00,0.0
06.08.2024-05:00,0.0
06.08.2024-06:00,0.0
06.08.2024-07:00,0.0
06.08.2024-08:00,0.06
06.08.2024-09:00,0.37
06.08.2024-10:00,0.52
06.08.2024-11:00,0.34
06.08.2024-12:00,1.02
06.08.2024-13:00,0.28
06.08.2024-14:00,0.19
06.08.2024-15:00,0.05
06.08.2024-16:00,0.0
06.08.2024-17:00,0.0
06.08.2024-18:00,0.0
06.08.2024-19:00,0.0
06.08.2024-20:00,0.0
06.08.2024-21:00,0.0
06.08.2024-22:00,0.0
06.08.2024-23:00,0.0
07.08.2024-00:00,0.0
07.08.2024-01:00,0.0
07.08.2024-02:00,0.0
07.08.2024-03:00,0.0
07.08.2024-04:00,0.0
07.08.2024-05:00,0.0
07.08.2024-06:00,0.0
07.08.2024-07:00,0.02
07.08.2024-08:00,0.17
07.08.2024-09:00,0.8
07.08.2024-10:00,1.34
07.08.2024-11:00,1.55
07.08.2024-12:00,1.19
07.08.2024-13:00,1.15
07.08.2024-14:00,0.81
07.08.2024-15:00,0.19
07.08.2024-16:00,0.06
07.08.2024-17:00,0.01
07.08.2024-18:00,0.0
07.08.2024-19:00,0.0
07.08.2024-20:00,0.0
07.08.2024-21:00,0.0
07.08.2024-22:00,0.0
07.08.2024-23:00,0.0
08.08.2024-00:00,0.0
08.08.2024-01:00,0.0
08.08.2024-02:00,0.0
08.08.2024-03:00,0.0
08.08.2024-04:00,0.0
08.08.2024-05:00,0.0
08.08.2024-06:00,0.0
08.08.2024-07:00,0.14
08.08.2024-08:00,0.72
08.08.2024-09:00,1.31
08.08.2024-10:00,1.48
08.08.2024-11:00,2.55
08.08.2024-12:00,2.8
08.08.2024-13:00,3.81
08.08.2024-14:00,2.53
08.08.2024-15:00,1.85
08.08.2024-16:00,1.42
08.08.2024-17:00,0.49
08.08.2024-18:00,0.0
08.08.2024-19:00,0.0
08.08.2024-20:00,0.0
08.08.2024-21:00,0.0
08.08.2024-22:00,0.0
08.08.2024-23:00,0.0
09.08.2024-00:00,0.0
09.08.2024-01:00,0.0
09.08.2024-02:00,0.0
09.08.2024-03:00,0.0
09.08.2024-04:00,0.0
09.08.2024-05:00,0.0
09.08.2024-06:00,0.0
09.08.2024-07:00,0.14
09.08.2024-08:00,1.02
09.08.2024-09:00,1.7
09.08.2024-10:00,2.74
09.08.2024-11:00,1.91
09.08.2024-12:00,1.82
09.08.2024-13:00,2.25
09.08.2024-14:00,2.75
09.08.2024-15:00,1.14
09.08.2024-16:00,0.85
09.08.2024-17:00,0.05
09.08.2024-18:00,0.0
09.08.2024-19:00,0.0
09.08.2024-20:00,0.0
09.08.2024-21:00,0.0
09.08.2024-22:00,0.0
09.08.2024-23:00,0.0
10.08.2024-00:00,0.0
10.08.2024-01:00,0.0
10.08.2024-02:00,0.0
10.08.2024-03:00,0.0
10.08.2024-04:00,0.0
10.08.2024-05:00,0.0
10.08.2024-06:00,0.0
10.08.2024-07:00,0.03
10.08.2024-08:00,1.22
10.08.2024-09:00,2.32
10.08.2024-10:00,3.08
10.08.2024-11:00,4.46
10.08.2024-12:00,5.29
10.08.2024-13:00,4.61
10.08.2024-14:00,3.82
10.08.2024-15:00,2.98
10.08.2024-16:00,1.76
10.08.2024-17:00,0.5
10.08.2024-18:00,0.0
10.08.2024-19:00,0.0
10.08.2024-20:00,0.0
10.08.2024-21:00,0.0
10.08.2024-22:00,0.0
10.08.2024-23:00,0.0
11.08.2024-00:00,0.0
11.08.2024-01:00,0.0
11.08.2024-02:00,0.0
11.08.2024-03:00,0.0
11.08.2024-04:00,0.0
11.08.2024-05:00,0.0
11.08.2024-06:00,0.0
11.08.2024-07:00,0.4
11.08.2024-08:00,1.08
11.08.2024-09:00,2.81
11.08.2024-10:00,2.79
11.08.2024-11:00,2.66
11.08.2024-12:00,1.66
11.08.2024-13:00,1.64
11.08.2024-14:00,1.49
11.08.2024-15:00,2.68
11.08.2024-16:00,1.51
11.08.2024-17:00,0.43
11.08.2024-18:00,0.0
11.08.2024-19:00,0.0
11.08.2024-20:00,0.0
11.08.2024-21:00,0.0
11.08.2024-22:00,0.0
11.08.2024-23:00,0.0
12.08.2024-00:00,0.0
12.08.2024-01:00,0.0
12.08.2024-02:00,0.0
12.08.2024-03:00,0.0
12.08.2024-04:00,0.0
12.08.2024-05:00,0.0
12.08.2024-06:00,0.0
12.08.2024-07:00,0.38
12.08.2024-08:00,0.98
12.08.2024-09:00,3.19
12.08.2024-10:00,4.38
12.08.2024-11:00,4.52
12.08.2024-12:00,5.03
12.08.2024-13:00,4.82
12.08.2024-14:00,4.07
12.08.2024-15:00,3.04
12.08.2024-16:00,1.83
12.08.2024-17:00,0.49
12.08.2024-18:00,0.0
12.08.2024-19:00,0.0
12.08.2024-20:00,0.0
12.08.2024-21:00,0.0
12.08.2024-22:00,0.0
12.08.2024-23:00,0.0
13.08.2024-00:00,0.0
13.08.2024-01:00,0.0
13.08.2024-02:00,0.0
13.08.2024-03:00,0.0
13.08.2024-04:00,0.0
13.08.2024-05:00,0.0
13.08.2024-06:00,0.0
13.08.2024-07:00,0.46
13.08.2024-08:00,1.76
13.08.2024-09:00,3.16
13.08.2024-10:00,3.69
13.08.2024-11:00,5.03
13.08.2024-12:00,5.25
13.08.2024-13:00,4.94
13.08.2024-14:00,4.11
13.08.2024-15:00,2.92
13.08.2024-16:00,1.69
13.08.2024-17:00,0.52
13.08.2024-18:00,0.0
13.08.2024-19:00,0.0
13.08.2024-20:00,0.0
13.08.2024-21:00,0.0
13.08.2024-22:00,0.0
13.08.2024-23:00,0.0
14.08.2024-00:00,0.0
14.08.2024-01:00,0.0
14.08.2024-02:00,0.0
14.08.2024-03:00,0.0
14.08.2024-04:00,0.0
14.08.2024-05:00,0.0
14.08.2024-06:00,0.0
14.08.2024-07:00,0.47
14.08.2024-08:00,1.74
14.08.2024-09:00,3.12
14.08.2024-10:00,4.24
14.08.2024-11:00,4.98
14.08.2024-12:00,4.62
14.08.2024-13:00,4.83
14.08.2024-14:00,4.13
14.08.2024-15:00,2.98
14.08.2024-16:00,1.71
14.08.2024-17:00,0.53
14.08.2024-18:00,0.0
14.08.2024-19:00,0.0
14.08.2024-20:00,0.0
14.08.2024-21:00,0.0
14.08.2024-22:00,0.0
14.08.2024-23:00,0.0
15.08.2024-00:00,0.0
15.08.2024-01:00,0.0
15.08.2024-02:00,0.0
15.08.2024-03:00,0.0
15.08.2024-04:00,0.0
15.08.2024-05:00,0.0
15.08.2024-06:00,0.0
15.08.2024-07:00,0.2
15.08.2024-08:00,0.89
15.08.2024-09:00,2.08
15.08.2024-10:00,3.97
15.08.2024-11:00,4.82
15.08.2024-12:00,5.22
15.08.2024-13:00,4.26
15.08.2024-14:00,3.47
15.08.2024-15:00,2.74
15.08.2024-16:00,1.45
15.08.2024-17:00,0.34
15.08.2024-18:00,0.0
15.08.2024-19:00,0.0
15.08.2024-20:00,0.0
15.08.2024-21:00,0.0
15.08.2024-22:00,0.0
15.08.2024-23:00,0.0
16.08.2024-00:00,0.0
16.08.2024-01:00,0.0
16.08.2024-02:00,0.0
16.08.2024-03:00,0.0
16.08.2024-04:00,0.0
16.08.2024-05:00,0.0
16.08.2024-06:00,0.0
16.08.2024-07:00,0.12
16.08.2024-08:00,0.56
16.08.2024-09:00,0.84
16.08.2024-10:00,1.46
16.08.2024-11:00,2.54
16.08.2024-12:00,4.01
16.08.2024-13:00,3.08
16.08.2024-14:00,2.26
16.08.2024-15:00,1.79
16.08.2024-16:00,0.59
16.08.2024-17:00,0.24
16.08.2024-18:00,0.0
16.08.2024-19:00,0.0
16.08.2024-20:00,0.0
16.08.2024-21:00,0.0
16.08.2024-22:00,0.0
16.08.2024-23:00,0.0
17.08.2024-00:00,0.0
17.08.2024-01:00,0.0
17.08.2024-02:00,0.0
17.08.2024-03:00,0.0
17.08.2024-04:00,0.0
17.08.2024-05:00,0.0
17.08.2024-06:00,0.0
17.08.2024-07:00,0.14
17.08.2024-08:00,0.24
17.08.2024-09:00,0.14
17.08.2024-10:00,1.04
17.08.2024-11:00,2.15
17.08.2024-12:00,1.62
17.08.2024-13:00,0.69
17.08.2024-14:00,0.23
17.08.2024-15:00,0.12
17.08.2024-16:00,0.03
17.08.2024-17:00,0.07
17.08.2024-18:00,0.0
17.08.2024-19:00,0.0
17.08.2024-20:00,0.0
17.08.2024-21:00,0.0
17.08.2024-22:00,0.0
17.08.2024-23:00,0.0
18.08.2024-00:00,0.0
18.08.2024-01:00,0.0
18.08.2024-02:00,0.0
18.08.2024-03:00,0.0
18.08.2024-04:00,0.0
18.08.2024-05:00,0.0
18.08.2024-06:00,0.0
18.08.2024-07:00,0.0
18.08.2024-08:00,0.08
18.08.2024-09:00,0.28
18.08.2024-10:00,0.51
18.08.2024-11:00,0.71
18.08.2024-12:00,0.94
18.08.2024-13:00,0.68
18.08.2024-14:00,0.53
18.08.2024-15:00,0.41
18.08.2024-16:00,0.15
18.08.2024-17:00,0.02
18.08.2024-18:00,0.0
18.08.2024-19:00,0.0
18.08.2024-20:00,0.0
18.08.2024-21:00,0.01
18.08.2024-22:00,0.0
18.08.2024-23:00,0.0
19.08.2024-00:00,0.0
19.08.2024-01:00,0.0
19.08.2024-02:00,0.0
19.08.2024-03:00,0.0
19.08.2024-04:00,0.0
19.08.2024-05:00,0.0
19.08.2024-06:00,0.0
19.08.2024-07:00,0.01
19.08.2024-08:00,0.18
19.08.2024-09:00,0.12
19.08.2024-10:00,0.25
19.08.2024-11:00,0.07
19.08.2024-12:00,0.11
19.08.2024-13:00,0.27
19.08.2024-14:00,0.3
19.08.2024-15:00,0.24
19.08.2024-16:00,0.06
19.08.2024-17:00,0.06
19.08.2024-18:00,0.0
19.08.2024-19:00,0.0
19.08.2024-20:00,0.0
19.08.2024-21:00,0.0
19.08.2024-22:00,0.0
19.08.2024-23:00,0.0
20.08.2024-00:00,0.0
20.08.2024-01:00,0.0
20.08.2024-02:00,0.0
20.08.2024-03:00,0.0
20.08.2024-04:00,0.0
20.08.2024-05:00,0.0
20.08.2024-06:00,0.0
20.08.2024-07:00,0.05
20.08.2024-08:00,0.26
20.08.2024-09:00,1.13
20.08.2024-10:00,1.74
20.08.2024-11:00,2.1
20.08.2024-12:00,2.01
20.08.2024-13:00,0.8
20.08.2024-14:00,0.06
20.08.2024-15:00,0.22
20.08.2024-16:00,0.12
20.08.2024-17:00,0.02
20.08.2024-18:00,0.0
20.08.2024-19:00,0.0
20.08.2024-20:00,0.0
20.08.2024-21:00,0.0
20.08.2024-22:00,0.0
20.08.2024-23:00,0.0
21.08.2024-00:00,0.0
21.08.2024-01:00,0.01
21.08.2024-02:00,0.0
21.08.2024-03:00,0.0
21.08.2024-04:00,0.0
21.08.2024-05:00,0.0
21.08.2024-06:00,0.0
21.08.2024-07:00,0.05
21.08.2024-08:00,0.29
21.08.2024-09:00,0.65
21.08.2024-10:00,1.6
21.08.2024-11:00,2.29
21.08.2024-12:00,3.11
21.08.2024-13:00,1.48
21.08.2024-14:00,0.86
21.08.2024-15:00,0.55
21.08.2024-16:00,0.14
21.08.2024-17:00,0.0
21.08.2024-18:00,0.0
21.08.2024-19:00,0.0
21.08.2024-20:00,0.0
21.08.2024-21:00,0.0
21.08.2024-22:00,0.0
21.08.2024-23:00,0.0
22.08.2024-00:00,0.0
22.08.2024-01:00,0.0
22.08.2024-02:00,0.0
22.08.2024-03:00,0.0
22.08.2024-04:00,0.0
22.08.2024-05:00,0.0
22.08.2024-06:00,0.0
22.08.2024-07:00,0.01
22.08.2024-08:00,0.11
22.08.2024-09:00,0.22
22.08.2024-10:00,0.29
22.08.2024-11:00,0.42
22.08.2024-12:00,0.12
22.08.2024-13:00,0.46
22.08.2024-14:00,0.33
22.08.2024-15:00,0.31
22.08.2024-16:00,0.2
22.08.2024-17:00,0.09
22.08.2024-18:00,0.0
22.08.2024-19:00,0.0
22.08.2024-20:00,0.0
22.08.2024-21:00,0.0
22.08.2024-22:00,0.0
22.08.2024-23:00,0.0
23.08.2024-00:00,0.0
23.08.2024-01:00,0.0
23.08.2024-02:00,0.0
23.08.2024-03:00,0.0
23.08.2024-04:00,0.0
23.08.2024-05:00,0.0
23.08.2024-06:00,0.0
23.08.2024-07:00,0.02
23.08.2024-08:00,0.24
23.08.2024-09:00,0.54
23.08.2024-10:00,0.81
23.08.2024-11:00,1.32
23.08.2024-12:00,1.43
23.08.2024-13:00,3.1
23.08.2024-14:00,3.07
23.08.2024-15:00,2.09
23.08.2024-16:00,0.72
23.08.2024-17:00,0.14
23.08.2024-18:00,0.0
23.08.2024-19:00,0.0
23.08.2024-20:00,0.0
23.08.2024-21:00,0.0
23.08.2024-22:00,0.0
23.08.2024-23:00,0.0
24.08.2024-00:00,0.0
24.08.2024-01:00,0.0
24.08.2024-02:00,0.0
24.08.2024-03:00,0.0
24.08.2024-04:00,0.0
24.08.2024-05:00,0.0
24.08.2024-06:00,0.0
24.08.2024-07:00,0.28
24.08.2024-08:00,1.6
24.08.2024-09:00,3.38
24.08.2024-10:00,4.85
24.08.2024-11:00,4.92
24.08.2024-12:00,5.13
24.08.2024-13:00,3.29
24.08.2024-14:00,2.41
24.08.2024-15:00,1.66
24.08.2024-16:00,0.97
24.08.2024-17:00,0.25
24.08.2024-18:00,0.0
24.08.2024-19:00,0.0
24.08.2024-20:00,0.0
24.08.2024-21:00,0.0
24.08.2024-22:00,0.0
24.08.2024-23:00,0.0
25.08.2024-00:00,0.0
25.08.2024-01:00,0.0
25.08.2024-02:00,0.0
25.08.2024-03:00,0.0
25.08.2024-04:00,0.0
25.08.2024-05:00,0.0
25.08.2024-06:00,0.0
25.08.2024-07:00,0.72
25.08.2024-08:00,1.36
25.08.2024-09:00,2.7
25.08.2024-10:00,2.21
25.08.2024-11:00,3.01
25.08.2024-12:00,3.42
25.08.2024-13:00,3.97
25.08.2024-14:00,3.5
25.08.2024-15:00,1.48
25.08.2024-16:00,0.82
25.08.2024-17:00,0.31
25.08.2024-18:00,0.0
25.08.2024-19:00,0.01
25.08.2024-20:00,0.0
25.08.2024-21:00,0.0
25.08.2024-22:00,0.0
25.08.2024-23:00,0.0
26.08.2024-00:00,0.0
26.08.2024-01:00,0.0
26.08.2024-02:00,0.0
26.08.2024-03:00,0.0
26.08.2024-04:00,0.0
26.08.2024-05:00,0.0
26.08.2024-06:00,0.0
26.08.2024-07:00,0.15
26.08.2024-08:00,0.58
26.08.2024-09:00,1.56
26.08.2024-10:00,1.56
26.08.2024-11:00,2.16
26.08.2024-12:00,4.75
26.08.2024-13:00,5.05
26.08.2024-14:00,4.52
26.08.2024-15:00,3.12
26.08.2024-16:00,1.77
26.08.2024-17:00,0.25
26.08.2024-18:00,0.0
26.08.2024-19:00,0.0
26.08.2024-20:00,0.0
26.08.2024-21:00,0.0
26.08.2024-22:00,0.0
26.08.2024-23:00,0.0
27.08.2024-00:00,0.0
27.08.2024-01:00,0.0
27.08.2024-02:00,0.0
27.08.2024-03:00,0.0
27.08.2024-04:00,0.0
27.08.2024-05:00,0.0
27.08.2024-06:00,0.0
27.08.2024-07:00,0.4
27.08.2024-08:00,1.91
27.08.2024-09:00,3.67
27.08.2024-10:00,4.39
27.08.2024-11:00,5.19
27.08.2024-12:00,4.77
27.08.2024-13:00,5.44
27.08.2024-14:00,4.3
27.08.2024-15:00,3.21
27.08.2024-16:00,1.69
27.08.2024-17:00,0.63
27.08.2024-18:00,0.0
27.08.2024-19:00,0.0
27.08.2024-20:00,0.0
27.08.2024-21:00,0.0
27.08.2024-22:00,0.0
27.08.2024-23:00,0.0
28.08.2024-00:00,0.0
28.08.2024-01:00,0.0
28.08.2024-02:00,0.0
28.08.2024-03:00,0.0
28.08.2024-04:00,0.0
28.08.2024-05:00,0.0
28.08.2024-06:00,0.0
28.08.2024-07:00,0.27
28.08.2024-08:00,0.68
28.08.2024-09:00,1.4
28.08.2024-10:00,4.22
28.08.2024-11:00,5.46
28.08.2024-12:00,5.78
28.08.2024-13:00,5.26
28.08.2024-14:00,4.02
28.08.2024-15:00,3.3
28.08.2024-16:00,1.33
28.08.2024-17:00,0.22
28.08.2024-18:00,0.0
28.08.2024-19:00,0.0
28.08.2024-20:00,0.0
28.08.2024-21:00,0.0
28.08.2024-22:00,0.0
28.08.2024-23:00,0.0
29.08.2024-00:00,0.0
29.08.2024-01:00,0.0
29.08.2024-02:00,0.0
29.08.2024-03:00,0.0
29.08.2024-04:00,0.0
29.08.2024-05:00,0.0
29.08.2024-06:00,0.0
29.08.2024-07:00,0.03
29.08.2024-08:00,0.56
29.08.2024-09:00,0.97
29.08.2024-10:00,1.06
29.08.2024-11:00,1.98
29.08.2024-12:00,1.69
29.08.2024-13:00,0.94
29.08.2024-14:00,1.03
29.08.2024-15:00,1.03
29.08.2024-16:00,0.31
29.08.2024-17:00,0.08
29.08.2024-18:00,0.0
29.08.2024-19:00,0.0
29.08.2024-20:00,0.0
29.08.2024-21:00,0.0
29.08.2024-22:00,0.0
29.08.2024-23:00,0.0
30.08.2024-00:00,0.0
30.08.2024-01:00,0.0
30.08.2024-02:00,0.0
30.08.2024-03:00,0.0
30.08.2024-04:00,0.0
30.08.2024-05:00,0.0
30.08.2024-06:00,0.0
30.08.2024-07:00,0.05
30.08.2024-08:00,0.26
30.08.2024-09:00,0.36
30.08.2024-10:00,0.57
30.08.2024-11:00,0.59
30.08.2024-12:00,1.32
30.08.2024-13:00,1.21
30.08.2024-14:00,0.91
30.08.2024-15:00,0.52
30.08.2024-16:00,0.16
30.08.2024-17:00,0.0
30.08.2024-18:00,0.0
30.08.2024-19:00,0.0
30.08.2024-20:00,0.0
30.08.2024-21:00,0.0
30.08.2024-22:00,0.0
30.08.2024-23:00,0.0
31.08.2024-00:00,0.0
31.08.2024-01:00,0.0
31.08.2024-02:00,0.0
31.08.2024-03:00,0.0
31.08.2024-04:00,0.0
31.08.2024-05:00,0.03
31.08.2024-06:00,0.0
31.08.2024-07:00,0.0
31.08.2024-08:00,0.29
31.08.2024-09:00,0.25
31.08.2024-10:00,1.73
31.08.2024-11:00,1.27
31.08.2024-12:00,0.62
31.08.2024-13:00,0.44
31.08.2024-14:00,0.16
31.08.2024-15:00,0.24
31.08.2024-16:00,0.1
31.08.2024-17:00,0.0
31.08.2024-18:00,0.0
31.08.2024-19:00,0.0
31.08.2024-20:00,0.0
31.08.2024-21:00,0.0
31.08.2024-22:00,0.0
31.08.2024-23:00,0.0
01.09.2024-00:00,0.0
01.09.2024-01:00,0.0
01.09.2024-02:00,0.0
01.09.2024-03:00,0.0
01.09.2024-04:00,0.0
01.09.2024-05:00,0.0
01.09.2024-06:00,0.0
01.09.2024-07:00,0.17
01.09.2024-08:00,0.88
01.09.2024-09:00,2.41
01.09.2024-10:00,2.55
01.09.2024-11:00,2.91
01.09.2024-12:00,2.89
01.09.2024-13:00,3.67
01.09.2024-14:00,2.01
01.09.2024-15:00,1.57
01.09.2024-16:00,0.75
01.09.2024-17:00,0.27
01.09.2024-18:00,0.0
01.09.2024-19:00,0.0
01.09.2024-20:00,0.0
01.09.2024-21:00,0.0
01.09.2024-22:00,0.0
01.09.2024-23:00,0.0
02.09.2024-00:00,0.0
02.09.2024-01:00,0.0
02.09.2024-02:00,0.0
02.09.2024-03:00,0.0
02.09.2024-04:00,0.0
02.09.2024-05:00,0.0
02.09.2024-06:00,0.0
02.09.2024-07:00,0.29
02.09.2024-08:00,1.43
02.09.2024-09:00,2.43
02.09.2024-10:00,2.9
02.09.2024-11:00,1.82
02.09.2024-12:00,1.72
02.09.2024-13:00,1.84
02.09.2024-14:00,1.64
02.09.2024-15:00,1.26
02.09.2024-16:00,0.97
02.09.2024-17:00,0.3
02.09.2024-18:00,0.0
02.09.2024-19:00,0.0
02.09.2024-20:00,0.0
02.09.2024-21:00,0.0
02.09.2024-22:00,0.0
02.09.2024-23:00,0.0
03.09.2024-00:00,0.0
03.09.2024-01:00,0.0
03.09.2024-02:00,0.0
03.09.2024-03:00,0.0
03.09.2024-04:00,0.0
03.09.2024-05:00,0.0
03.09.2024-06:00,0.01
03.09.2024-07:00,0.77
03.09.2024-08:00,1.01
03.09.2024-09:00,2.68
03.09.2024-10:00,3.71
03.09.2024-11:00,4.22
03.09.2024-12:00,3.76
03.09.2024-13:00,4.13
03.09.2024-14:00,4.22
03.09.2024-15:00,3.17
03.09.2024-16:00,1.83
03.09.2024-17:00,0.58
03.09.2024-18:00,0.0
03.09.2024-19:00,0.0
03.09.2024-20:00,0.0
03.09.2024-21:00,0.02
03.09.2024-22:00,0.0
03.09.2024-23:00,0.0
04.09.2024-00:00,0.0
04.09.2024-01:00,0.0
04.09.2024-02:00,0.0
04.09.2024-03:00,0.0
04.09.2024-04:00,0.0
04.09.2024-05:00,0.0
04.09.2024-06:00,0.0
04.09.2024-07:00,0.01
04.09.2024-08:00,0.0
04.09.2024-09:00,0.15
04.09.2024-10:00,0.1
04.09.2024-11:00,0.14
04.09.2024-12:00,0.0
04.09.2024-13:00,0.26
04.09.2024-14:00,0.09
04.09.2024-15:00,0.09
04.09.2024-16:00,0.02
04.09.2024-17:00,0.01
04.09.2024-18:00,0.0
04.09.2024-19:00,0.0
04.09.2024-20:00,0.0
04.09.2024-21:00,0.0
04.09.2024-22:00,0.0
04.09.2024-23:00,0.0
05.09.2024-00:00,0.0
05.09.2024-01:00,0.0
05.09.2024-02:00,0.0
05.09.2024-03:00,0.0
05.09.2024-04:00,0.0
05.09.2024-05:00,0.0
05.09.2024-06:00,0.02
05.09.2024-07:00,1.07
05.09.2024-08:00,2.42
05.09.2024-09:00,3.75
05.09.2024-10:00,5.08
05.09.2024-11:00,5.79
05.09.2024-12:00,6.15
05.09.2024-13:00,5.65
05.09.2024-14:00,4.72
05.09.2024-15:00,3.5
05.09.2024-16:00,2.04
05.09.2024-17:00,0.73
05.09.2024-18:00,0.0
05.09.2024-19:00,0.0
05.09.2024-20:00,0.0
05.09.2024-21:00,0.0
05.09.2024-22:00,0.0
05.09.2024-23:00,0.0
06.09.2024-00:00,0.0
06.09.2024-01:00,0.0
06.09.2024-02:00,0.0
06.09.2024-03:00,0.0
06.09.2024-04:00,0.0
06.09.2024-05:00,0.0
06.09.2024-06:00,0.0
06.09.2024-07:00,0.9
06.09.2024-08:00,2.52
06.09.2024-09:00,4.0
06.09.2024-10:00,5.12
06.09.2024-11:00,5.82
06.09.2024-12:00,5.5
06.09.2024-13:00,5.43
06.09.2024-14:00,4.63
06.09.2024-15:00,3.47
06.09.2024-16:00,1.98
06.09.2024-17:00,0.67
06.09.2024-18:00,0.0
06.09.2024-19:00,0.0
06.09.2024-20:00,0.0
06.09.2024-21:00,0.0
06.09.2024-22:00,0.0
06.09.2024-23:00,0.0
07.09.2024-00:00,0.0
07.09.2024-01:00,0.0
07.09.2024-02:00,0.0
07.09.2024-03:00,0.03
07.09.2024-04:00,0.0
07.09.2024-05:00,0.0
07.09.2024-06:00,0.02
07.09.2024-07:00,0.77
07.09.2024-08:00,1.33
07.09.2024-09:00,2.38
07.09.2024-10:00,3.85
07.09.2024-11:00,4.5
07.09.2024-12:00,4.73
07.09.2024-13:00,4.56
07.09.2024-14:00,3.72
07.09.2024-15:00,2.55
07.09.2024-16:00,1.15
07.09.2024-17:00,0.33
07.09.2024-18:00,0.0
07.09.2024-19:00,0.01
07.09.2024-20:00,0.0
07.09.2024-21:00,0.0
07.09.2024-22:00,0.0
07.09.2024-23:00,0.0
08.09.2024-00:00,0.0
08.09.2024-01:00,0.0
08.09.2024-02:00,0.0
08.09.2024-03:00,0.0
08.09.2024-04:00,0.0
08.09.2024-05:00,0.0
08.09.2024-06:00,0.0
08.09.2024-07:00,0.13
08.09.2024-08:00,0.23
08.09.2024-09:00,0.94
08.09.2024-10:00,0.0
08.09.2024-11:00,0.41
08.09.2024-12:00,0.6
08.09.2024-13:00,1.1
08.09.2024-14:00,0.68
08.09.2024-15:00,0.55
08.09.2024-16:00,0.34
08.09.2024-17:00,0.08
08.09.2024-18:00,0.0
08.09.2024-19:00,0.0
08.09.2024-20:00,0.0
08.09.2024-21:00,0.06
08.09.2024-22:00,0.0
08.09.2024-23:00,0.0
09.09.2024-00:00,0.0
09.09.2024-01:00,0.0
09.09.2024-02:00,0.0
09.09.2024-03:00,0.0
09.09.2024-04:00,0.0
09.09.2024-05:00,0.0
09.09.2024-06:00,0.0
09.09.2024-07:00,0.18
09.09.2024-08:00,0.63
09.09.2024-09:00,0.45
09.09.2024-10:00,0.01
09.09.2024-11:00,0.05
09.09.2024-12:00,0.23
09.09.2024-13:00,0.24
09.09.2024-14:00,0.31
09.09.2024-15:00,0.19
09.09.2024-16:00,0.11
09.09.2024-17:00,0.0
09.09.2024-18:00,0.0
09.09.2024-19:00,0.0
09.09.2024-20:00,0.0
09.09.2024-21:00,0.0
09.09.2024-22:00,0.0
09.09.2024-23:00,0.11
10.09.2024-00:00,0.0
10.09.2024-01:00,0.0
10.09.2024-02:00,0.0
10.09.2024-03:00,0.0
10.09.2024-04:00,0.0
10.09.2024-05:00,0.0
10.09.2024-06:00,0.0
10.09.2024-07:00,0.46
10.09.2024-08:00,0.74
10.09.2024-09:00,1.3
10.09.2024-10:00,3.72
10.09.2024-11:00,5.2
10.09.2024-12:00,4.73
10.09.2024-13:00,3.71
10.09.2024-14:00,2.4
10.09.2024-15:00,1.73
10.09.2024-16:00,0.94
10.09.2024-17:00,0.22
10.09.2024-18:00,0.0
10.09.2024-19:00,0.0
10.09.2024-20:00,0.0
10.09.2024-21:00,0.0
10.09.2024-22:00,0.0
10.09.2024-23:00,0.0
11.09.2024-00:00,0.0
11.09.2024-01:00,0.0
11.09.2024-02:00,0.0
11.09.2024-03:00,0.0
11.09.2024-04:00,0.0
11.09.2024-05:00,0.01
11.09.2024-06:00,0.0
11.09.2024-07:00,0.0
11.09.2024-08:00,0.0
11.09.2024-09:00,0.39
11.09.2024-10:00,0.55
11.09.2024-11:00,0.69
11.09.2024-12:00,0.84
11.09.2024-13:00,0.94
11.09.2024-14:00,0.64
11.09.2024-15:00,0.27
11.09.2024-16:00,0.09
11.09.2024-17:00,0.0
11.09.2024-18:00,0.0
11.09.2024-19:00,0.0
11.09.2024-20:00,0.0
11.09.2024-21:00,0.0
11.09.2024-22:00,0.0
11.09.2024-23:00,0.0
12.09.2024-00:00,0.0
12.09.2024-01:00,0.0
12.09.2024-02:00,0.0
12.09.2024-03:00,0.0
12.09.2024-04:00,0.0
12.09.2024-05:00,0.0
12.09.2024-06:00,0.0
12.09.2024-07:00,0.0
12.09.2024-08:00,0.02
12.09.2024-09:00,0.01
12.09.2024-10:00,0.0
12.09.2024-11:00,0.23
12.09.2024-12:00,0.15
12.09.2024-13:00,0.31
12.09.2024-14:00,0.06
12.09.2024-15:00,0.18
12.09.2024-16:00,0.13
12.09.2024-17:00,0.01
12.09.2024-18:00,0.0
12.09.2024-19:00,0.0
12.09.2024-20:00,0.0
12.09.2024-21:00,0.0
12.09.2024-22:00,0.0
12.09.2024-23:00,0.0
13.09.2024-00:00,0.0
13.09.2024-01:00,0.0
13.09.2024-02:00,0.0
13.09.2024-03:00,0.0
13.09.2024-04:00,0.0
13.09.2024-05:00,0.0
13.09.2024-06:00,0.0
13.09.2024-07:00,0.07
13.09.2024-08:00,0.06
13.09.2024-09:00,1.13
13.09.2024-10:00,0.79
13.09.2024-11:00,0.81
13.09.2024-12:00,0.68
13.09.2024-13:00,0.69
13.09.2024-14:00,0.62
13.09.2024-15:00,0.33
13.09.2024-16:00,0.02
13.09.2024-17:00,0.0
13.09.2024-18:00,0.0
13.09.2024-19:00,0.0
13.09.2024-20:00,0.0
13.09.2024-21:00,0.0
13.09.2024-22:00,0.0
13.09.2024-23:00,0.0
14.09.2024-00:00,0.0
14.09.2024-01:00,0.0
14.09.2024-02:00,0.0
14.09.2024-03:00,0.0
14.09.2024-04:00,0.0
14.09.2024-05:00,0.0
14.09.2024-06:00,0.0
14.09.2024-07:00,0.15
14.09.2024-08:00,1.12
14.09.2024-09:00,2.92
14.09.2024-10:00,3.17
14.09.2024-11:00,4.22
14.09.2024-12:00,5.51
14.09.2024-13:00,5.34
14.09.2024-14:00,4.85
14.09.2024-15:00,3.5
14.09.2024-16:00,2.02
14.09.2024-17:00,0.52
14.09.2024-18:00,0.0
14.09.2024-19:00,0.0
14.09.2024-20:00,0.0
14.09.2024-21:00,0.0
14.09.2024-22:00,0.0
14.09.2024-23:00,0.0
15.09.2024-00:00,0.0
15.09.2024-01:00,0.0
15.09.2024-02:00,0.0
15.09.2024-03:00,0.0
15.09.2024-04:00,0.0
15.09.2024-05:00,0.0
15.09.2024-06:00,0.14
15.09.2024-07:00,1.08
15.09.2024-08:00,2.68
15.09.2024-09:00,4.04
15.09.2024-10:00,5.21
15.09.2024-11:00,3.96
15.09.2024-12:00,5.46
15.09.2024-13:00,5.53
15.09.2024-14:00,4.75
15.09.2024-15:00,3.24
15.09.2024-16:00,1.88
15.09.2024-17:00,0.85
15.09.2024-18:00,0.0
15.09.2024-19:00,0.0
15.09.2024-20:00,0.0
15.09.2024-21:00,0.0
15.09.2024-22:00,0.0
15.09.2024-23:00,0.0
16.09.2024-00:00,0.0
16.09.2024-01:00,0.0
16.09.2024-02:00,0.0
16.09.2024-03:00,0.0
16.09.2024-04:00,0.0
16.09.2024-05:00,0.0
16.09.2024-06:00,0.13
16.09.2024-07:00,1.04
16.09.2024-08:00,1.77
16.09.2024-09:00,3.34
16.09.2024-10:00,5.05
16.09.2024-11:00,5.4
16.09.2024-12:00,3.95
16.09.2024-13:00,5.31
16.09.2024-14:00,2.62
16.09.2024-15:00,2.39
16.09.2024-16:00,1.97
16.09.2024-17:00,0.8
16.09.2024-18:00,0.0
16.09.2024-19:00,0.0
16.09.2024-20:00,0.0
16.09.2024-21:00,0.0
16.09.2024-22:00,0.0
16.09.2024-23:00,0.0
17.09.2024-00:00,0.0
17.09.2024-01:00,0.0
17.09.2024-02:00,0.0
17.09.2024-03:00,0.0
17.09.2024-04:00,0.0
17.09.2024-05:00,0.0
17.09.2024-06:00,0.03
17.09.2024-07:00,0.44
17.09.2024-08:00,1.19
17.09.2024-09:00,3.78
17.09.2024-10:00,5.14
17.09.2024-11:00,5.31
17.09.2024-12:00,5.88
17.09.2024-13:00,5.53
17.09.2024-14:00,4.59
17.09.2024-15:00,3.19
17.09.2024-16:00,1.73
17.09.2024-17:00,0.52
17.09.2024-18:00,0.0
17.09.2024-19:00,0.0
17.09.2024-20:00,0.0
17.09.2024-21:00,0.0
17.09.2024-22:00,0.0
17.09.2024-23:00,0.0
18.09.2024-00:00,0.0
18.09.2024-01:00,0.0
18.09.2024-02:00,0.0
18.09.2024-03:00,0.0
18.09.2024-04:00,0.0
18.09.2024-05:00,0.0
18.09.2024-06:00,0.04
18.09.2024-07:00,0.52
18.09.2024-08:00,1.81
18.09.2024-09:00,3.33
18.09.2024-10:00,4.39
18.09.2024-11:00,3.95
18.09.2024-12:00,4.68
18.09.2024-13:00,4.57
18.09.2024-14:00,5.02
18.09.2024-15:00,3.63
18.09.2024-16:00,1.89
18.09.2024-17:00,0.87
18.09.2024-18:00,0.01
18.09.2024-19:00,0.0
18.09.2024-20:00,0.0
18.09.2024-21:00,0.0
18.09.2024-22:00,0.0
18.09.2024-23:00,0.0
19.09.2024-00:00,0.0
19.09.2024-01:00,0.02
19.09.2024-02:00,0.0
19.09.2024-03:00,0.0
19.09.2024-04:00,0.0
19.09.2024-05:00,0.0
19.09.2024-06:00,0.01
19.09.2024-07:00,0.35
19.09.2024-08:00,2.63
19.09.2024-09:00,3.89
19.09.2024-10:00,4.78
19.09.2024-11:00,5.29
19.09.2024-12:00,5.47
19.09.2024-13:00,3.95
19.09.2024-14:00,3.21
19.09.2024-15:00,1.52
19.09.2024-16:00,0.26
19.09.2024-17:00,0.0
19.09.2024-18:00,0.0
19.09.2024-19:00,0.0
19.09.2024-20:00,0.0
19.09.2024-21:00,0.0
19.09.2024-22:00,0.0
19.09.2024-23:00,0.0
20.09.2024-00:00,0.0
20.09.2024-01:00,0.0
20.09.2024-02:00,0.0
20.09.2024-03:00,0.0
20.09.2024-04:00,0.0
20.09.2024-05:00,0.0
20.09.2024-06:00,0.02
20.09.2024-07:00,0.21
20.09.2024-08:00,0.48
20.09.2024-09:00,0.87
20.09.2024-10:00,1.01
20.09.2024-11:00,1.8
20.09.2024-12:00,1.58
20.09.2024-13:00,2.53
20.09.2024-14:00,1.42
20.09.2024-15:00,0.92
20.09.2024-16:00,0.61
20.09.2024-17:00,0.22
20.09.2024-18:00,0.0
20.09.2024-19:00,0.0
20.09.2024-20:00,0.0
20.09.2024-21:00,0.0
20.09.2024-22:00,0.0
20.09.2024-23:00,0.0
21.09.2024-00:00,0.0
21.09.2024-01:00,0.0
21.09.2024-02:00,0.0
21.09.2024-03:00,0.0
21.09.2024-04:00,0.0
21.09.2024-05:00,0.0
21.09.2024-06:00,0.08
21.09.2024-07:00,0.55
21.09.2024-08:00,1.62
21.09.2024-09:00,2.52
21.09.2024-10:00,2.99
21.09.2024-11:00,4.69
21.09.2024-12:00,4.39
21.09.2024-13:00,4.15
21.09.2024-14:00,3.39
21.09.2024-15:00,3.06
21.09.2024-16:00,1.96
21.09.2024-17:00,0.74
21.09.2024-18:00,0.0
21.09.2024-19:00,0.0
21.09.2024-20:00,0.0
21.09.2024-21:00,0.0
21.09.2024-22:00,0.0
21.09.2024-23:00,0.0
22.09.2024-00:00,0.0
22.09.2024-01:00,0.0
22.09.2024-02:00,0.0
22.09.2024-03:00,0.0
22.09.2024-04:00,0.0
22.09.2024-05:00,0.0
22.09.2024-06:00,0.04
22.09.2024-07:00,0.79
22.09.2024-08:00,2.25
22.09.2024-09:00,3.62
22.09.2024-10:00,5.18
22.09.2024-11:00,5.73
22.09.2024-12:00,5.8
22.09.2024-13:00,5.19
22.09.2024-14:00,3.99
22.09.2024-15:00,2.54
22.09.2024-16:00,1.52
22.09.2024-17:00,0.58
22.09.2024-18:00,0.0
22.09.2024-19:00,0.0
22.09.2024-20:00,0.0
22.09.2024-21:00,0.0
22.09.2024-22:00,0.0
22.09.2024-23:00,0.0
23.09.2024-00:00,0.0
23.09.2024-01:00,0.0
23.09.2024-02:00,0.0
23.09.2024-03:00,0.0
23.09.2024-04:00,0.0
23.09.2024-05:00,0.0
23.09.2024-06:00,0.04
23.09.2024-07:00,0.43
23.09.2024-08:00,0.44
23.09.2024-09:00,0.14
23.09.2024-10:00,0.0
23.09.2024-11:00,0.0
23.09.2024-12:00,0.08
23.09.2024-13:00,0.13
23.09.2024-14:00,0.0
23.09.2024-15:00,0.0
23.09.2024-16:00,0.03
23.09.2024-17:00,0.0
23.09.2024-18:00,0.0
23.09.2024-19:00,0.0
23.09.2024-20:00,0.0
23.09.2024-21:00,0.0
23.09.2024-22:00,0.0
23.09.2024-23:00,0.0
24.09.2024-00:00,0.0
24.09.2024-01:00,0.0
24.09.2024-02:00,0.0
24.09.2024-03:00,0.0
24.09.2024-04:00,0.0
24.09.2024-05:00,0.0
24.09.2024-06:00,0.0
24.09.2024-07:00,0.0
24.09.2024-08:00,0.04
24.09.2024-09:00,0.0
24.09.2024-10:00,0.03
24.09.2024-11:00,0.19
24.09.2024-12:00,0.0
24.09.2024-13:00,0.01
24.09.2024-14:00,0.04
24.09.2024-15:00,0.0
24.09.2024-16:00,0.0
24.09.2024-17:00,0.05
24.09.2024-18:00,0.0
24.09.2024-19:00,0.0
24.09.2024-20:00,0.0
24.09.2024-21:00,0.0
24.09.2024-22:00,0.0
24.09.2024-23:00,0.0
25.09.2024-00:00,0.0
25.09.2024-01:00,0.0
25.09.2024-02:00,0.0
25.09.2024-03:00,0.0
25.09.2024-04:00,0.0
25.09.2024-05:00,0.0
25.09.2024-06:00,0.0
25.09.2024-07:00,0.0
25.09.2024-08:00,0.11
25.09.2024-09:00,0.25
25.09.2024-10:00,0.06
25.09.2024-11:00,0.27
25.09.2024-12:00,0.28
25.09.2024-13:00,0.18
25.09.2024-14:00,0.11
25.09.2024-15:00,0.27
25.09.2024-16:00,0.14
25.09.2024-17:00,0.03
25.09.2024-18:00,0.0
25.09.2024-19:00,0.0
25.09.2024-20:00,0.0
25.09.2024-21:00,0.0
25.09.2024-22:00,0.0
25.09.2024-23:00,0.0
26.09.2024-00:00,0.0
26.09.2024-01:00,0.0
26.09.2024-02:00,0.0
26.09.2024-03:00,0.0
26.09.2024-04:00,0.0
26.09.2024-05:00,0.0
26.09.2024-06:00,0.0
26.09.2024-07:00,0.02
26.09.2024-08:00,0.12
26.09.2024-09:00,0.18
26.09.2024-10:00,0.26
26.09.2024-11:00,0.74
26.09.2024-12:00,2.24
26.09.2024-13:00,1.94
26.09.2024-14:00,1.96
26.09.2024-15:00,1.88
26.09.2024-16:00,0.66
26.09.2024-17:00,0.15
26.09.2024-18:00,0.0
26.09.2024-19:00,0.0
26.09.2024-20:00,0.0
26.09.2024-21:00,0.0
26.09.2024-22:00,0.0
26.09.2024-23:00,0.0
27.09.2024-00:00,0.0
27.09.2024-01:00,0.0
27.09.2024-02:00,0.0
27.09.2024-03:00,0.0
27.09.2024-04:00,0.0
27.09.2024-05:00,0.0
27.09.2024-06:00,0.0
27.09.2024-07:00,0.77
27.09.2024-08:00,2.38
27.09.2024-09:00,2.79
27.09.2024-10:00,4.53
27.09.2024-11:00,4.88
27.09.2024-12:00,6.46
27.09.2024-13:00,5.25
27.09.2024-14:00,5.24
27.09.2024-15:00,4.28
27.09.2024-16:00,2.71
27.09.2024-17:00,1.05
27.09.2024-18:00,0.0
27.09.2024-19:00,0.0
27.09.2024-20:00,0.0
27.09.2024-21:00,0.0
27.09.2024-22:00,0.0
27.09.2024-23:00,0.0
28.09.2024-00:00,0.0
28.09.2024-01:00,0.0
28.09.2024-02:00,0.0
28.09.2024-03:00,0.0
28.09.2024-04:00,0.0
28.09.2024-05:00,0.0
28.09.2024-06:00,0.18
28.09.2024-07:00,1.68
28.09.2024-08:00,3.02
28.09.2024-09:00,4.48
28.09.2024-10:00,5.45
28.09.2024-11:00,5.78
28.09.2024-12:00,6.05
28.09.2024-13:00,5.89
28.09.2024-14:00,4.2
28.09.2024-15:00,3.4
28.09.2024-16:00,2.0
28.09.2024-17:00,0.99
28.09.2024-18:00,0.08
28.09.2024-19:00,0.0
28.09.2024-20:00,0.0
28.09.2024-21:00,0.0
28.09.2024-22:00,0.0
28.09.2024-23:00,0.0
29.09.2024-00:00,0.0
29.09.2024-01:00,0.0
29.09.2024-02:00,0.0
29.09.2024-03:00,0.0
29.09.2024-04:00,0.0
29.09.2024-05:00,0.0
29.09.2024-06:00,0.07
29.09.2024-07:00,0.48
29.09.2024-08:00,2.0
29.09.2024-09:00,4.17
29.09.2024-10:00,5.39
29.09.2024-11:00,5.98
29.09.2024-12:00,6.1
29.09.2024-13:00,5.72
29.09.2024-14:00,4.9
29.09.2024-15:00,3.7
29.09.2024-16:00,2.29
29.09.2024-17:00,0.97
29.09.2024-18:00,0.08
29.09.2024-19:00,0.0
29.09.2024-20:00,0.0
29.09.2024-21:00,0.0
29.09.2024-22:00,0.0
29.09.2024-23:00,0.0
30.09.2024-00:00,0.0
30.09.2024-01:00,0.0
30.09.2024-02:00,0.0
30.09.2024-03:00,0.0
30.09.2024-04:00,0.0
30.09.2024-05:00,0.0
30.09.2024-06:00,0.0
30.09.2024-07:00,0.16
30.09.2024-08:00,0.85
30.09.2024-09:00,1.49
30.09.2024-10:00,1.71
30.09.2024-11:00,2.07
30.09.2024-12:00,4.96
30.09.2024-13:00,3.53
30.09.2024-14:00,1.61
30.09.2024-15:00,1.7
30.09.2024-16:00,1.54
30.09.2024-17:00,0.67
30.09.2024-18:00,0.04
30.09.2024-19:00,0.0
30.09.2024-20:00,0.0
30.09.2024-21:00,0.0
30.09.2024-22:00,0.0
30.09.2024-23:00,0.0
01.10.2024-00:00,0.0
01.10.2024-01:00,0.0
01.10.2024-02:00,0.0
01.10.2024-03:00,0.0
01.10.2024-04:00,0.0
01.10.2024-05:00,0.0
01.10.2024-06:00,0.0
01.10.2024-07:00,0.01
01.10.2024-08:00,0.04
01.10.2024-09:00,0.08
01.10.2024-10:00,0.09
01.10.2024-11:00,0.17
01.10.2024-12:00,0.32
01.10.2024-13:00,0.63
01.10.2024-14:00,0.72
01.10.2024-15:00,0.26
01.10.2024-16:00,0.1
01.10.2024-17:00,0.1
01.10.2024-18:00,0.0
01.10.2024-19:00,0.0
01.10.2024-20:00,0.0
01.10.2024-21:00,0.0
01.10.2024-22:00,0.01
01.10.2024-23:00,0.0
02.10.2024-00:00,0.0
02.10.2024-01:00,0.0
02.10.2024-02:00,0.0
02.10.2024-03:00,0.01
02.10.2024-04:00,0.0
02.10.2024-05:00,0.0
02.10.2024-06:00,0.37
02.10.2024-07:00,1.95
02.10.2024-08:00,2.68
02.10.2024-09:00,3.42
02.10.2024-10:00,5.19
02.10.2024-11:00,4.87
02.10.2024-12:00,6.3
02.10.2024-13:00,5.39
02.10.2024-14:00,4.01
02.10.2024-15:00,3.97
02.10.2024-16:00,2.35
02.10.2024-17:00,0.74
02.10.2024-18:00,0.01
02.10.2024-19:00,0.0
02.10.2024-20:00,0.0
02.10.2024-21:00,0.0
02.10.2024-22:00,0.0
02.10.2024-23:00,0.0
03.10.2024-00:00,0.0
03.10.2024-01:00,0.0
03.10.2024-02:00,0.0
03.10.2024-03:00,0.0
03.10.2024-04:00,0.0
03.10.2024-05:00,0.0
03.10.2024-06:00,0.28
03.10.2024-07:00,1.59
03.10.2024-08:00,2.72
03.10.2024-09:00,3.74
03.10.2024-10:00,4.6
03.10.2024-11:00,4.35
03.10.2024-12:00,4.3
03.10.2024-13:00,3.56
03.10.2024-14:00,2.34
03.10.2024-15:00,3.56
03.10.2024-16:00,2.7
03.10.2024-17:00,1.0
03.10.2024-18:00,0.06
03.10.2024-19:00,0.0
03.10.2024-20:00,0.0
03.10.2024-21:00,0.0
03.10.2024-22:00,0.0
03.10.2024-23:00,0.0
04.10.2024-00:00,0.0
04.10.2024-01:00,0.0
04.10.2024-02:00,0.0
04.10.2024-03:00,0.0
04.10.2024-04:00,0.0
04.10.2024-05:00,0.0
04.10.2024-06:00,0.14
04.10.2024-07:00,1.24
04.10.2024-08:00,2.81
04.10.2024-09:00,4.02
04.10.2024-10:00,3.61
04.10.2024-11:00,4.1
04.10.2024-12:00,4.01
04.10.2024-13:00,4.44
04.10.2024-14:00,3.77
04.10.2024-15:00,3.64
04.10.2024-16:00,2.39
04.10.2024-17:00,1.08
04.10.2024-18:00,0.09
04.10.2024-19:00,0.0
04.10.2024-20:00,0.0
04.10.2024-21:00,0.0
04.10.2024-22:00,0.0
04.10.2024-23:00,0.0
05.10.2024-00:00,0.0
05.10.2024-01:00,0.0
05.10.2024-02:00,0.0
05.10.2024-03:00,0.0
05.10.2024-04:00,0.0
05.10.2024-05:00,0.0
05.10.2024-06:00,0.31
05.10.2024-07:00,1.66
05.10.2024-08:00,3.15
05.10.2024-09:00,3.7
05.10.2024-10:00,4.77
05.10.2024-11:00,4.91
05.10.2024-12:00,5.42
05.10.2024-13:00,5.9
05.10.2024-14:00,5.1
05.10.2024-15:00,3.86
05.10.2024-16:00,2.39
05.10.2024-17:00,0.79
05.10.2024-18:00,0.04
05.10.2024-19:00,0.0
05.10.2024-20:00,0.0
05.10.2024-21:00,0.0
05.10.2024-22:00,0.0
05.10.2024-23:00,0.0
06.10.2024-00:00,0.0
06.10.2024-01:00,0.0
06.10.2024-02:00,0.0
06.10.2024-03:00,0.0
06.10.2024-04:00,0.0
06.10.2024-05:00,0.0
06.10.2024-06:00,0.64
06.10.2024-07:00,1.83
06.10.2024-08:00,3.0
06.10.2024-09:00,4.59
06.10.2024-10:00,4.61
06.10.2024-11:00,5.12
06.10.2024-12:00,4.37
06.10.2024-13:00,5.84
06.10.2024-14:00,5.07
06.10.2024-15:00,3.09
06.10.2024-16:00,1.95
06.10.2024-17:00,0.9
06.10.2024-18:00,0.0
06.10.2024-19:00,0.0
06.10.2024-20:00,0.0
06.10.2024-21:00,0.0
06.10.2024-22:00,0.0
06.10.2024-23:00,0.0
07.10.2024-00:00,0.0
07.10.2024-01:00,0.0
07.10.2024-02:00,0.0
07.10.2024-03:00,0.0
07.10.2024-04:00,0.0
07.10.2024-05:00,0.0
07.10.2024-06:00,0.0
07.10.2024-07:00,0.71
07.10.2024-08:00,2.16
07.10.2024-09:00,3.13
07.10.2024-10:00,1.9
07.10.2024-11:00,1.88
07.10.2024-12:00,3.04
07.10.2024-13:00,1.82
07.10.2024-14:00,1.39
07.10.2024-15:00,1.1
07.10.2024-16:00,0.77
07.10.2024-17:00,0.0
07.10.2024-18:00,0.0
07.10.2024-19:00,0.0
07.10.2024-20:00,0.0
07.10.2024-21:00,0.0
07.10.2024-22:00,0.0
07.10.2024-23:00,0.0
08.10.2024-00:00,0.0
08.10.2024-01:00,0.0
08.10.2024-02:00,0.0
08.10.2024-03:00,0.0
08.10.2024-04:00,0.0
08.10.2024-05:00,0.0
08.10.2024-06:00,0.0
08.10.2024-07:00,0.0
08.10.2024-08:00,0.78
08.10.2024-09:00,0.44
08.10.2024-10:00,1.26
08.10.2024-11:00,2.08
08.10.2024-12:00,1.84
08.10.2024-13:00,1.91
08.10.2024-14:00,1.55
08.10.2024-15:00,0.97
08.10.2024-16:00,0.49
08.10.2024-17:00,0.33
08.10.2024-18:00,0.0
08.10.2024-19:00,0.0
08.10.2024-20:00,0.0
08.10.2024-21:00,0.0
08.10.2024-22:00,0.0
08.10.2024-23:00,0.0
09.10.2024-00:00,0.0
09.10.2024-01:00,0.0
09.10.2024-02:00,0.0
09.10.2024-03:00,0.0
09.10.2024-04:00,0.0
09.10.2024-05:00,0.0
09.10.2024-06:00,0.0
09.10.2024-07:00,1.42
09.10.2024-08:00,2.2
09.10.2024-09:00,2.69
09.10.2024-10:00,3.88
09.10.2024-11:00,3.5
09.10.2024-12:00,4.45
09.10.2024-13:00,4.73
09.10.2024-14:00,3.59
09.10.2024-15:00,2.15
09.10.2024-16:00,1.09
09.10.2024-17:00,0.59
09.10.2024-18:00,0.05
09.10.2024-19:00,0.0
09.10.2024-20:00,0.0
09.10.2024-21:00,0.0
09.10.2024-22:00,0.0
09.10.2024-23:00,0.0
10.10.2024-00:00,0.0
10.10.2024-01:00,0.0
10.10.2024-02:00,0.0
10.10.2024-03:00,0.0
10.10.2024-04:00,0.0
10.10.2024-05:00,0.0
10.10.2024-06:00,0.08
10.10.2024-07:00,0.41
10.10.2024-08:00,0.36
10.10.2024-09:00,1.16
10.10.2024-10:00,1.73
10.10.2024-11:00,1.57
10.10.2024-12:00,1.56
10.10.2024-13:00,2.1
10.10.2024-14:00,0.98
10.10.2024-15:00,0.54
10.10.2024-16:00,0.33
10.10.2024-17:00,0.13
10.10.2024-18:00,0.01
10.10.2024-19:00,0.0
10.10.2024-20:00,0.0
10.10.2024-21:00,0.0
10.10.2024-22:00,0.0
10.10.2024-23:00,0.0
11.10.2024-00:00,0.0
11.10.2024-01:00,0.06
11.10.2024-02:00,0.0
11.10.2024-03:00,0.0
11.10.2024-04:00,0.0
11.10.2024-05:00,0.0
11.10.2024-06:00,0.08
11.10.2024-07:00,0.21
11.10.2024-08:00,0.06
11.10.2024-09:00,0.3
11.10.2024-10:00,1.81
11.10.2024-11:00,1.84
11.10.2024-12:00,1.48
11.10.2024-13:00,1.81
11.10.2024-14:00,1.38
11.10.2024-15:00,1.45
11.10.2024-16:00,1.52
11.10.2024-17:00,0.3
11.10.2024-18:00,0.0
11.10.2024-19:00,0.0
11.10.2024-20:00,0.0
11.10.2024-21:00,0.0
11.10.2024-22:00,0.0
11.10.2024-23:00,0.0
12.10.2024-00:00,0.0
12.10.2024-01:00,0.0
12.10.2024-02:00,0.0
12.10.2024-03:00,0.0
12.10.2024-04:00,0.0
12.10.2024-05:00,0.0
12.10.2024-06:00,0.24
12.10.2024-07:00,1.73
12.10.2024-08:00,2.4
12.10.2024-09:00,3.54
12.10.2024-10:00,5.68
12.10.2024-11:00,6.66
12.10.2024-12:00,6.75
12.10.2024-13:00,6.34
12.10.2024-14:00,5.44
12.10.2024-15:00,4.17
12.10.2024-16:00,2.63
12.10.2024-17:00,1.29
12.10.2024-18:00,0.17
12.10.2024-19:00,0.0
12.10.2024-20:00,0.0
12.10.2024-21:00,0.0
12.10.2024-22:00,0.0
12.10.2024-23:00,0.0
13.10.2024-00:00,0.0
13.10.2024-01:00,0.0
13.10.2024-02:00,0.0
13.10.2024-03:00,0.02
13.10.2024-04:00,0.0
13.10.2024-05:00,0.0
13.10.2024-06:00,0.7
13.10.2024-07:00,1.74
13.10.2024-08:00,2.74
13.10.2024-09:00,4.2
13.10.2024-10:00,5.25
13.10.2024-11:00,5.76
13.10.2024-12:00,5.43
13.10.2024-13:00,5.77
13.10.2024-14:00,3.61
13.10.2024-15:00,2.4
13.10.2024-16:00,1.68
13.10.2024-17:00,1.13
13.10.2024-18:00,0.11
13.10.2024-19:00,0.0
13.10.2024-20:00,0.0
13.10.2024-21:00,0.0
13.10.2024-22:00,0.0
13.10.2024-23:00,0.0
14.10.2024-00:00,0.0
14.10.2024-01:00,0.0
14.10.2024-02:00,0.0
14.10.2024-03:00,0.0
14.10.2024-04:00,0.0
14.10.2024-05:00,0.0
14.10.2024-06:00,0.17
14.10.2024-07:00,0.52
14.10.2024-08:00,2.09
14.10.2024-09:00,4.22
14.10.2024-10:00,5.25
14.10.2024-11:00,6.08
14.10.2024-12:00,5.41
14.10.2024-13:00,4.68
14.10.2024-14:00,3.24
14.10.2024-15:00,2.15
14.10.2024-16:00,0.93
14.10.2024-17:00,0.43
14.10.2024-18:00,0.0
14.10.2024-19:00,0.0
14.10.2024-20:00,0.0
14.10.2024-21:00,0.0
14.10.2024-22:00,0.0
14.10.2024-23:00,0.0
15.10.2024-00:00,0.0
15.10.2024-01:00,0.0
15.10.2024-02:00,0.0
15.10.2024-03:00,0.0
15.10.2024-04:00,0.0
15.10.2024-05:00,0.02
15.10.2024-06:00,0.0
15.10.2024-07:00,0.0
15.10.2024-08:00,1.11
15.10.2024-09:00,0.93
15.10.2024-10:00,2.25
15.10.2024-11:00,2.55
15.10.2024-12:00,1.87
15.10.2024-13:00,2.94
15.10.2024-14:00,3.67
15.10.2024-15:00,2.25
15.10.2024-16:00,1.05
15.10.2024-17:00,0.72
15.10.2024-18:00,0.05
15.10.2024-19:00,0.0
15.10.2024-20:00,0.0
15.10.2024-21:00,0.0
15.10.2024-22:00,0.0
15.10.2024-23:00,0.0
16.10.2024-00:00,0.0
16.10.2024-01:00,0.0
16.10.2024-02:00,0.0
16.10.2024-03:00,0.0
16.10.2024-04:00,0.0
16.10.2024-05:00,0.0
16.10.2024-06:00,0.17
16.10.2024-07:00,1.36
16.10.2024-08:00,2.86
16.10.2024-09:00,4.21
16.10.2024-10:00,4.46
16.10.2024-11:00,6.17
16.10.2024-12:00,6.93
16.10.2024-13:00,6.49
16.10.2024-14:00,5.62
16.10.2024-15:00,4.27
16.10.2024-16:00,2.72
16.10.2024-17:00,1.26
16.10.2024-18:00,0.22
16.10.2024-19:00,0.0
16.10.2024-20:00,0.0
16.10.2024-21:00,0.0
16.10.2024-22:00,0.0
16.10.2024-23:00,0.0
17.10.2024-00:00,0.0
17.10.2024-01:00,0.0
17.10.2024-02:00,0.0
17.10.2024-03:00,0.0
17.10.2024-04:00,0.0
17.10.2024-05:00,0.01
17.10.2024-06:00,0.4
17.10.2024-07:00,0.79
17.10.2024-08:00,3.04
17.10.2024-09:00,2.83
17.10.2024-10:00,3.38
17.10.2024-11:00,6.01
17.10.2024-12:00,6.77
17.10.2024-13:00,6.11
17.10.2024-14:00,4.87
17.10.2024-15:00,3.19
17.10.2024-16:00,2.42
17.10.2024-17:00,0.7
17.10.2024-18:00,0.04
17.10.2024-19:00,0.0
17.10.2024-20:00,0.0
17.10.2024-21:00,0.0
17.10.2024-22:00,0.0
17.10.2024-23:00,0.0
18.10.2024-00:00,0.0
18.10.2024-01:00,0.0
18.10.2024-02:00,0.0
18.10.2024-03:00,0.0
18.10.2024-04:00,0.0
18.10.2024-05:00,0.0
18.10.2024-06:00,0.05
18.10.2024-07:00,0.67
18.10.2024-08:00,1.29
18.10.2024-09:00,2.0
18.10.2024-10:00,4.39
18.10.2024-11:00,5.06
18.10.2024-12:00,5.68
18.10.2024-13:00,4.65
18.10.2024-14:00,4.27
18.10.2024-15:00,3.61
18.10.2024-16:00,2.49
18.10.2024-17:00,0.58
18.10.2024-18:00,0.03
18.10.2024-19:00,0.0
18.10.2024-20:00,0.0
18.10.2024-21:00,0.0
18.10.2024-22:00,0.0
18.10.2024-23:00,0.0
19.10.2024-00:00,0.0
19.10.2024-01:00,0.0
19.10.2024-02:00,0.0
19.10.2024-03:00,0.0
19.10.2024-04:00,0.0
19.10.2024-05:00,0.0
19.10.2024-06:00,0.5
19.10.2024-07:00,2.49
19.10.2024-08:00,3.38
19.10.2024-09:00,4.92
19.10.2024-10:00,5.68
19.10.2024-11:00,6.95
19.10.2024-12:00,6.89
19.10.2024-13:00,6.14
19.10.2024-14:00,4.75
19.10.2024-15:00,3.77
19.10.2024-16:00,2.21
19.10.2024-17:00,1.17
19.10.2024-18:00,0.14
19.10.2024-19:00,0.0
19.10.2024-20:00,0.0
19.10.2024-21:00,0.0
19.10.2024-22:00,0.0
19.10.2024-23:00,0.0
20.10.2024-00:00,0.0
20.10.2024-01:00,0.0
20.10.2024-02:00,0.0
20.10.2024-03:00,0.0
20.10.2024-04:00,0.0
20.10.2024-05:00,0.0
20.10.2024-06:00,1.17
20.10.2024-07:00,2.23
20.10.2024-08:00,3.52
20.10.2024-09:00,4.97
20.10.2024-10:00,6.31
20.10.2024-11:00,5.61
20.10.2024-12:00,6.15
20.10.2024-13:00,6.04
20.10.2024-14:00,5.57
20.10.2024-15:00,3.9
20.10.2024-16:00,2.45
20.10.2024-17:00,0.99
20.10.2024-18:00,0.12
20.10.2024-19:00,0.0
20.10.2024-20:00,0.0
20.10.2024-21:00,0.0
20.10.2024-22:00,0.0
20.10.2024-23:00,0.0
21.10.2024-00:00,0.0
21.10.2024-01:00,0.0
21.10.2024-02:00,0.0
21.10.2024-03:00,0.0
21.10.2024-04:00,0.0
21.10.2024-05:00,0.0
21.10.2024-06:00,0.66
21.10.2024-07:00,2.26
21.10.2024-08:00,3.73
21.10.2024-09:00,5.07
21.10.2024-10:00,5.93
21.10.2024-11:00,6.36
21.10.2024-12:00,6.35
21.10.2024-13:00,6.05
21.10.2024-14:00,5.21
21.10.2024-15:00,4.01
21.10.2024-16:00,2.49
21.10.2024-17:00,1.16
21.10.2024-18:00,0.13
21.10.2024-19:00,0.0
21.10.2024-20:00,0.0
21.10.2024-21:00,0.0
21.10.2024-22:00,0.0
21.10.2024-23:00,0.0
22.10.2024-00:00,0.0
22.10.2024-01:00,0.0
22.10.2024-02:00,0.0
22.10.2024-03:00,0.0
22.10.2024-04:00,0.0
22.10.2024-05:00,0.0
22.10.2024-06:00,0.92
22.10.2024-07:00,2.12
22.10.2024-08:00,3.58
22.10.2024-09:00,4.86
22.10.2024-10:00,5.77
22.10.2024-11:00,6.22
22.10.2024-12:00,6.28
22.10.2024-13:00,5.88
22.10.2024-14:00,4.82
22.10.2024-15:00,4.0
22.10.2024-16:00,2.57
22.10.2024-17:00,1.21
22.10.2024-18:00,0.12
22.10.2024-19:00,0.0
22.10.2024-20:00,0.0
22.10.2024-21:00,0.0
22.10.2024-22:00,0.0
22.10.2024-23:00,0.0
23.10.2024-00:00,0.0
23.10.2024-01:00,0.0
23.10.2024-02:00,0.0
23.10.2024-03:00,0.0
23.10.2024-04:00,0.0
23.10.2024-05:00,0.0
23.10.2024-06:00,0.05
23.10.2024-07:00,0.28
23.10.2024-08:00,0.49
23.10.2024-09:00,0.89
23.10.2024-10:00,2.5
23.10.2024-11:00,4.01
23.10.2024-12:00,4.87
23.10.2024-13:00,2.82
23.10.2024-14:00,1.44
23.10.2024-15:00,0.72
23.10.2024-16:00,0.49
23.10.2024-17:00,0.31
23.10.2024-18:00,0.0
23.10.2024-19:00,0.0
23.10.2024-20:00,0.0
23.10.2024-21:00,0.0
23.10.2024-22:00,0.0
23.10.2024-23:00,0.0
24.10.2024-00:00,0.0
24.10.2024-01:00,0.0
24.10.2024-02:00,0.0
24.10.2024-03:00,0.0
24.10.2024-04:00,0.0
24.10.2024-05:00,0.0
24.10.2024-06:00,0.01
24.10.2024-07:00,1.06
24.10.2024-08:00,0.61
24.10.2024-09:00,0.09
24.10.2024-10:00,0.21
24.10.2024-11:00,0.38
24.10.2024-12:00,0.99
24.10.2024-13:00,2.54
24.10.2024-14:00,1.96
24.10.2024-15:00,3.45
24.10.2024-16:00,1.6
24.10.2024-17:00,1.21
24.10.2024-18:00,0.02
24.10.2024-19:00,0.0
24.10.2024-20:00,0.0
24.10.2024-21:00,0.0
24.10.2024-22:00,0.0
24.10.2024-23:00,0.0
25.10.2024-00:00,0.0
25.10.2024-01:00,0.0
25.10.2024-02:00,0.0
25.10.2024-03:00,0.0
25.10.2024-04:00,0.0
25.10.2024-05:00,0.0
25.10.2024-06:00,0.42
25.10.2024-07:00,1.08
25.10.2024-08:00,2.21
25.10.2024-09:00,3.56
25.10.2024-10:00,5.19
25.10.2024-11:00,5.89
25.10.2024-12:00,6.75
25.10.2024-13:00,6.7
25.10.2024-14:00,5.13
25.10.2024-15:00,4.01
25.10.2024-16:00,2.98
25.10.2024-17:00,1.46
25.10.2024-18:00,0.28
25.10.2024-19:00,0.0
25.10.2024-20:00,0.0
25.10.2024-21:00,0.0
25.10.2024-22:00,0.0
25.10.2024-23:00,0.0
26.10.2024-00:00,0.0
26.10.2024-01:00,0.0
26.10.2024-02:00,0.0
26.10.2024-03:00,0.0
26.10.2024-04:00,0.0
26.10.2024-05:00,0.0
26.10.2024-06:00,1.2
26.10.2024-07:00,2.73
26.10.2024-08:00,4.47
26.10.2024-09:00,5.48
26.10.2024-10:00,6.08
26.10.2024-11:00,6.05
26.10.2024-12:00,5.97
26.10.2024-13:00,6.13
26.10.2024-14:00,5.56
26.10.2024-15:00,4.66
26.10.2024-16:00,3.04
26.10.2024-17:00,1.45
26.10.2024-18:00,0.29
26.10.2024-19:00,0.0
26.10.2024-20:00,0.0
26.10.2024-21:00,0.0
26.10.2024-22:00,0.0
26.10.2024-23:00,0.0
27.10.2024-00:00,0.0
27.10.2024-01:00,0.0
27.10.2024-02:00,0.0
27.10.2024-03:00,0.0
27.10.2024-04:00,0.01
27.10.2024-05:00,0.1
27.10.2024-06:00,1.25
27.10.2024-07:00,2.6
27.10.2024-08:00,4.2
27.10.2024-09:00,5.63
27.10.2024-10:00,6.57
27.10.2024-11:00,7.06
27.10.2024-12:00,7.08
27.10.2024-13:00,6.66
27.10.2024-14:00,5.81
27.10.2024-15:00,4.57
27.10.2024-16:00,2.98
27.10.2024-17:00,1.47
27.10.2024-18:00,0.28
27.10.2024-19:00,0.0
27.10.2024-20:00,0.0
27.10.2024-21:00,0.0
27.10.2024-22:00,0.01
27.10.2024-23:00,0.0
28.10.2024-00:00,0.0
28.10.2024-01:00,0.0
28.10.2024-02:00,0.0
28.10.2024-03:00,0.0
28.10.2024-04:00,0.0
28.10.2024-05:00,0.11
28.10.2024-06:00,1.24
28.10.2024-07:00,2.57
28.10.2024-08:00,4.36
28.10.2024-09:00,4.92
28.10.2024-10:00,5.74
28.10.2024-11:00,6.52
28.10.2024-12:00,6.47
28.10.2024-13:00,5.22
28.10.2024-14:00,4.97
28.10.2024-15:00,2.75
28.10.2024-16:00,2.18
28.10.2024-17:00,1.28
28.10.2024-18:00,0.16
28.10.2024-19:00,0.0
28.10.2024-20:00,0.0
28.10.2024-21:00,0.0
28.10.2024-22:00,0.0
28.10.2024-23:00,0.0
29.10.2024-00:00,0.0
29.10.2024-01:00,0.0
29.10.2024-02:00,0.0
29.10.2024-03:00,0.0
29.10.2024-04:00,0.0
29.10.2024-05:00,0.04
29.10.2024-06:00,1.19
29.10.2024-07:00,1.63
29.10.2024-08:00,3.29
29.10.2024-09:00,4.63
29.10.2024-10:00,5.39
29.10.2024-11:00,5.52
29.10.2024-12:00,6.93
29.10.2024-13:00,6.66
29.10.2024-14:00,4.7
29.10.2024-15:00,4.0
29.10.2024-16:00,2.4
29.10.2024-17:00,0.45
29.10.2024-18:00,0.08
29.10.2024-19:00,0.0
29.10.2024-20:00,0.0
29.10.2024-21:00,0.0
29.10.2024-22:00,0.0
29.10.2024-23:00,0.0
30.10.2024-00:00,0.0
30.10.2024-01:00,0.0
30.10.2024-02:00,0.0
30.10.2024-03:00,0.0
30.10.2024-04:00,0.0
30.10.2024-05:00,0.0
30.10.2024-06:00,0.31
30.10.2024-07:00,1.27
30.10.2024-08:00,2.45
30.10.2024-09:00,3.31
30.10.2024-10:00,3.52
30.10.2024-11:00,6.55
30.10.2024-12:00,6.62
30.10.2024-13:00,6.2
30.10.2024-14:00,5.3
30.10.2024-15:00,4.35
30.10.2024-16:00,2.91
30.10.2024-17:00,1.44
30.10.2024-18:00,0.27
30.10.2024-19:00,0.0
30.10.2024-20:00,0.0
30.10.2024-21:00,0.0
30.10.2024-22:00,0.0
30.10.2024-23:00,0.0
31.10.2024-00:00,0.0
31.10.2024-01:00,0.0
31.10.2024-02:00,0.0
31.10.2024-03:00,0.0
31.10.2024-04:00,0.0
31.10.2024-05:00,0.0
31.10.2024-06:00,0.33
31.10.2024-07:00,1.67
31.10.2024-08:00,3.62
31.10.2024-09:00,3.7
31.10.2024-10:00,4.79
31.10.2024-11:00,6.38
31.10.2024-12:00,7.13
31.10.2024-13:00,6.73
31.10.2024-14:00,5.64
31.10.2024-15:00,3.84
31.10.2024-16:00,2.79
31.10.2024-17:00,1.04
31.10.2024-18:00,0.09
31.10.2024-19:00,0.0
31.10.2024-20:00,0.0
31.10.2024-21:00,0.0
31.10.2024-22:00,0.0
31.10.2024-23:00,0.0
01.11.2024-00:00,0.0
01.11.2024-01:00,0.0
01.11.2024-02:00,0.0
01.11.2024-03:00,0.0
01.11.2024-04:00,0.0
01.11.2024-05:00,0.0
01.11.2024-06:00,0.94
01.11.2024-07:00,2.16
01.11.2024-08:00,3.45
01.11.2024-09:00,5.05
01.11.2024-10:00,5.24
01.11.2024-11:00,5.75
01.11.2024-12:00,5.41
01.11.2024-13:00,6.05
01.11.2024-14:00,4.88
01.11.2024-15:00,3.07
01.11.2024-16:00,1.49
01.11.2024-17:00,0.42
01.11.2024-18:00,0.0
01.11.2024-19:00,0.0
01.11.2024-20:00,0.0
01.11.2024-21:00,0.0
01.11.2024-22:00,0.0
01.11.2024-23:00,0.0
02.11.2024-00:00,0.0
02.11.2024-01:00,0.0
02.11.2024-02:00,0.0
02.11.2024-03:00,0.0
02.11.2024-04:00,0.0
02.11.2024-05:00,0.0
02.11.2024-06:00,0.23
02.11.2024-07:00,2.04
02.11.2024-08:00,2.7
02.11.2024-09:00,2.7
02.11.2024-10:00,5.33
02.11.2024-11:00,3.54
02.11.2024-12:00,3.38
02.11.2024-13:00,5.78
02.11.2024-14:00,4.19
02.11.2024-15:00,4.13
02.11.2024-16:00,1.07
02.11.2024-17:00,0.0
02.11.2024-18:00,0.0
02.11.2024-19:00,0.0
02.11.2024-20:00,0.0
02.11.2024-21:00,0.0
02.11.2024-22:00,0.0
02.11.2024-23:00,0.0
03.11.2024-00:00,0.0
03.11.2024-01:00,0.0
03.11.2024-02:00,0.0
03.11.2024-03:00,0.0
03.11.2024-04:00,0.0
03.11.2024-05:00,0.0
03.11.2024-06:00,0.46
03.11.2024-07:00,0.93
03.11.2024-08:00,1.39
03.11.2024-09:00,1.14
03.11.2024-10:00,1.26
03.11.2024-11:00,2.5
03.11.2024-12:00,2.82
03.11.2024-13:00,2.56
03.11.2024-14:00,4.13
03.11.2024-15:00,4.5
03.11.2024-16:00,2.62
03.11.2024-17:00,1.29
03.11.2024-18:00,0.11
03.11.2024-19:00,0.0
03.11.2024-20:00,0.0
03.11.2024-21:00,0.0
03.11.2024-22:00,0.0
03.11.2024-23:00,0.0
04.11.2024-00:00,0.0
04.11.2024-01:00,0.0
04.11.2024-02:00,0.0
04.11.2024-03:00,0.0
04.11.2024-04:00,0.0
04.11.2024-05:00,0.01
04.11.2024-06:00,0.84
04.11.2024-07:00,1.46
04.11.2024-08:00,3.71
04.11.2024-09:00,4.07
04.11.2024-10:00,5.77
04.11.2024-11:00,5.64
04.11.2024-12:00,2.42
04.11.2024-13:00,4.59
04.11.2024-14:00,2.5
04.11.2024-15:00,3.37
04.11.2024-16:00,2.08
04.11.2024-17:00,0.88
04.11.2024-18:00,0.02
04.11.2024-19:00,0.0
04.11.2024-20:00,0.0
04.11.2024-21:00,0.0
04.11.2024-22:00,0.0
04.11.2024-23:00,0.0
05.11.2024-00:00,0.0
05.11.2024-01:00,0.0
05.11.2024-02:00,0.0
05.11.2024-03:00,0.0
05.11.2024-04:00,0.0
05.11.2024-05:00,0.0
05.11.2024-06:00,0.55
05.11.2024-07:00,0.51
05.11.2024-08:00,1.82
05.11.2024-09:00,2.47
05.11.2024-10:00,4.57
05.11.2024-11:00,6.57
05.11.2024-12:00,5.48
05.11.2024-13:00,4.04
05.11.2024-14:00,3.25
05.11.2024-15:00,1.79
05.11.2024-16:00,1.38
05.11.2024-17:00,0.69
05.11.2024-18:00,0.07
05.11.2024-19:00,0.0
05.11.2024-20:00,0.0
05.11.2024-21:00,0.0
05.11.2024-22:00,0.0
05.11.2024-23:00,0.0
06.11.2024-00:00,0.0
06.11.2024-01:00,0.0
06.11.2024-02:00,0.0
06.11.2024-03:00,0.0
06.11.2024-04:00,0.0
06.11.2024-05:00,0.01
06.11.2024-06:00,0.34
06.11.2024-07:00,0.99
06.11.2024-08:00,0.96
06.11.2024-09:00,1.03
06.11.2024-10:00,1.77
06.11.2024-11:00,2.18
06.11.2024-12:00,2.28
06.11.2024-13:00,1.78
06.11.2024-14:00,1.64
06.11.2024-15:00,0.72
06.11.2024-16:00,0.21
06.11.2024-17:00,0.09
06.11.2024-18:00,0.02
06.11.2024-19:00,0.0
06.11.2024-20:00,0.0
06.11.2024-21:00,0.0
06.11.2024-22:00,0.0
06.11.2024-23:00,0.0
07.11.2024-00:00,0.0
07.11.2024-01:00,0.0
07.11.2024-02:00,0.0
07.11.2024-03:00,0.0
07.11.2024-04:00,0.0
07.11.2024-05:00,0.0
07.11.2024-06:00,0.1
07.11.2024-07:00,0.68
07.11.2024-08:00,0.66
07.11.2024-09:00,0.57
07.11.2024-10:00,0.21
07.11.2024-11:00,5.03
07.11.2024-12:00,4.38
07.11.2024-13:00,1.77
07.11.2024-14:00,1.47
07.11.2024-15:00,0.85
07.11.2024-16:00,0.63
07.11.2024-17:00,0.24
07.11.2024-18:00,0.04
07.11.2024-19:00,0.0
07.11.2024-20:00,0.0
07.11.2024-21:00,0.0
07.11.2024-22:00,0.0
07.11.2024-23:00,0.0
08.11.2024-00:00,0.0
08.11.2024-01:00,0.0
08.11.2024-02:00,0.0
08.11.2024-03:00,0.0
08.11.2024-04:00,0.0
08.11.2024-05:00,0.0
08.11.2024-06:00,1.47
08.11.2024-07:00,2.74
08.11.2024-08:00,3.57
08.11.2024-09:00,5.57
08.11.2024-10:00,6.65
08.11.2024-11:00,6.17
08.11.2024-12:00,5.96
08.11.2024-13:00,6.49
08.11.2024-14:00,5.27
08.11.2024-15:00,2.81
08.11.2024-16:00,1.26
08.11.2024-17:00,0.69
08.11.2024-18:00,0.24
08.11.2024-19:00,0.0
08.11.2024-20:00,0.0
08.11.2024-21:00,0.0
08.11.2024-22:00,0.0
08.11.2024-23:00,0.0
09.11.2024-00:00,0.0
09.11.2024-01:00,0.0
09.11.2024-02:00,0.0
09.11.2024-03:00,0.0
09.11.2024-04:00,0.0
09.11.2024-05:00,0.0
09.11.2024-06:00,0.45
09.11.2024-07:00,1.65
09.11.2024-08:00,4.38
09.11.2024-09:00,5.16
09.11.2024-10:00,4.9
09.11.2024-11:00,6.39
09.11.2024-12:00,5.28
09.11.2024-13:00,5.68
09.11.2024-14:00,5.33
09.11.2024-15:00,4.26
09.11.2024-16:00,3.7
09.11.2024-17:00,1.56
09.11.2024-18:00,0.49
09.11.2024-19:00,0.0
09.11.2024-20:00,0.0
09.11.2024-21:00,0.0
09.11.2024-22:00,0.0
09.11.2024-23:00,0.0
10.11.2024-00:00,0.0
10.11.2024-01:00,0.0
10.11.2024-02:00,0.0
10.11.2024-03:00,0.0
10.11.2024-04:00,0.0
10.11.2024-05:00,0.0
10.11.2024-06:00,0.95
10.11.2024-07:00,2.43
10.11.2024-08:00,3.34
10.11.2024-09:00,5.2
10.11.2024-10:00,6.9
10.11.2024-11:00,7.38
10.11.2024-12:00,7.4
10.11.2024-13:00,6.97
10.11.2024-14:00,6.15
10.11.2024-15:00,4.9
10.11.2024-16:00,3.31
10.11.2024-17:00,1.69
10.11.2024-18:00,0.32
10.11.2024-19:00,0.0
10.11.2024-20:00,0.0
10.11.2024-21:00,0.0
10.11.2024-22:00,0.0
10.11.2024-23:00,0.0
11.11.2024-00:00,0.0
11.11.2024-01:00,0.0
11.11.2024-02:00,0.0
11.11.2024-03:00,0.0
11.11.2024-04:00,0.0
11.11.2024-05:00,0.18
11.11.2024-06:00,1.51
11.11.2024-07:00,2.71
11.11.2024-08:00,3.66
11.11.2024-09:00,5.34
11.11.2024-10:00,5.42
11.11.2024-11:00,3.6
11.11.2024-12:00,1.95
11.11.2024-13:00,0.72
11.11.2024-14:00,0.82
11.11.2024-15:00,0.33
11.11.2024-16:00,0.15
11.11.2024-17:00,0.07
11.11.2024-18:00,0.0
11.11.2024-19:00,0.0
11.11.2024-20:00,0.0
11.11.2024-21:00,0.0
11.11.2024-22:00,0.0
11.11.2024-23:00,0.0
12.11.2024-00:00,0.0
12.11.2024-01:00,0.0
12.11.2024-02:00,0.0
12.11.2024-03:00,0.0
12.11.2024-04:00,0.0
12.11.2024-05:00,0.0
12.11.2024-06:00,1.6
12.11.2024-07:00,3.13
12.11.2024-08:00,4.88
12.11.2024-09:00,6.32
12.11.2024-10:00,6.08
12.11.2024-11:00,5.94
12.11.2024-12:00,5.54
12.11.2024-13:00,5.86
12.11.2024-14:00,4.66
12.11.2024-15:00,4.82
12.11.2024-16:00,3.57
12.11.2024-17:00,1.98
12.11.2024-18:00,0.56
12.11.2024-19:00,0.0
12.11.2024-20:00,0.0
12.11.2024-21:00,0.0
12.11.2024-22:00,0.0
12.11.2024-23:00,0.0
13.11.2024-00:00,0.0
13.11.2024-01:00,0.0
13.11.2024-02:00,0.0
13.11.2024-03:00,0.0
13.11.2024-04:00,0.0
13.11.2024-05:00,0.22
13.11.2024-06:00,1.49
13.11.2024-07:00,2.33
13.11.2024-08:00,4.42
13.11.2024-09:00,6.1
13.11.2024-10:00,6.78
13.11.2024-11:00,6.41
13.11.2024-12:00,5.9
13.11.2024-13:00,6.94
13.11.2024-14:00,5.24
13.11.2024-15:00,4.09
13.11.2024-16:00,3.39
13.11.2024-17:00,1.43
13.11.2024-18:00,0.51
13.11.2024-19:00,0.0
13.11.2024-20:00,0.0
13.11.2024-21:00,0.0
13.11.2024-22:00,0.0
13.11.2024-23:00,0.0
14.11.2024-00:00,0.0
14.11.2024-01:00,0.0
14.11.2024-02:00,0.0
14.11.2024-03:00,0.0
14.11.2024-04:00,0.0
14.11.2024-05:00,0.27
14.11.2024-06:00,1.5
14.11.2024-07:00,2.93
14.11.2024-08:00,4.08
14.11.2024-09:00,5.86
14.11.2024-10:00,6.74
14.11.2024-11:00,7.32
14.11.2024-12:00,7.37
14.11.2024-13:00,7.01
14.11.2024-14:00,6.17
14.11.2024-15:00,4.96
14.11.2024-16:00,3.4
14.11.2024-17:00,1.8
14.11.2024-18:00,0.57
14.11.2024-19:00,0.0
14.11.2024-20:00,0.0
14.11.2024-21:00,0.0
14.11.2024-22:00,0.0
14.11.2024-23:00,0.0
15.11.2024-00:00,0.0
15.11.2024-01:00,0.0
15.11.2024-02:00,0.0
15.11.2024-03:00,0.0
15.11.2024-04:00,0.0
15.11.2024-05:00,0.26
15.11.2024-06:00,1.53
15.11.2024-07:00,2.69
15.11.2024-08:00,3.48
15.11.2024-09:00,5.14
15.11.2024-10:00,5.88
15.11.2024-11:00,7.16
15.11.2024-12:00,7.44
15.11.2024-13:00,7.06
15.11.2024-14:00,6.22
15.11.2024-15:00,5.0
15.11.2024-16:00,3.46
15.11.2024-17:00,1.85
15.11.2024-18:00,0.56
15.11.2024-19:00,0.0
15.11.2024-20:00,0.0
15.11.2024-21:00,0.0
15.11.2024-22:00,0.0
15.11.2024-23:00,0.0
16.11.2024-00:00,0.0
16.11.2024-01:00,0.0
16.11.2024-02:00,0.01
16.11.2024-03:00,0.0
16.11.2024-04:00,0.0
16.11.2024-05:00,0.03
16.11.2024-06:00,0.67
16.11.2024-07:00,2.69
16.11.2024-08:00,4.38
16.11.2024-09:00,5.67
16.11.2024-10:00,6.56
16.11.2024-11:00,7.3
16.11.2024-12:00,7.07
16.11.2024-13:00,6.75
16.11.2024-14:00,5.84
16.11.2024-15:00,4.88
16.11.2024-16:00,3.28
16.11.2024-17:00,1.71
16.11.2024-18:00,0.44
16.11.2024-19:00,0.01
16.11.2024-20:00,0.0
16.11.2024-21:00,0.0
16.11.2024-22:00,0.0
16.11.2024-23:00,0.0
17.11.2024-00:00,0.0
17.11.2024-01:00,0.0
17.11.2024-02:00,0.0
17.11.2024-03:00,0.0
17.11.2024-04:00,0.0
17.11.2024-05:00,0.08
17.11.2024-06:00,0.7
17.11.2024-07:00,2.61
17.11.2024-08:00,4.29
17.11.2024-09:00,5.58
17.11.2024-10:00,6.09
17.11.2024-11:00,6.74
17.11.2024-12:00,6.96
17.11.2024-13:00,5.7
17.11.2024-14:00,4.47
17.11.2024-15:00,3.79
17.11.2024-16:00,0.56
17.11.2024-17:00,0.12
17.11.2024-18:00,0.0
17.11.2024-19:00,0.0
17.11.2024-20:00,0.0
17.11.2024-21:00,0.0
17.11.2024-22:00,0.0
17.11.2024-23:00,0.0
18.11.2024-00:00,0.0
18.11.2024-01:00,0.0
18.11.2024-02:00,0.0
18.11.2024-03:00,0.0
18.11.2024-04:00,0.0
18.11.2024-05:00,0.0
18.11.2024-06:00,0.08
18.11.2024-07:00,0.76
18.11.2024-08:00,2.7
18.11.2024-09:00,3.81
18.11.2024-10:00,4.2
18.11.2024-11:00,4.49
18.11.2024-12:00,3.4
18.11.2024-13:00,2.92
18.11.2024-14:00,3.32
18.11.2024-15:00,2.09
18.11.2024-16:00,2.11
18.11.2024-17:00,0.72
18.11.2024-18:00,0.12
18.11.2024-19:00,0.0
18.11.2024-20:00,0.0
18.11.2024-21:00,0.0
18.11.2024-22:00,0.0
18.11.2024-23:00,0.0
19.11.2024-00:00,0.0
19.11.2024-01:00,0.0
19.11.2024-02:00,0.0
19.11.2024-03:00,0.0
19.11.2024-04:00,0.0
19.11.2024-05:00,0.01
19.11.2024-06:00,1.2
19.11.2024-07:00,2.21
19.11.2024-08:00,2.61
19.11.2024-09:00,3.03
19.11.2024-10:00,4.08
19.11.2024-11:00,4.05
19.11.2024-12:00,3.11
19.11.2024-13:00,3.41
19.11.2024-14:00,3.72
19.11.2024-15:00,3.18
19.11.2024-16:00,1.67
19.11.2024-17:00,0.45
19.11.2024-18:00,0.04
19.11.2024-19:00,0.0
19.11.2024-20:00,0.0
19.11.2024-21:00,0.0
19.11.2024-22:00,0.0
19.11.2024-23:00,0.0
20.11.2024-00:00,0.0
20.11.2024-01:00,0.0
20.11.2024-02:00,0.0
20.11.2024-03:00,0.0
20.11.2024-04:00,0.0
20.11.2024-05:00,0.0
20.11.2024-06:00,0.22
20.11.2024-07:00,0.99
20.11.2024-08:00,1.65
20.11.2024-09:00,3.8
20.11.2024-10:00,4.95
20.11.2024-11:00,5.03
20.11.2024-12:00,5.94
20.11.2024-13:00,4.48
20.11.2024-14:00,5.84
20.11.2024-15:00,4.14
20.11.2024-16:00,3.71
20.11.2024-17:00,1.98
20.11.2024-18:00,0.63
20.11.2024-19:00,0.0
20.11.2024-20:00,0.0
20.11.2024-21:00,0.0
20.11.2024-22:00,0.0
20.11.2024-23:00,0.0
21.11.2024-00:00,0.0
21.11.2024-01:00,0.0
21.11.2024-02:00,0.0
21.11.2024-03:00,0.0
21.11.2024-04:00,0.0
21.11.2024-05:00,0.24
21.11.2024-06:00,0.81
21.11.2024-07:00,2.36
21.11.2024-08:00,3.28
21.11.2024-09:00,4.35
21.11.2024-10:00,5.63
21.11.2024-11:00,5.61
21.11.2024-12:00,3.25
21.11.2024-13:00,2.38
21.11.2024-14:00,3.24
21.11.2024-15:00,3.25
21.11.2024-16:00,0.82
21.11.2024-17:00,0.29
21.11.2024-18:00,0.07
21.11.2024-19:00,0.0
21.11.2024-20:00,0.0
21.11.2024-21:00,0.0
21.11.2024-22:00,0.0
21.11.2024-23:00,0.0
22.11.2024-00:00,0.0
22.11.2024-01:00,0.0
22.11.2024-02:00,0.0
22.11.2024-03:00,0.0
22.11.2024-04:00,0.0
22.11.2024-05:00,0.0
22.11.2024-06:00,0.19
22.11.2024-07:00,0.41
22.11.2024-08:00,1.06
22.11.2024-09:00,2.7
22.11.2024-10:00,3.11
22.11.2024-11:00,3.04
22.11.2024-12:00,3.06
22.11.2024-13:00,4.44
22.11.2024-14:00,4.03
22.11.2024-15:00,2.82
22.11.2024-16:00,2.03
22.11.2024-17:00,1.22
22.11.2024-18:00,0.3
22.11.2024-19:00,0.0
22.11.2024-20:00,0.0
22.11.2024-21:00,0.0
22.11.2024-22:00,0.0
22.11.2024-23:00,0.0
23.11.2024-00:00,0.0
23.11.2024-01:00,0.0
23.11.2024-02:00,0.0
23.11.2024-03:00,0.0
23.11.2024-04:00,0.0
23.11.2024-05:00,0.03
23.11.2024-06:00,0.7
23.11.2024-07:00,2.02
23.11.2024-08:00,3.31
23.11.2024-09:00,5.18
23.11.2024-10:00,7.03
23.11.2024-11:00,5.8
23.11.2024-12:00,6.35
23.11.2024-13:00,6.0
23.11.2024-14:00,4.44
23.11.2024-15:00,3.69
23.11.2024-16:00,2.04
23.11.2024-17:00,1.06
23.11.2024-18:00,0.5
23.11.2024-19:00,0.0
23.11.2024-20:00,0.0
23.11.2024-21:00,0.0
23.11.2024-22:00,0.0
23.11.2024-23:00,0.0
24.11.2024-00:00,0.0
24.11.2024-01:00,0.0
24.11.2024-02:00,0.0
24.11.2024-03:00,0.0
24.11.2024-04:00,0.0
24.11.2024-05:00,0.02
24.11.2024-06:00,0.62
24.11.2024-07:00,1.78
24.11.2024-08:00,3.53
24.11.2024-09:00,5.19
24.11.2024-10:00,5.96
24.11.2024-11:00,7.75
24.11.2024-12:00,7.66
24.11.2024-13:00,7.54
24.11.2024-14:00,6.43
24.11.2024-15:00,5.21
24.11.2024-16:00,3.64
24.11.2024-17:00,1.97
24.11.2024-18:00,0.62
24.11.2024-19:00,0.0
24.11.2024-20:00,0.0
24.11.2024-21:00,0.0
24.11.2024-22:00,0.0
24.11.2024-23:00,0.0
25.11.2024-00:00,0.0
25.11.2024-01:00,0.0
25.11.2024-02:00,0.0
25.11.2024-03:00,0.0
25.11.2024-04:00,0.0
25.11.2024-05:00,0.07
25.11.2024-06:00,1.03
25.11.2024-07:00,2.01
25.11.2024-08:00,1.81
25.11.2024-09:00,2.41
25.11.2024-10:00,2.96
25.11.2024-11:00,2.16
25.11.2024-12:00,2.04
25.11.2024-13:00,1.72
25.11.2024-14:00,1.48
25.11.2024-15:00,1.26
25.11.2024-16:00,1.99
25.11.2024-17:00,0.34
25.11.2024-18:00,0.0
25.11.2024-19:00,0.0
25.11.2024-20:00,0.0
25.11.2024-21:00,0.0
25.11.2024-22:00,0.0
25.11.2024-23:00,0.0
26.11.2024-00:00,0.0
26.11.2024-01:00,0.0
26.11.2024-02:00,0.0
26.11.2024-03:00,0.0
26.11.2024-04:00,0.0
26.11.2024-05:00,0.33
26.11.2024-06:00,1.32
26.11.2024-07:00,2.46
26.11.2024-08:00,3.33
26.11.2024-09:00,3.77
26.11.2024-10:00,5.31
26.11.2024-11:00,4.59
26.11.2024-12:00,3.21
26.11.2024-13:00,3.66
26.11.2024-14:00,2.85
26.11.2024-15:00,1.71
26.11.2024-16:00,1.98
26.11.2024-17:00,0.86
26.11.2024-18:00,0.2
26.11.2024-19:00,0.0
26.11.2024-20:00,0.0
26.11.2024-21:00,0.0
26.11.2024-22:00,0.0
26.11.2024-23:00,0.0
27.11.2024-00:00,0.0
27.11.2024-01:00,0.0
27.11.2024-02:00,0.0
27.11.2024-03:00,0.0
27.11.2024-04:00,0.0
27.11.2024-05:00,0.13
27.11.2024-06:00,1.37
27.11.2024-07:00,2.07
27.11.2024-08:00,1.61
27.11.2024-09:00,2.63
27.11.2024-10:00,3.71
27.11.2024-11:00,3.15
27.11.2024-12:00,2.64
27.11.2024-13:00,2.47
27.11.2024-14:00,2.18
27.11.2024-15:00,0.96
27.11.2024-16:00,0.48
27.11.2024-17:00,0.19
27.11.2024-18:00,0.0
27.11.2024-19:00,0.0
27.11.2024-20:00,0.0
27.11.2024-21:00,0.0
27.11.2024-22:00,0.0
27.11.2024-23:00,0.0
28.11.2024-00:00,0.0
28.11.2024-01:00,0.0
28.11.2024-02:00,0.0
28.11.2024-03:00,0.0
28.11.2024-04:00,0.0
28.11.2024-05:00,0.0
28.11.2024-06:00,0.18
28.11.2024-07:00,0.68
28.11.2024-08:00,1.8
28.11.2024-09:00,1.32
28.11.2024-10:00,2.47
28.11.2024-11:00,2.57
28.11.2024-12:00,4.51
28.11.2024-13:00,3.0
28.11.2024-14:00,2.6
28.11.2024-15:00,1.75
28.11.2024-16:00,1.83
28.11.2024-17:00,1.36
28.11.2024-18:00,0.73
28.11.2024-19:00,0.0
28.11.2024-20:00,0.0
28.11.2024-21:00,0.0
28.11.2024-22:00,0.0
28.11.2024-23:00,0.0
29.11.2024-00:00,0.0
29.11.2024-01:00,0.0
29.11.2024-02:00,0.0
29.11.2024-03:00,0.0
29.11.2024-04:00,0.0
29.11.2024-05:00,0.11
29.11.2024-06:00,0.73
29.11.2024-07:00,1.88
29.11.2024-08:00,2.93
29.11.2024-09:00,3.87
29.11.2024-10:00,4.64
29.11.2024-11:00,5.72
29.11.2024-12:00,5.84
29.11.2024-13:00,6.31
29.11.2024-14:00,4.84
29.11.2024-15:00,4.19
29.11.2024-16:00,3.57
29.11.2024-17:00,2.02
29.11.2024-18:00,0.62
29.11.2024-19:00,0.0
29.11.2024-20:00,0.0
29.11.2024-21:00,0.0
29.11.2024-22:00,0.0
29.11.2024-23:00,0.0
30.11.2024-00:00,0.0
30.11.2024-01:00,0.0
30.11.2024-02:00,0.0
30.11.2024-03:00,0.0
30.11.2024-04:00,0.0
30.11.2024-05:00,0.0
30.11.2024-06:00,0.65
30.11.2024-07:00,2.08
30.11.2024-08:00,1.7
30.11.2024-09:00,3.67
30.11.2024-10:00,4.73
30.11.2024-11:00,5.6
30.11.2024-12:00,6.94
30.11.2024-13:00,7.05
30.11.2024-14:00,6.55
30.11.2024-15:00,4.62
30.11.2024-16:00,3.19
30.11.2024-17:00,1.38
30.11.2024-18:00,0.28
30.11.2024-19:00,0.0
30.11.2024-20:00,0.0
30.11.2024-21:00,0.0
30.11.2024-22:00,0.0
30.11.2024-23:00,0.0
01.12.2024-00:00,0.0
01.12.2024-01:00,0.0
01.12.2024-02:00,0.0
01.12.2024-03:00,0.0
01.12.2024-04:00,0.0
01.12.2024-05:00,0.06
01.12.2024-06:00,0.83
01.12.2024-07:00,1.29
01.12.2024-08:00,3.64
01.12.2024-09:00,5.17
01.12.2024-10:00,1.76
01.12.2024-11:00,1.19
01.12.2024-12:00,5.67
01.12.2024-13:00,6.94
01.12.2024-14:00,6.12
01.12.2024-15:00,5.29
01.12.2024-16:00,1.9
01.12.2024-17:00,0.0
01.12.2024-18:00,0.0
01.12.2024-19:00,0.0
01.12.2024-20:00,0.0
01.12.2024-21:00,0.0
01.12.2024-22:00,0.0
01.12.2024-23:00,0.0
02.12.2024-00:00,0.0
02.12.2024-01:00,0.0
02.12.2024-02:00,0.0
02.12.2024-03:00,0.0
02.12.2024-04:00,0.0
02.12.2024-05:00,0.17
02.12.2024-06:00,1.55
02.12.2024-07:00,2.65
02.12.2024-08:00,3.95
02.12.2024-09:00,3.2
02.12.2024-10:00,5.97
02.12.2024-11:00,6.6
02.12.2024-12:00,7.81
02.12.2024-13:00,7.65
02.12.2024-14:00,6.7
02.12.2024-15:00,5.51
02.12.2024-16:00,4.08
02.12.2024-17:00,2.24
02.12.2024-18:00,0.66
02.12.2024-19:00,0.0
02.12.2024-20:00,0.0
02.12.2024-21:00,0.0
02.12.2024-22:00,0.0
02.12.2024-23:00,0.0
03.12.2024-00:00,0.0
03.12.2024-01:00,0.0
03.12.2024-02:00,0.0
03.12.2024-03:00,0.0
03.12.2024-04:00,0.0
03.12.2024-05:00,0.3
03.12.2024-06:00,1.72
03.12.2024-07:00,3.16
03.12.2024-08:00,5.06
03.12.2024-09:00,6.45
03.12.2024-10:00,7.41
03.12.2024-11:00,7.89
03.12.2024-12:00,7.57
03.12.2024-13:00,7.45
03.12.2024-14:00,6.78
03.12.2024-15:00,5.65
03.12.2024-16:00,4.07
03.12.2024-17:00,2.38
03.12.2024-18:00,0.67
03.12.2024-19:00,0.0
03.12.2024-20:00,0.0
03.12.2024-21:00,0.0
03.12.2024-22:00,0.0
03.12.2024-23:00,0.0
04.12.2024-00:00,0.0
04.12.2024-01:00,0.0
04.12.2024-02:00,0.0
04.12.2024-03:00,0.0
04.12.2024-04:00,0.0
04.12.2024-05:00,0.0
04.12.2024-06:00,1.55
04.12.2024-07:00,3.24
04.12.2024-08:00,4.91
04.12.2024-09:00,6.27
04.12.2024-10:00,7.22
04.12.2024-11:00,7.82
04.12.2024-12:00,7.93
04.12.2024-13:00,7.61
04.12.2024-14:00,6.84
04.12.2024-15:00,5.79
04.12.2024-16:00,4.11
04.12.2024-17:00,2.32
04.12.2024-18:00,0.84
04.12.2024-19:00,0.0
04.12.2024-20:00,0.0
04.12.2024-21:00,0.0
04.12.2024-22:00,0.0
04.12.2024-23:00,0.0
05.12.2024-00:00,0.0
05.12.2024-01:00,0.0
05.12.2024-02:00,0.0
05.12.2024-03:00,0.0
05.12.2024-04:00,0.0
05.12.2024-05:00,0.22
05.12.2024-06:00,1.59
05.12.2024-07:00,2.94
05.12.2024-08:00,5.18
05.12.2024-09:00,6.1
05.12.2024-10:00,6.93
05.12.2024-11:00,7.35
05.12.2024-12:00,7.58
05.12.2024-13:00,7.25
05.12.2024-14:00,6.51
05.12.2024-15:00,5.32
05.12.2024-16:00,3.83
05.12.2024-17:00,2.15
05.12.2024-18:00,0.72
05.12.2024-19:00,0.0
05.12.2024-20:00,0.0
05.12.2024-21:00,0.0
05.12.2024-22:00,0.0
05.12.2024-23:00,0.0
06.12.2024-00:00,0.0
06.12.2024-01:00,0.0
06.12.2024-02:00,0.0
06.12.2024-03:00,0.0
06.12.2024-04:00,0.0
06.12.2024-05:00,0.08
06.12.2024-06:00,0.9
06.12.2024-07:00,1.16
06.12.2024-08:00,0.05
06.12.2024-09:00,0.01
06.12.2024-10:00,0.0
06.12.2024-11:00,1.98
06.12.2024-12:00,3.07
06.12.2024-13:00,2.74
06.12.2024-14:00,3.19
06.12.2024-15:00,2.01
06.12.2024-16:00,1.71
06.12.2024-17:00,0.93
06.12.2024-18:00,0.56
06.12.2024-19:00,0.0
06.12.2024-20:00,0.0
06.12.2024-21:00,0.0
06.12.2024-22:00,0.0
06.12.2024-23:00,0.0
07.12.2024-00:00,0.0
07.12.2024-01:00,0.0
07.12.2024-02:00,0.0
07.12.2024-03:00,0.0
07.12.2024-04:00,0.0
07.12.2024-05:00,0.3
07.12.2024-06:00,1.63
07.12.2024-07:00,2.29
07.12.2024-08:00,4.26
07.12.2024-09:00,6.19
07.12.2024-10:00,6.07
07.12.2024-11:00,7.27
07.12.2024-12:00,7.56
07.12.2024-13:00,6.96
07.12.2024-14:00,4.54
07.12.2024-15:00,4.93
07.12.2024-16:00,3.12
07.12.2024-17:00,1.93
07.12.2024-18:00,1.06
07.12.2024-19:00,0.0
07.12.2024-20:00,0.0
07.12.2024-21:00,0.0
07.12.2024-22:00,0.0
07.12.2024-23:00,0.0
08.12.2024-00:00,0.0
08.12.2024-01:00,0.0
08.12.2024-02:00,0.0
08.12.2024-03:00,0.0
08.12.2024-04:00,0.0
08.12.2024-05:00,0.0
08.12.2024-06:00,1.76
08.12.2024-07:00,3.33
08.12.2024-08:00,5.14
08.12.2024-09:00,5.82
08.12.2024-10:00,7.17
08.12.2024-11:00,7.98
08.12.2024-12:00,6.44
08.12.2024-13:00,4.19
08.12.2024-14:00,5.29
08.12.2024-15:00,5.74
08.12.2024-16:00,4.2
08.12.2024-17:00,1.58
08.12.2024-18:00,0.57
08.12.2024-19:00,0.04
08.12.2024-20:00,0.0
08.12.2024-21:00,0.0
08.12.2024-22:00,0.0
08.12.2024-23:00,0.0
09.12.2024-00:00,0.0
09.12.2024-01:00,0.0
09.12.2024-02:00,0.0
09.12.2024-03:00,0.0
09.12.2024-04:00,0.0
09.12.2024-05:00,0.3
09.12.2024-06:00,1.53
09.12.2024-07:00,2.91
09.12.2024-08:00,5.1
09.12.2024-09:00,4.71
09.12.2024-10:00,3.96
09.12.2024-11:00,3.26
09.12.2024-12:00,3.76
09.12.2024-13:00,3.83
09.12.2024-14:00,4.44
09.12.2024-15:00,2.44
09.12.2024-16:00,1.97
09.12.2024-17:00,1.05
09.12.2024-18:00,0.07
09.12.2024-19:00,0.0
09.12.2024-20:00,0.0
09.12.2024-21:00,0.0
09.12.2024-22:00,0.0
09.12.2024-23:00,0.0
10.12.2024-00:00,0.0
10.12.2024-01:00,0.0
10.12.2024-02:00,0.0
10.12.2024-03:00,0.0
10.12.2024-04:00,0.0
10.12.2024-05:00,0.05
10.12.2024-06:00,0.4
10.12.2024-07:00,0.86
10.12.2024-08:00,2.1
10.12.2024-09:00,3.9
10.12.2024-10:00,4.89
10.12.2024-11:00,7.22
10.12.2024-12:00,7.02
10.12.2024-13:00,5.72
10.12.2024-14:00,5.04
10.12.2024-15:00,5.56
10.12.2024-16:00,4.23
10.12.2024-17:00,2.58
10.12.2024-18:00,1.04
10.12.2024-19:00,0.05
10.12.2024-20:00,0.0
10.12.2024-21:00,0.0
10.12.2024-22:00,0.0
10.12.2024-23:00,0.0
11.12.2024-00:00,0.0
11.12.2024-01:00,0.0
11.12.2024-02:00,0.0
11.12.2024-03:00,0.0
11.12.2024-04:00,0.0
11.12.2024-05:00,0.25
11.12.2024-06:00,1.7
11.12.2024-07:00,2.71
11.12.2024-08:00,4.03
11.12.2024-09:00,5.66
11.12.2024-10:00,7.23
11.12.2024-11:00,7.91
11.12.2024-12:00,8.05
11.12.2024-13:00,7.7
11.12.2024-14:00,6.93
11.12.2024-15:00,5.71
11.12.2024-16:00,4.2
11.12.2024-17:00,2.26
11.12.2024-18:00,0.75
11.12.2024-19:00,0.0
11.12.2024-20:00,0.0
11.12.2024-21:00,0.0
11.12.2024-22:00,0.0
11.12.2024-23:00,0.0
12.12.2024-00:00,0.0
12.12.2024-01:00,0.0
12.12.2024-02:00,0.0
12.12.2024-03:00,0.0
12.12.2024-04:00,0.0
12.12.2024-05:00,0.24
12.12.2024-06:00,1.61
12.12.2024-07:00,3.1
12.12.2024-08:00,3.29
12.12.2024-09:00,4.71
12.12.2024-10:00,5.11
12.12.2024-11:00,6.15
12.12.2024-12:00,6.95
12.12.2024-13:00,6.61
12.12.2024-14:00,5.74
12.12.2024-15:00,4.21
12.12.2024-16:00,3.89
12.12.2024-17:00,2.32
12.12.2024-18:00,0.89
12.12.2024-19:00,0.0
12.12.2024-20:00,0.0
12.12.2024-21:00,0.0
12.12.2024-22:00,0.0
12.12.2024-23:00,0.0
13.12.2024-00:00,0.0
13.12.2024-01:00,0.0
13.12.2024-02:00,0.0
13.12.2024-03:00,0.0
13.12.2024-04:00,0.0
13.12.2024-05:00,0.02
13.12.2024-06:00,0.97
13.12.2024-07:00,0.5
13.12.2024-08:00,0.74
13.12.2024-09:00,1.43
13.12.2024-10:00,3.59
13.12.2024-11:00,5.9
13.12.2024-12:00,5.1
13.12.2024-13:00,4.14
13.12.2024-14:00,2.61
13.12.2024-15:00,2.09
13.12.2024-16:00,0.96
13.12.2024-17:00,0.23
13.12.2024-18:00,0.05
13.12.2024-19:00,0.0
13.12.2024-20:00,0.0
13.12.2024-21:00,0.0
13.12.2024-22:00,0.0
13.12.2024-23:00,0.0
14.12.2024-00:00,0.0
14.12.2024-01:00,0.0
14.12.2024-02:00,0.0
14.12.2024-03:00,0.0
14.12.2024-04:00,0.0
14.12.2024-05:00,0.0
14.12.2024-06:00,0.1
14.12.2024-07:00,0.96
14.12.2024-08:00,2.35
14.12.2024-09:00,2.63
14.12.2024-10:00,2.98
14.12.2024-11:00,3.53
14.12.2024-12:00,3.68
14.12.2024-13:00,6.32
14.12.2024-14:00,6.6
14.12.2024-15:00,3.87
14.12.2024-16:00,3.79
14.12.2024-17:00,2.47
14.12.2024-18:00,0.44
14.12.2024-19:00,0.0
14.12.2024-20:00,0.0
14.12.2024-21:00,0.0
14.12.2024-22:00,0.0
14.12.2024-23:00,0.0
15.12.2024-00:00,0.0
15.12.2024-01:00,0.0
15.12.2024-02:00,0.0
15.12.2024-03:00,0.0
15.12.2024-04:00,0.0
15.12.2024-05:00,0.0
15.12.2024-06:00,0.22
15.12.2024-07:00,0.7
15.12.2024-08:00,1.35
15.12.2024-09:00,1.22
15.12.2024-10:00,0.66
15.12.2024-11:00,3.59
15.12.2024-12:00,3.57
15.12.2024-13:00,2.48
15.12.2024-14:00,2.72
15.12.2024-15:00,2.81
15.12.2024-16:00,1.61
15.12.2024-17:00,1.23
15.12.2024-18:00,0.39
15.12.2024-19:00,0.01
15.12.2024-20:00,0.0
15.12.2024-21:00,0.0
15.12.2024-22:00,0.0
15.12.2024-23:00,0.0
16.12.2024-00:00,0.0
16.12.2024-01:00,0.0
16.12.2024-02:00,0.0
16.12.2024-03:00,0.0
16.12.2024-04:00,0.0
16.12.2024-05:00,0.12
16.12.2024-06:00,1.01
16.12.2024-07:00,1.69
16.12.2024-08:00,3.16
16.12.2024-09:00,4.41
16.12.2024-10:00,5.36
16.12.2024-11:00,5.48
16.12.2024-12:00,5.69
16.12.2024-13:00,5.9
16.12.2024-14:00,3.95
16.12.2024-15:00,3.1
16.12.2024-16:00,1.62
16.12.2024-17:00,2.5
16.12.2024-18:00,0.93
16.12.2024-19:00,0.03
16.12.2024-20:00,0.0
16.12.2024-21:00,0.0
16.12.2024-22:00,0.0
16.12.2024-23:00,0.0
17.12.2024-00:00,0.0
17.12.2024-01:00,0.0
17.12.2024-02:00,0.0
17.12.2024-03:00,0.0
17.12.2024-04:00,0.0
17.12.2024-05:00,0.0
17.12.2024-06:00,1.61
17.12.2024-07:00,3.15
17.12.2024-08:00,4.8
17.12.2024-09:00,6.24
17.12.2024-10:00,3.7
17.12.2024-11:00,5.84
17.12.2024-12:00,5.15
17.12.2024-13:00,6.83
17.12.2024-14:00,7.35
17.12.2024-15:00,6.05
17.12.2024-16:00,2.76
17.12.2024-17:00,2.59
17.12.2024-18:00,1.01
17.12.2024-19:00,0.0
17.12.2024-20:00,0.0
17.12.2024-21:00,0.0
17.12.2024-22:00,0.0
17.12.2024-23:00,0.0
18.12.2024-00:00,0.0
18.12.2024-01:00,0.0
18.12.2024-02:00,0.0
18.12.2024-03:00,0.0
18.12.2024-04:00,0.0
18.12.2024-05:00,0.05
18.12.2024-06:00,0.43
18.12.2024-07:00,2.64
18.12.2024-08:00,4.21
18.12.2024-09:00,5.73
18.12.2024-10:00,6.17
18.12.2024-11:00,6.3
18.12.2024-12:00,6.11
18.12.2024-13:00,6.7
18.12.2024-14:00,6.38
18.12.2024-15:00,5.62
18.12.2024-16:00,4.06
18.12.2024-17:00,2.53
18.12.2024-18:00,1.01
18.12.2024-19:00,0.02
18.12.2024-20:00,0.0
18.12.2024-21:00,0.0
18.12.2024-22:00,0.0
18.12.2024-23:00,0.0
19.12.2024-00:00,0.0
19.12.2024-01:00,0.93
19.12.2024-02:00,4.61
19.12.2024-03:00,4.32
19.12.2024-04:00,0.0
19.12.2024-05:00,0.0
19.12.2024-06:00,0.46
19.12.2024-07:00,0.5
19.12.2024-08:00,0.8
19.12.2024-09:00,2.78
19.12.2024-10:00,3.12
19.12.2024-11:00,2.31
19.12.2024-12:00,1.79
19.12.2024-13:00,2.05
19.12.2024-14:00,1.08
19.12.2024-15:00,0.96
19.12.2024-16:00,0.69
19.12.2024-17:00,0.5
19.12.2024-18:00,0.2
19.12.2024-19:00,0.0
19.12.2024-20:00,0.0
19.12.2024-21:00,0.0
19.12.2024-22:00,0.0
19.12.2024-23:00,0.0
20.12.2024-00:00,0.0
20.12.2024-01:00,0.0
20.12.2024-02:00,0.0
20.12.2024-03:00,0.0
20.12.2024-04:00,0.0
20.12.2024-05:00,0.2
20.12.2024-06:00,1.52
20.12.2024-07:00,2.52
20.12.2024-08:00,2.29
20.12.2024-09:00,3.61
20.12.2024-10:00,6.28
20.12.2024-11:00,7.14
20.12.2024-12:00,7.58
20.12.2024-13:00,7.47
20.12.2024-14:00,5.72
20.12.2024-15:00,5.61
20.12.2024-16:00,4.17
20.12.2024-17:00,2.43
20.12.2024-18:00,0.97
20.12.2024-19:00,0.04
20.12.2024-20:00,0.0
20.12.2024-21:00,0.0
20.12.2024-22:00,0.0
20.12.2024-23:00,0.0
21.12.2024-00:00,0.0
21.12.2024-01:00,0.0
21.12.2024-02:00,0.0
21.12.2024-03:00,0.0
21.12.2024-04:00,0.0
21.12.2024-05:00,0.01
21.12.2024-06:00,0.18
21.12.2024-07:00,2.25
21.12.2024-08:00,2.54
21.12.2024-09:00,3.87
21.12.2024-10:00,7.94
21.12.2024-11:00,8.19
21.12.2024-12:00,5.97
21.12.2024-13:00,2.83
21.12.2024-14:00,3.24
21.12.2024-15:00,3.4
21.12.2024-16:00,2.74
21.12.2024-17:00,1.83
21.12.2024-18:00,0.4
21.12.2024-19:00,0.0
21.12.2024-20:00,0.0
21.12.2024-21:00,0.0
21.12.2024-22:00,0.0
21.12.2024-23:00,0.0
22.12.2024-00:00,0.0
22.12.2024-01:00,0.0
22.12.2024-02:00,0.0
22.12.2024-03:00,0.0
22.12.2024-04:00,0.0
22.12.2024-05:00,0.25
22.12.2024-06:00,1.54
22.12.2024-07:00,3.09
22.12.2024-08:00,4.44
22.12.2024-09:00,6.31
22.12.2024-10:00,7.68
22.12.2024-11:00,7.9
22.12.2024-12:00,8.26
22.12.2024-13:00,6.89
22.12.2024-14:00,6.74
22.12.2024-15:00,5.77
22.12.2024-16:00,4.52
22.12.2024-17:00,2.71
22.12.2024-18:00,1.15
22.12.2024-19:00,0.08
22.12.2024-20:00,0.0
22.12.2024-21:00,0.0
22.12.2024-22:00,0.0
22.12.2024-23:00,0.0
23.12.2024-00:00,0.0
23.12.2024-01:00,0.0
23.12.2024-02:00,0.0
23.12.2024-03:00,0.02
23.12.2024-04:00,0.0
23.12.2024-05:00,0.16
23.12.2024-06:00,1.11
23.12.2024-07:00,3.07
23.12.2024-08:00,4.87
23.12.2024-09:00,5.75
23.12.2024-10:00,7.1
23.12.2024-11:00,7.6
23.12.2024-12:00,7.68
23.12.2024-13:00,7.31
23.12.2024-14:00,6.93
23.12.2024-15:00,7.47
23.12.2024-16:00,7.43
23.12.2024-17:00,3.93
23.12.2024-18:00,1.06
23.12.2024-19:00,0.0
23.12.2024-20:00,0.0
23.12.2024-21:00,0.03
23.12.2024-22:00,0.02
23.12.2024-23:00,0.01
24.12.2024-00:00,0.02
24.12.2024-01:00,0.01
24.12.2024-02:00,0.03
24.12.2024-03:00,0.01
24.12.2024-04:00,0.0
24.12.2024-05:00,0.08
24.12.2024-06:00,0.88
24.12.2024-07:00,2.76
24.12.2024-08:00,4.33
24.12.2024-09:00,5.98
24.12.2024-10:00,6.87
24.12.2024-11:00,7.44
24.12.2024-12:00,7.17
24.12.2024-13:00,6.88
24.12.2024-14:00,5.58
24.12.2024-15:00,3.24
24.12.2024-16:00,2.62
24.12.2024-17:00,0.76
24.12.2024-18:00,0.07
24.12.2024-19:00,0.0
24.12.2024-20:00,0.0
24.12.2024-21:00,0.0
24.12.2024-22:00,0.0
24.12.2024-23:00,0.0
25.12.2024-00:00,0.0
25.12.2024-01:00,0.0
25.12.2024-02:00,0.0
25.12.2024-03:00,0.0
25.12.2024-04:00,0.0
25.12.2024-05:00,0.0
25.12.2024-06:00,0.15
25.12.2024-07:00,1.57
25.12.2024-08:00,3.42
25.12.2024-09:00,4.94
25.12.2024-10:00,5.91
25.12.2024-11:00,7.05
25.12.2024-12:00,7.56
25.12.2024-13:00,7.55
25.12.2024-14:00,5.31
25.12.2024-15:00,4.43
25.12.2024-16:00,4.05
25.12.2024-17:00,1.97
25.12.2024-18:00,0.81
25.12.2024-19:00,0.1
25.12.2024-20:00,0.0
25.12.2024-21:00,0.0
25.12.2024-22:00,0.0
25.12.2024-23:00,0.0
26.12.2024-00:00,0.0
26.12.2024-01:00,0.0
26.12.2024-02:00,0.0
26.12.2024-03:00,0.0
26.12.2024-04:00,0.0
26.12.2024-05:00,0.13
26.12.2024-06:00,1.2
26.12.2024-07:00,1.08
26.12.2024-08:00,2.26
26.12.2024-09:00,3.03
26.12.2024-10:00,2.99
26.12.2024-11:00,6.75
26.12.2024-12:00,6.59
26.12.2024-13:00,3.5
26.12.2024-14:00,3.49
26.12.2024-15:00,3.65
26.12.2024-16:00,4.1
26.12.2024-17:00,2.37
26.12.2024-18:00,0.94
26.12.2024-19:00,0.02
26.12.2024-20:00,0.0
26.12.2024-21:00,0.0
26.12.2024-22:00,0.0
26.12.2024-23:00,0.0
27.12.2024-00:00,0.0
27.12.2024-01:00,0.0
27.12.2024-02:00,0.0
27.12.2024-03:00,0.0
27.12.2024-04:00,0.0
27.12.2024-05:00,0.12
27.12.2024-06:00,1.37
27.12.2024-07:00,2.42
27.12.2024-08:00,3.95
27.12.2024-09:00,4.42
27.12.2024-10:00,5.97
27.12.2024-11:00,6.46
27.12.2024-12:00,7.83
27.12.2024-13:00,5.84
27.12.2024-14:00,4.26
27.12.2024-15:00,3.55
27.12.2024-16:00,4.48
27.12.2024-17:00,2.35
27.12.2024-18:00,1.04
27.12.2024-19:00,0.07
27.12.2024-20:00,0.0
27.12.2024-21:00,0.0
27.12.2024-22:00,0.0
27.12.2024-23:00,0.0
28.12.2024-00:00,0.0
28.12.2024-01:00,0.0
28.12.2024-02:00,0.0
28.12.2024-03:00,0.0
28.12.2024-04:00,0.0
28.12.2024-05:00,0.1
28.12.2024-06:00,1.39
28.12.2024-07:00,2.84
28.12.2024-08:00,4.3
28.12.2024-09:00,4.09
28.12.2024-10:00,4.99
28.12.2024-11:00,4.36
28.12.2024-12:00,6.78
28.12.2024-13:00,5.13
28.12.2024-14:00,6.48
28.12.2024-15:00,5.87
28.12.2024-16:00,4.73
28.12.2024-17:00,2.73
28.12.2024-18:00,0.74
28.12.2024-19:00,0.0
28.12.2024-20:00,0.0
28.12.2024-21:00,0.0
28.12.2024-22:00,0.0
28.12.2024-23:00,0.0
29.12.2024-00:00,0.0
29.12.2024-01:00,0.0
29.12.2024-02:00,0.0
29.12.2024-03:00,0.0
29.12.2024-04:00,0.0
29.12.2024-05:00,0.0
29.12.2024-06:00,0.56
29.12.2024-07:00,2.2
29.12.2024-08:00,2.33
29.12.2024-09:00,5.62
29.12.2024-10:00,5.33
29.12.2024-11:00,7.8
29.12.2024-12:00,5.57
29.12.2024-13:00,7.33
29.12.2024-14:00,5.27
29.12.2024-15:00,4.67
29.12.2024-16:00,2.16
29.12.2024-17:00,2.3
29.12.2024-18:00,0.82
29.12.2024-19:00,0.05
29.12.2024-20:00,0.0
29.12.2024-21:00,0.0
29.12.2024-22:00,0.0
29.12.2024-23:00,0.0
30.12.2024-00:00,0.0
30.12.2024-01:00,0.0
30.12.2024-02:00,0.0
30.12.2024-03:00,0.0
30.12.2024-04:00,0.0
30.12.2024-05:00,0.05
30.12.2024-06:00,0.39
30.12.2024-07:00,1.11
30.12.2024-08:00,4.85
30.12.2024-09:00,6.06
30.12.2024-10:00,7.06
30.12.2024-11:00,6.24
30.12.2024-12:00,7.86
30.12.2024-13:00,7.8
30.12.2024-14:00,6.56
30.12.2024-15:00,5.76
30.12.2024-16:00,4.34
30.12.2024-17:00,2.45
30.12.2024-18:00,1.0
30.12.2024-19:00,0.07
30.12.2024-20:00,0.0
30.12.2024-21:00,0.0
30.12.2024-22:00,0.0
30.12.2024-23:00,0.0
31.12.2024-00:00,0.0
31.12.2024-01:00,0.0
31.12.2024-02:00,0.0
31.12.2024-03:00,0.0
31.12.2024-04:00,0.0
31.12.2024-05:00,0.07
31.12.2024-06:00,0.97
31.12.2024-07:00,1.89
31.12.2024-08:00,3.79
31.12.2024-09:00,3.83
31.12.2024-10:00,3.66
31.12.2024-11:00,1.86
31.12.2024-12:00,3.29
31.12.2024-13:00,1.94
31.12.2024-14:00,2.9
31.12.2024-15:00,2.48
31.12.2024-16:00,1.4
31.12.2024-17:00,1.27
31.12.2024-18:00,0.73
31.12.2024-19:00,0.01
31.12.2024-20:00,0.0
31.12.2024-21:00,0.0
31.12.2024-22:00,0.0
31.12.2024-23:00,0.0
01.01.2025-00:00,0.0
01.01.2025-01:00,0.0
01.01.2025-02:00,0.0
01.01.2025-03:00,0.0
01.01.2025-04:00,0.0
01.01.2025-05:00,0.0
01.01.2025-06:00,0.61
01.01.2025-07:00,1.09
01.01.2025-08:00,2.69
01.01.2025-09:00,2.98
01.01.2025-10:00,6.12
01.01.2025-11:00,5.01
01.01.2025-12:00,6.05
01.01.2025-13:00,6.27
01.01.2025-14:00,6.14
01.01.2025-15:00,5.51
01.01.2025-16:00,4.15
01.01.2025-17:00,1.78
01.01.2025-18:00,0.27
01.01.2025-19:00,0.0
01.01.2025-20:00,0.0
01.01.2025-21:00,0.0
01.01.2025-22:00,0.0
01.01.2025-23:00,0.0
02.01.2025-00:00,0.0
02.01.2025-01:00,0.0
02.01.2025-02:00,0.0
02.01.2025-03:00,0.0
02.01.2025-04:00,0.0
02.01.2025-05:00,0.0
02.01.2025-06:00,1.08
02.01.2025-07:00,2.69
02.01.2025-08:00,4.28
02.01.2025-09:00,5.97
02.01.2025-10:00,6.69
02.01.2025-11:00,7.29
02.01.2025-12:00,7.24
02.01.2025-13:00,5.5
02.01.2025-14:00,3.9
02.01.2025-15:00,0.53
02.01.2025-16:00,1.8
02.01.2025-17:00,1.56
02.01.2025-18:00,1.19
02.01.2025-19:00,0.0
02.01.2025-20:00,0.0
02.01.2025-21:00,0.0
02.01.2025-22:00,0.0
02.01.2025-23:00,0.0
03.01.2025-00:00,0.0
03.01.2025-01:00,0.0
03.01.2025-02:00,0.0
03.01.2025-03:00,0.0
03.01.2025-04:00,0.0
03.01.2025-05:00,0.13
03.01.2025-06:00,1.42
03.01.2025-07:00,3.09
03.01.2025-08:00,4.8
03.01.2025-09:00,6.33
03.01.2025-10:00,7.33
03.01.2025-11:00,7.96
03.01.2025-12:00,8.09
03.01.2025-13:00,7.8
03.01.2025-14:00,6.38
03.01.2025-15:00,4.86
03.01.2025-16:00,4.18
03.01.2025-17:00,2.19
03.01.2025-18:00,0.79
03.01.2025-19:00,0.02
03.01.2025-20:00,0.0
03.01.2025-21:00,0.0
03.01.2025-22:00,0.0
03.01.2025-23:00,0.0
04.01.2025-00:00,0.0
04.01.2025-01:00,0.0
04.01.2025-02:00,0.0
04.01.2025-03:00,0.0
04.01.2025-04:00,0.0
04.01.2025-05:00,0.11
04.01.2025-06:00,1.44
04.01.2025-07:00,2.9
04.01.2025-08:00,4.5
04.01.2025-09:00,5.98
04.01.2025-10:00,6.63
04.01.2025-11:00,7.89
04.01.2025-12:00,8.06
04.01.2025-13:00,7.8
04.01.2025-14:00,7.1
04.01.2025-15:00,6.07
04.01.2025-16:00,4.55
04.01.2025-17:00,2.78
04.01.2025-18:00,1.21
04.01.2025-19:00,0.11
04.01.2025-20:00,0.0
04.01.2025-21:00,0.0
04.01.2025-22:00,0.0
04.01.2025-23:00,0.0
05.01.2025-00:00,0.0
05.01.2025-01:00,0.0
05.01.2025-02:00,0.0
05.01.2025-03:00,0.0
05.01.2025-04:00,0.0
05.01.2025-05:00,0.1
05.01.2025-06:00,1.44
05.01.2025-07:00,2.48
05.01.2025-08:00,4.21
05.01.2025-09:00,4.97
05.01.2025-10:00,6.57
05.01.2025-11:00,6.53
05.01.2025-12:00,7.88
05.01.2025-13:00,7.82
05.01.2025-14:00,6.66
05.01.2025-15:00,5.81
05.01.2025-16:00,4.0
05.01.2025-17:00,2.71
05.01.2025-18:00,0.99
05.01.2025-19:00,0.07
05.01.2025-20:00,0.0
05.01.2025-21:00,0.0
05.01.2025-22:00,0.0
05.01.2025-23:00,0.0
06.01.2025-00:00,0.0
06.01.2025-01:00,0.0
06.01.2025-02:00,0.0
06.01.2025-03:00,0.0
06.01.2025-04:00,0.0
06.01.2025-05:00,0.0
06.01.2025-06:00,0.62
06.01.2025-07:00,2.79
06.01.2025-08:00,3.68
06.01.2025-09:00,3.38
06.01.2025-10:00,6.69
06.01.2025-11:00,4.73
06.01.2025-12:00,5.16
06.01.2025-13:00,5.28
06.01.2025-14:00,4.48
06.01.2025-15:00,4.96
06.01.2025-16:00,2.72
06.01.2025-17:00,2.64
06.01.2025-18:00,1.08
06.01.2025-19:00,0.0
06.01.2025-20:00,0.0
06.01.2025-21:00,0.0
06.01.2025-22:00,0.0
06.01.2025-23:00,0.0
07.01.2025-00:00,0.0
07.01.2025-01:00,0.0
07.01.2025-02:00,0.0
07.01.2025-03:00,0.0
07.01.2025-04:00,0.0
07.01.2025-05:00,0.04
07.01.2025-06:00,1.32
07.01.2025-07:00,2.66
07.01.2025-08:00,4.23
07.01.2025-09:00,6.17
07.01.2025-10:00,6.99
07.01.2025-11:00,6.3
07.01.2025-12:00,6.87
07.01.2025-13:00,7.9
07.01.2025-14:00,7.46
07.01.2025-15:00,6.07
07.01.2025-16:00,4.3
07.01.2025-17:00,2.51
07.01.2025-18:00,0.92
07.01.2025-19:00,0.03
07.01.2025-20:00,0.0
07.01.2025-21:00,0.0
07.01.2025-22:00,0.0
07.01.2025-23:00,0.0
08.01.2025-00:00,0.0
08.01.2025-01:00,0.0
08.01.2025-02:00,0.0
08.01.2025-03:00,0.0
08.01.2025-04:00,0.0
08.01.2025-05:00,0.09
08.01.2025-06:00,1.36
08.01.2025-07:00,2.56
08.01.2025-08:00,4.08
08.01.2025-09:00,5.74
08.01.2025-10:00,5.29
08.01.2025-11:00,7.03
08.01.2025-12:00,6.09
08.01.2025-13:00,6.67
08.01.2025-14:00,7.06
08.01.2025-15:00,6.25
08.01.2025-16:00,4.62
08.01.2025-17:00,2.51
08.01.2025-18:00,1.2
08.01.2025-19:00,0.09
08.01.2025-20:00,0.0
08.01.2025-21:00,0.0
08.01.2025-22:00,0.0
08.01.2025-23:00,0.0
09.01.2025-00:00,0.0
09.01.2025-01:00,0.0
09.01.2025-02:00,0.0
09.01.2025-03:00,0.0
09.01.2025-04:00,0.0
09.01.2025-05:00,0.0
09.01.2025-06:00,0.93
09.01.2025-07:00,2.62
09.01.2025-08:00,4.26
09.01.2025-09:00,5.88
09.01.2025-10:00,6.85
09.01.2025-11:00,8.07
09.01.2025-12:00,7.48
09.01.2025-13:00,6.61
09.01.2025-14:00,6.21
09.01.2025-15:00,5.8
09.01.2025-16:00,4.41
09.01.2025-17:00,2.14
09.01.2025-18:00,1.15
09.01.2025-19:00,0.1
09.01.2025-20:00,0.0
09.01.2025-21:00,0.0
09.01.2025-22:00,0.0
09.01.2025-23:00,0.0
10.01.2025-00:00,0.0
10.01.2025-01:00,0.0
10.01.2025-02:00,0.0
10.01.2025-03:00,0.0
10.01.2025-04:00,0.0
10.01.2025-05:00,0.0
10.01.2025-06:00,1.21
10.01.2025-07:00,2.7
10.01.2025-08:00,3.43
10.01.2025-09:00,3.28
10.01.2025-10:00,5.54
10.01.2025-11:00,7.41
10.01.2025-12:00,7.82
10.01.2025-13:00,6.94
10.01.2025-14:00,7.3
10.01.2025-15:00,5.28
10.01.2025-16:00,3.56
10.01.2025-17:00,1.88
10.01.2025-18:00,1.0
10.01.2025-19:00,0.16
10.01.2025-20:00,0.0
10.01.2025-21:00,0.0
10.01.2025-22:00,0.0
10.01.2025-23:00,0.0
11.01.2025-00:00,0.0
11.01.2025-01:00,0.0
11.01.2025-02:00,0.0
11.01.2025-03:00,0.0
11.01.2025-04:00,0.0
11.01.2025-05:00,0.0
11.01.2025-06:00,0.86
11.01.2025-07:00,2.33
11.01.2025-08:00,3.44
11.01.2025-09:00,4.01
11.01.2025-10:00,4.91
11.01.2025-11:00,5.02
11.01.2025-12:00,3.96
11.01.2025-13:00,4.63
11.01.2025-14:00,6.1
11.01.2025-15:00,6.21
11.01.2025-16:00,4.69
11.01.2025-17:00,2.79
11.01.2025-18:00,1.24
11.01.2025-19:00,0.08
11.01.2025-20:00,0.0
11.01.2025-21:00,0.0
11.01.2025-22:00,0.0
11.01.2025-23:00,0.0
12.01.2025-00:00,0.0
12.01.2025-01:00,0.0
12.01.2025-02:00,0.0
12.01.2025-03:00,0.0
12.01.2025-04:00,0.0
12.01.2025-05:00,0.0
12.01.2025-06:00,1.15
12.01.2025-07:00,2.58
12.01.2025-08:00,4.0
12.01.2025-09:00,5.8
12.01.2025-10:00,4.63
12.01.2025-11:00,6.84
12.01.2025-12:00,7.52
12.01.2025-13:00,6.74
12.01.2025-14:00,6.66
12.01.2025-15:00,5.35
12.01.2025-16:00,4.44
12.01.2025-17:00,2.71
12.01.2025-18:00,1.14
12.01.2025-19:00,0.13
12.01.2025-20:00,0.0
12.01.2025-21:00,0.0
12.01.2025-22:00,0.0
12.01.2025-23:00,0.0
13.01.2025-00:00,0.0
13.01.2025-01:00,0.0
13.01.2025-02:00,0.0
13.01.2025-03:00,0.0
13.01.2025-04:00,0.0
13.01.2025-05:00,0.0
13.01.2025-06:00,0.93
13.01.2025-07:00,1.8
13.01.2025-08:00,1.76
13.01.2025-09:00,4.33
13.01.2025-10:00,6.08
13.01.2025-11:00,7.51
13.01.2025-12:00,7.3
13.01.2025-13:00,7.4
13.01.2025-14:00,7.05
13.01.2025-15:00,5.39
13.01.2025-16:00,4.33
13.01.2025-17:00,2.47
13.01.2025-18:00,0.98
13.01.2025-19:00,0.02
13.01.2025-20:00,0.0
13.01.2025-21:00,0.0
13.01.2025-22:00,0.0
13.01.2025-23:00,0.0
14.01.2025-00:00,0.0
14.01.2025-01:00,0.0
14.01.2025-02:00,0.0
14.01.2025-03:00,0.0
14.01.2025-04:00,0.0
14.01.2025-05:00,0.0
14.01.2025-06:00,1.16
14.01.2025-07:00,2.45
14.01.2025-08:00,3.33
14.01.2025-09:00,3.87
14.01.2025-10:00,6.1
14.01.2025-11:00,7.33
14.01.2025-12:00,7.8
14.01.2025-13:00,7.51
14.01.2025-14:00,6.47
14.01.2025-15:00,5.42
14.01.2025-16:00,3.8
14.01.2025-17:00,1.99
14.01.2025-18:00,1.02
14.01.2025-19:00,0.06
14.01.2025-20:00,0.0
14.01.2025-21:00,0.0
14.01.2025-22:00,0.0
14.01.2025-23:00,0.0
15.01.2025-00:00,0.0
15.01.2025-01:00,0.0
15.01.2025-02:00,0.0
15.01.2025-03:00,0.0
15.01.2025-04:00,0.0
15.01.2025-05:00,0.0
15.01.2025-06:00,0.5
15.01.2025-07:00,2.13
15.01.2025-08:00,3.72
15.01.2025-09:00,4.35
15.01.2025-10:00,5.23
15.01.2025-11:00,6.93
15.01.2025-12:00,6.18
15.01.2025-13:00,5.86
15.01.2025-14:00,5.98
15.01.2025-15:00,5.03
15.01.2025-16:00,4.24
15.01.2025-17:00,2.52
15.01.2025-18:00,0.92
15.01.2025-19:00,0.11
15.01.2025-20:00,0.0
15.01.2025-21:00,0.0
15.01.2025-22:00,0.0
15.01.2025-23:00,0.0
16.01.2025-00:00,0.0
16.01.2025-01:00,0.0
16.01.2025-02:00,0.0
16.01.2025-03:00,0.0
16.01.2025-04:00,0.0
16.01.2025-05:00,0.0
16.01.2025-06:00,0.86
16.01.2025-07:00,1.51
16.01.2025-08:00,2.93
16.01.2025-09:00,4.84
16.01.2025-10:00,5.99
16.01.2025-11:00,6.66
16.01.2025-12:00,5.17
16.01.2025-13:00,6.55
16.01.2025-14:00,5.55
16.01.2025-15:00,2.21
16.01.2025-16:00,1.15
16.01.2025-17:00,0.47
16.01.2025-18:00,0.29
16.01.2025-19:00,0.0
16.01.2025-20:00,0.0
16.01.2025-21:00,0.0
16.01.2025-22:00,0.0
16.01.2025-23:00,0.0
17.01.2025-00:00,0.0
17.01.2025-01:00,0.0
17.01.2025-02:00,0.0
17.01.2025-03:00,0.0
17.01.2025-04:00,0.0
17.01.2025-05:00,0.0
17.01.2025-06:00,0.15
17.01.2025-07:00,1.46
17.01.2025-08:00,3.85
17.01.2025-09:00,4.03
17.01.2025-10:00,5.88
17.01.2025-11:00,3.36
17.01.2025-12:00,0.2
17.01.2025-13:00,4.4
17.01.2025-14:00,7.11
17.01.2025-15:00,4.47
17.01.2025-16:00,0.92
17.01.2025-17:00,0.42
17.01.2025-18:00,1.16
17.01.2025-19:00,0.02
17.01.2025-20:00,0.0
17.01.2025-21:00,0.0
17.01.2025-22:00,0.0
17.01.2025-23:00,0.0
18.01.2025-00:00,0.0
18.01.2025-01:00,0.0
18.01.2025-02:00,0.0
18.01.2025-03:00,0.0
18.01.2025-04:00,0.0
18.01.2025-05:00,0.0
18.01.2025-06:00,0.36
18.01.2025-07:00,1.12
18.01.2025-08:00,1.69
18.01.2025-09:00,3.97
18.01.2025-10:00,5.01
18.01.2025-11:00,5.79
18.01.2025-12:00,4.8
18.01.2025-13:00,6.68
18.01.2025-14:00,5.61
18.01.2025-15:00,2.71
18.01.2025-16:00,1.45
18.01.2025-17:00,1.45
18.01.2025-18:00,1.18
18.01.2025-19:00,0.0
18.01.2025-20:00,0.0
18.01.2025-21:00,0.0
18.01.2025-22:00,0.0
18.01.2025-23:00,0.0
19.01.2025-00:00,0.0
19.01.2025-01:00,0.0
19.01.2025-02:00,0.0
19.01.2025-03:00,0.0
19.01.2025-04:00,0.0
19.01.2025-05:00,0.0
19.01.2025-06:00,0.28
19.01.2025-07:00,0.66
19.01.2025-08:00,1.06
19.01.2025-09:00,1.52
19.01.2025-10:00,4.96
19.01.2025-11:00,6.04
19.01.2025-12:00,5.09
19.01.2025-13:00,6.37
19.01.2025-14:00,4.49
19.01.2025-15:00,3.45
19.01.2025-16:00,3.51
19.01.2025-17:00,1.18
19.01.2025-18:00,0.27
19.01.2025-19:00,0.0
19.01.2025-20:00,0.0
19.01.2025-21:00,0.0
19.01.2025-22:00,0.0
19.01.2025-23:00,0.0
20.01.2025-00:00,0.0
20.01.2025-01:00,0.0
20.01.2025-02:00,0.0
20.01.2025-03:00,0.0
20.01.2025-04:00,0.0
20.01.2025-05:00,0.0
20.01.2025-06:00,0.3
20.01.2025-07:00,1.3
20.01.2025-08:00,2.02
20.01.2025-09:00,3.8
20.01.2025-10:00,3.32
20.01.2025-11:00,2.57
20.01.2025-12:00,4.94
20.01.2025-13:00,6.91
20.01.2025-14:00,6.79
20.01.2025-15:00,4.07
20.01.2025-16:00,2.02
20.01.2025-17:00,1.41
20.01.2025-18:00,0.35
20.01.2025-19:00,0.0
20.01.2025-20:00,0.0
20.01.2025-21:00,0.0
20.01.2025-22:00,0.0
20.01.2025-23:00,0.0
21.01.2025-00:00,0.0
21.01.2025-01:00,0.0
21.01.2025-02:00,0.0
21.01.2025-03:00,0.0
21.01.2025-04:00,0.0
21.01.2025-05:00,0.0
21.01.2025-06:00,0.4
21.01.2025-07:00,1.88
21.01.2025-08:00,3.05
21.01.2025-09:00,4.72
21.01.2025-10:00,3.3
21.01.2025-11:00,2.73
21.01.2025-12:00,3.74
21.01.2025-13:00,4.43
21.01.2025-14:00,5.82
21.01.2025-15:00,4.42
21.01.2025-16:00,2.56
21.01.2025-17:00,1.81
21.01.2025-18:00,0.5
21.01.2025-19:00,0.0
21.01.2025-20:00,0.0
21.01.2025-21:00,0.0
21.01.2025-22:00,0.0
21.01.2025-23:00,0.0
22.01.2025-00:00,0.0
22.01.2025-01:00,0.0
22.01.2025-02:00,0.0
22.01.2025-03:00,0.0
22.01.2025-04:00,0.0
22.01.2025-05:00,0.0
22.01.2025-06:00,0.54
22.01.2025-07:00,2.01
22.01.2025-08:00,3.5
22.01.2025-09:00,4.65
22.01.2025-10:00,6.29
22.01.2025-11:00,4.84
22.01.2025-12:00,4.04
22.01.2025-13:00,7.0
22.01.2025-14:00,5.99
22.01.2025-15:00,6.0
22.01.2025-16:00,4.23
22.01.2025-17:00,2.68
22.01.2025-18:00,1.13
22.01.2025-19:00,0.07
22.01.2025-20:00,0.0
22.01.2025-21:00,0.0
22.01.2025-22:00,0.0
22.01.2025-23:00,0.0
23.01.2025-00:00,0.0
23.01.2025-01:00,0.0
23.01.2025-02:00,0.0
23.01.2025-03:00,0.0
23.01.2025-04:00,0.0
23.01.2025-05:00,0.0
23.01.2025-06:00,0.96
23.01.2025-07:00,2.41
23.01.2025-08:00,3.98
23.01.2025-09:00,5.64
23.01.2025-10:00,6.77
23.01.2025-11:00,7.39
23.01.2025-12:00,7.54
23.01.2025-13:00,7.44
23.01.2025-14:00,6.86
23.01.2025-15:00,5.92
23.01.2025-16:00,4.5
23.01.2025-17:00,2.66
23.01.2025-18:00,1.18
23.01.2025-19:00,0.01
23.01.2025-20:00,0.0
23.01.2025-21:00,0.0
23.01.2025-22:00,0.0
23.01.2025-23:00,0.0
24.01.2025-00:00,0.0
24.01.2025-01:00,0.0
24.01.2025-02:00,0.0
24.01.2025-03:00,0.0
24.01.2025-04:00,0.0
24.01.2025-05:00,0.0
24.01.2025-06:00,0.56
24.01.2025-07:00,1.76
24.01.2025-08:00,2.35
24.01.2025-09:00,4.9
24.01.2025-10:00,6.07
24.01.2025-11:00,6.63
24.01.2025-12:00,1.27
24.01.2025-13:00,5.3
24.01.2025-14:00,3.21
24.01.2025-15:00,1.28
24.01.2025-16:00,2.15
24.01.2025-17:00,0.9
24.01.2025-18:00,0.18
24.01.2025-19:00,0.0
24.01.2025-20:00,0.0
24.01.2025-21:00,0.0
24.01.2025-22:00,0.0
24.01.2025-23:00,0.0
25.01.2025-00:00,0.0
25.01.2025-01:00,0.0
25.01.2025-02:00,0.0
25.01.2025-03:00,0.0
25.01.2025-04:00,0.0
25.01.2025-05:00,0.0
25.01.2025-06:00,0.34
25.01.2025-07:00,2.6
25.01.2025-08:00,3.76
25.01.2025-09:00,5.24
25.01.2025-10:00,5.14
25.01.2025-11:00,6.79
25.01.2025-12:00,6.82
25.01.2025-13:00,6.99
25.01.2025-14:00,5.1
25.01.2025-15:00,5.6
25.01.2025-16:00,4.46
25.01.2025-17:00,2.7
25.01.2025-18:00,1.15
25.01.2025-19:00,0.07
25.01.2025-20:00,0.0
25.01.2025-21:00,0.0
25.01.2025-22:00,0.0
25.01.2025-23:00,0.0
26.01.2025-00:00,0.0
26.01.2025-01:00,0.0
26.01.2025-02:00,0.0
26.01.2025-03:00,0.0
26.01.2025-04:00,0.0
26.01.2025-05:00,0.0
26.01.2025-06:00,0.79
26.01.2025-07:00,2.39
26.01.2025-08:00,4.07
26.01.2025-09:00,5.82
26.01.2025-10:00,7.02
26.01.2025-11:00,7.41
26.01.2025-12:00,7.29
26.01.2025-13:00,7.52
26.01.2025-14:00,7.04
26.01.2025-15:00,5.84
26.01.2025-16:00,3.91
26.01.2025-17:00,2.46
26.01.2025-18:00,0.98
26.01.2025-19:00,0.0
26.01.2025-20:00,0.0
26.01.2025-21:00,0.0
26.01.2025-22:00,0.0
26.01.2025-23:00,0.0
27.01.2025-00:00,0.0
27.01.2025-01:00,0.0
27.01.2025-02:00,0.0
27.01.2025-03:00,0.0
27.01.2025-04:00,0.0
27.01.2025-05:00,0.0
27.01.2025-06:00,0.5
27.01.2025-07:00,2.31
27.01.2025-08:00,3.23
27.01.2025-09:00,4.35
27.01.2025-10:00,4.59
27.01.2025-11:00,4.17
27.01.2025-12:00,6.04
27.01.2025-13:00,4.13
27.01.2025-14:00,2.18
27.01.2025-15:00,2.68
27.01.2025-16:00,1.15
27.01.2025-17:00,0.64
27.01.2025-18:00,0.14
27.01.2025-19:00,0.0
27.01.2025-20:00,0.0
27.01.2025-21:00,0.0
27.01.2025-22:00,0.0
27.01.2025-23:00,0.0
28.01.2025-00:00,0.0
28.01.2025-01:00,0.0
28.01.2025-02:00,0.0
28.01.2025-03:00,0.0
28.01.2025-04:00,0.0
28.01.2025-05:00,0.0
28.01.2025-06:00,0.15
28.01.2025-07:00,0.88
28.01.2025-08:00,1.21
28.01.2025-09:00,3.48
28.01.2025-10:00,4.08
28.01.2025-11:00,4.34
28.01.2025-12:00,7.46
28.01.2025-13:00,7.0
28.01.2025-14:00,6.77
28.01.2025-15:00,5.49
28.01.2025-16:00,2.39
28.01.2025-17:00,1.71
28.01.2025-18:00,0.82
28.01.2025-19:00,0.01
28.01.2025-20:00,0.0
28.01.2025-21:00,0.0
28.01.2025-22:00,0.0
28.01.2025-23:00,0.0
29.01.2025-00:00,0.0
29.01.2025-01:00,0.0
29.01.2025-02:00,0.0
29.01.2025-03:00,0.0
29.01.2025-04:00,0.0
29.01.2025-05:00,0.0
29.01.2025-06:00,0.09
29.01.2025-07:00,1.06
29.01.2025-08:00,2.37
29.01.2025-09:00,1.9
29.01.2025-10:00,2.99
29.01.2025-11:00,3.32
29.01.2025-12:00,6.88
29.01.2025-13:00,2.07
29.01.2025-14:00,0.92
29.01.2025-15:00,1.21
29.01.2025-16:00,0.64
29.01.2025-17:00,0.55
29.01.2025-18:00,0.1
29.01.2025-19:00,0.0
29.01.2025-20:00,0.0
29.01.2025-21:00,0.0
29.01.2025-22:00,0.0
29.01.2025-23:00,0.0
30.01.2025-00:00,0.0
30.01.2025-01:00,0.0
30.01.2025-02:00,0.0
30.01.2025-03:00,0.0
30.01.2025-04:00,0.0
30.01.2025-05:00,0.0
30.01.2025-06:00,0.15
30.01.2025-07:00,1.37
30.01.2025-08:00,3.76
30.01.2025-09:00,4.29
30.01.2025-10:00,6.06
30.01.2025-11:00,5.92
30.01.2025-12:00,3.63
30.01.2025-13:00,2.93
30.01.2025-14:00,3.7
30.01.2025-15:00,2.97
30.01.2025-16:00,0.76
30.01.2025-17:00,0.92
30.01.2025-18:00,0.46
30.01.2025-19:00,0.0
30.01.2025-20:00,0.0
30.01.2025-21:00,0.0
30.01.2025-22:00,0.0
30.01.2025-23:00,0.0
31.01.2025-00:00,0.0
31.01.2025-01:00,0.0
31.01.2025-02:00,0.0
31.01.2025-03:00,0.0
31.01.2025-04:00,0.0
31.01.2025-05:00,0.0
31.01.2025-06:00,0.68
31.01.2025-07:00,2.29
31.01.2025-08:00,3.98
31.01.2025-09:00,4.44
31.01.2025-10:00,6.53
31.01.2025-11:00,6.91
31.01.2025-12:00,6.21
31.01.2025-13:00,6.66
31.01.2025-14:00,6.84
31.01.2025-15:00,5.52
31.01.2025-16:00,3.83
31.01.2025-17:00,1.38
31.01.2025-18:00,0.86
31.01.2025-19:00,0.01
31.01.2025-20:00,0.0
31.01.2025-21:00,0.0
31.01.2025-22:00,0.0
31.01.2025-23:00,0.0
01.02.2025-00:00,0.0
01.02.2025-01:00,0.0
01.02.2025-02:00,0.0
01.02.2025-03:00,0.0
01.02.2025-04:00,0.0
01.02.2025-05:00,0.0
01.02.2025-06:00,0.78
01.02.2025-07:00,2.21
01.02.2025-08:00,3.98
01.02.2025-09:00,4.4
01.02.2025-10:00,6.53
01.02.2025-11:00,6.59
01.02.2025-12:00,8.0
01.02.2025-13:00,7.69
01.02.2025-14:00,6.93
01.02.2025-15:00,5.82
01.02.2025-16:00,4.36
01.02.2025-17:00,2.62
01.02.2025-18:00,1.11
01.02.2025-19:00,0.04
01.02.2025-20:00,0.0
01.02.2025-21:00,0.0
01.02.2025-22:00,0.0
01.02.2025-23:00,0.0
02.02.2025-00:00,0.0
02.02.2025-01:00,0.0
02.02.2025-02:00,0.0
02.02.2025-03:00,0.0
02.02.2025-04:00,0.0
02.02.2025-05:00,0.0
02.02.2025-06:00,0.74
02.02.2025-07:00,1.85
02.02.2025-08:00,3.43
02.02.2025-09:00,5.79
02.02.2025-10:00,5.08
02.02.2025-11:00,4.99
02.02.2025-12:00,7.13
02.02.2025-13:00,7.38
02.02.2025-14:00,6.84
02.02.2025-15:00,5.79
02.02.2025-16:00,4.31
02.02.2025-17:00,2.42
02.02.2025-18:00,0.82
02.02.2025-19:00,0.0
02.02.2025-20:00,0.0
02.02.2025-21:00,0.0
02.02.2025-22:00,0.0
02.02.2025-23:00,0.0
03.02.2025-00:00,0.0
03.02.2025-01:00,0.0
03.02.2025-02:00,0.0
03.02.2025-03:00,0.0
03.02.2025-04:00,0.0
03.02.2025-05:00,0.0
03.02.2025-06:00,0.63
03.02.2025-07:00,1.86
03.02.2025-08:00,2.53
03.02.2025-09:00,4.71
03.02.2025-10:00,5.79
03.02.2025-11:00,6.31
03.02.2025-12:00,7.06
03.02.2025-13:00,7.22
03.02.2025-14:00,6.64
03.02.2025-15:00,5.66
03.02.2025-16:00,3.96
03.02.2025-17:00,2.17
03.02.2025-18:00,0.56
03.02.2025-19:00,0.0
03.02.2025-20:00,0.0
03.02.2025-21:00,0.0
03.02.2025-22:00,0.0
03.02.2025-23:00,0.0
04.02.2025-00:00,0.0
04.02.2025-01:00,0.0
04.02.2025-02:00,0.0
04.02.2025-03:00,0.0
04.02.2025-04:00,0.0
04.02.2025-05:00,0.0
04.02.2025-06:00,0.66
04.02.2025-07:00,2.06
04.02.2025-08:00,3.49
04.02.2025-09:00,5.2
04.02.2025-10:00,6.27
04.02.2025-11:00,6.84
04.02.2025-12:00,7.25
04.02.2025-13:00,6.96
04.02.2025-14:00,6.56
04.02.2025-15:00,5.41
04.02.2025-16:00,4.03
04.02.2025-17:00,2.36
04.02.2025-18:00,0.88
04.02.2025-19:00,0.0
04.02.2025-20:00,0.0
04.02.2025-21:00,0.0
04.02.2025-22:00,0.0
04.02.2025-23:00,0.0
05.02.2025-00:00,0.0
05.02.2025-01:00,0.0
05.02.2025-02:00,0.0
05.02.2025-03:00,0.0
05.02.2025-04:00,0.0
05.02.2025-05:00,0.0
05.02.2025-06:00,0.51
05.02.2025-07:00,1.74
05.02.2025-08:00,2.54
05.02.2025-09:00,3.7
05.02.2025-10:00,5.27
05.02.2025-11:00,6.68
05.02.2025-12:00,7.06
05.02.2025-13:00,7.06
05.02.2025-14:00,5.19
05.02.2025-15:00,4.86
05.02.2025-16:00,2.34
05.02.2025-17:00,1.09
05.02.2025-18:00,0.25
05.02.2025-19:00,0.0
05.02.2025-20:00,0.0
05.02.2025-21:00,0.0
05.02.2025-22:00,0.0
05.02.2025-23:00,0.0
06.02.2025-00:00,0.0
06.02.2025-01:00,0.0
06.02.2025-02:00,0.0
06.02.2025-03:00,0.0
06.02.2025-04:00,0.0
06.02.2025-05:00,0.0
06.02.2025-06:00,0.61
06.02.2025-07:00,2.37
06.02.2025-08:00,2.59
06.02.2025-09:00,5.29
06.02.2025-10:00,6.76
06.02.2025-11:00,7.79
06.02.2025-12:00,7.38
06.02.2025-13:00,7.18
06.02.2025-14:00,5.92
06.02.2025-15:00,4.14
06.02.2025-16:00,3.25
06.02.2025-17:00,2.06
06.02.2025-18:00,0.76
06.02.2025-19:00,0.0
06.02.2025-20:00,0.0
06.02.2025-21:00,0.0
06.02.2025-22:00,0.0
06.02.2025-23:00,0.0
07.02.2025-00:00,0.0
07.02.2025-01:00,0.0
07.02.2025-02:00,0.0
07.02.2025-03:00,0.0
07.02.2025-04:00,0.0
07.02.2025-05:00,0.0
07.02.2025-06:00,0.58
07.02.2025-07:00,2.14
07.02.2025-08:00,3.18
07.02.2025-09:00,4.63
07.02.2025-10:00,6.62
07.02.2025-11:00,7.78
07.02.2025-12:00,6.61
07.02.2025-13:00,7.41
07.02.2025-14:00,6.93
07.02.2025-15:00,5.79
07.02.2025-16:00,4.27
07.02.2025-17:00,2.41
07.02.2025-18:00,1.05
07.02.2025-19:00,0.0
07.02.2025-20:00,0.0
07.02.2025-21:00,0.0
07.02.2025-22:00,0.0
07.02.2025-23:00,0.0
08.02.2025-00:00,0.0
08.02.2025-01:00,0.0
08.02.2025-02:00,0.0
08.02.2025-03:00,0.0
08.02.2025-04:00,0.0
08.02.2025-05:00,0.0
08.02.2025-06:00,0.39
08.02.2025-07:00,2.1
08.02.2025-08:00,3.79
08.02.2025-09:00,4.5
08.02.2025-10:00,6.48
08.02.2025-11:00,7.22
08.02.2025-12:00,7.46
08.02.2025-13:00,7.44
08.02.2025-14:00,6.82
08.02.2025-15:00,5.68
08.02.2025-16:00,4.27
08.02.2025-17:00,2.49
08.02.2025-18:00,0.82
08.02.2025-19:00,0.0
08.02.2025-20:00,0.0
08.02.2025-21:00,0.0
08.02.2025-22:00,0.0
08.02.2025-23:00,0.0
09.02.2025-00:00,0.0
09.02.2025-01:00,0.0
09.02.2025-02:00,0.0
09.02.2025-03:00,0.0
09.02.2025-04:00,0.0
09.02.2025-05:00,0.0
09.02.2025-06:00,0.63
09.02.2025-07:00,2.12
09.02.2025-08:00,3.74
09.02.2025-09:00,5.31
09.02.2025-10:00,6.47
09.02.2025-11:00,7.15
09.02.2025-12:00,7.62
09.02.2025-13:00,7.25
09.02.2025-14:00,6.68
09.02.2025-15:00,5.42
09.02.2025-16:00,4.08
09.02.2025-17:00,2.37
09.02.2025-18:00,0.92
09.02.2025-19:00,0.0
09.02.2025-20:00,0.0
09.02.2025-21:00,0.0
09.02.2025-22:00,0.0
09.02.2025-23:00,0.0
10.02.2025-00:00,0.0
10.02.2025-01:00,0.0
10.02.2025-02:00,0.0
10.02.2025-03:00,0.0
10.02.2025-04:00,0.0
10.02.2025-05:00,0.0
10.02.2025-06:00,0.46
10.02.2025-07:00,1.98
10.02.2025-08:00,3.4
10.02.2025-09:00,5.12
10.02.2025-10:00,6.35
10.02.2025-11:00,7.1
10.02.2025-12:00,7.33
10.02.2025-13:00,7.13
10.02.2025-14:00,6.52
10.02.2025-15:00,5.51
10.02.2025-16:00,4.05
10.02.2025-17:00,2.32
10.02.2025-18:00,0.9
10.02.2025-19:00,0.0
10.02.2025-20:00,0.0
10.02.2025-21:00,0.0
10.02.2025-22:00,0.0
10.02.2025-23:00,0.0
11.02.2025-00:00,0.0
11.02.2025-01:00,0.0
11.02.2025-02:00,0.0
11.02.2025-03:00,0.0
11.02.2025-04:00,0.0
11.02.2025-05:00,0.0
11.02.2025-06:00,0.34
11.02.2025-07:00,1.43
11.02.2025-08:00,3.28
11.02.2025-09:00,4.75
11.02.2025-10:00,6.15
11.02.2025-11:00,6.36
11.02.2025-12:00,5.48
11.02.2025-13:00,3.06
11.02.2025-14:00,3.16
11.02.2025-15:00,2.87
11.02.2025-16:00,0.79
11.02.2025-17:00,0.15
11.02.2025-18:00,0.03
11.02.2025-19:00,0.0
11.02.2025-20:00,0.0
11.02.2025-21:00,0.0
11.02.2025-22:00,0.0
11.02.2025-23:00,0.0
12.02.2025-00:00,0.0
12.02.2025-01:00,0.0
12.02.2025-02:00,0.0
12.02.2025-03:00,0.0
12.02.2025-04:00,0.0
12.02.2025-05:00,0.0
12.02.2025-06:00,0.0
12.02.2025-07:00,0.22
12.02.2025-08:00,1.14
12.02.2025-09:00,1.51
12.02.2025-10:00,0.84
12.02.2025-11:00,1.37
12.02.2025-12:00,1.98
12.02.2025-13:00,1.37
12.02.2025-14:00,2.11
12.02.2025-15:00,1.97
12.02.2025-16:00,1.42
12.02.2025-17:00,1.06
12.02.2025-18:00,0.13
12.02.2025-19:00,0.0
12.02.2025-20:00,0.0
12.02.2025-21:00,0.0
12.02.2025-22:00,0.0
12.02.2025-23:00,0.0
13.02.2025-00:00,0.0
13.02.2025-01:00,0.0
13.02.2025-02:00,0.0
13.02.2025-03:00,0.0
13.02.2025-04:00,0.0
13.02.2025-05:00,0.0
13.02.2025-06:00,0.34
13.02.2025-07:00,1.2
13.02.2025-08:00,1.5
13.02.2025-09:00,2.25
13.02.2025-10:00,4.18
13.02.2025-11:00,3.82
13.02.2025-12:00,4.56
13.02.2025-13:00,6.25
13.02.2025-14:00,5.1
13.02.2025-15:00,4.27
13.02.2025-16:00,4.05
13.02.2025-17:00,2.4
13.02.2025-18:00,0.88
13.02.2025-19:00,0.0
13.02.2025-20:00,0.0
13.02.2025-21:00,0.0
13.02.2025-22:00,0.0
13.02.2025-23:00,0.0
14.02.2025-00:00,0.0
14.02.2025-01:00,0.0
14.02.2025-02:00,0.0
14.02.2025-03:00,0.0
14.02.2025-04:00,0.0
14.02.2025-05:00,0.0
14.02.2025-06:00,0.49
14.02.2025-07:00,2.0
14.02.2025-08:00,3.64
14.02.2025-09:00,5.33
14.02.2025-10:00,6.63
14.02.2025-11:00,7.23
14.02.2025-12:00,7.6
14.02.2025-13:00,7.41
14.02.2025-14:00,6.8
14.02.2025-15:00,4.97
14.02.2025-16:00,4.01
14.02.2025-17:00,2.46
14.02.2025-18:00,0.89
14.02.2025-19:00,0.0
14.02.2025-20:00,0.0
14.02.2025-21:00,0.0
14.02.2025-22:00,0.0
14.02.2025-23:00,0.0
15.02.2025-00:00,0.0
15.02.2025-01:00,0.0
15.02.2025-02:00,0.0
15.02.2025-03:00,0.0
15.02.2025-04:00,0.0
15.02.2025-05:00,0.0
15.02.2025-06:00,0.25
15.02.2025-07:00,1.45
15.02.2025-08:00,1.96
15.02.2025-09:00,2.86
15.02.2025-10:00,2.67
15.02.2025-11:00,2.71
15.02.2025-12:00,2.34
15.02.2025-13:00,2.85
15.02.2025-14:00,3.42
15.02.2025-15:00,3.55
15.02.2025-16:00,1.04
15.02.2025-17:00,1.77
15.02.2025-18:00,0.49
15.02.2025-19:00,0.0
15.02.2025-20:00,0.0
15.02.2025-21:00,0.0
15.02.2025-22:00,0.0
15.02.2025-23:00,0.0
16.02.2025-00:00,0.0
16.02.2025-01:00,0.0
16.02.2025-02:00,0.0
16.02.2025-03:00,0.0
16.02.2025-04:00,0.0
16.02.2025-05:00,0.0
16.02.2025-06:00,0.11
16.02.2025-07:00,1.63
16.02.2025-08:00,3.06
16.02.2025-09:00,4.62
16.02.2025-10:00,6.16
16.02.2025-11:00,5.96
16.02.2025-12:00,4.65
16.02.2025-13:00,2.41
16.02.2025-14:00,0.3
16.02.2025-15:00,2.92
16.02.2025-16:00,0.59
16.02.2025-17:00,0.0
16.02.2025-18:00,0.0
16.02.2025-19:00,0.0
16.02.2025-20:00,0.0
16.02.2025-21:00,0.0
16.02.2025-22:00,0.0
16.02.2025-23:00,0.0
17.02.2025-00:00,0.0
17.02.2025-01:00,0.0
17.02.2025-02:00,0.0
17.02.2025-03:00,0.0
17.02.2025-04:00,0.0
17.02.2025-05:00,0.0
17.02.2025-06:00,0.0
17.02.2025-07:00,0.76
17.02.2025-08:00,1.01
17.02.2025-09:00,2.81
17.02.2025-10:00,3.59
17.02.2025-11:00,2.56
17.02.2025-12:00,2.46
17.02.2025-13:00,1.58
17.02.2025-14:00,2.71
17.02.2025-15:00,3.38
17.02.2025-16:00,2.07
17.02.2025-17:00,0.99
17.02.2025-18:00,0.31
17.02.2025-19:00,0.0
17.02.2025-20:00,0.0
17.02.2025-21:00,0.0
17.02.2025-22:00,0.0
17.02.2025-23:00,0.0
18.02.2025-00:00,0.0
18.02.2025-01:00,0.0
18.02.2025-02:00,0.0
18.02.2025-03:00,0.0
18.02.2025-04:00,0.0
18.02.2025-05:00,0.0
18.02.2025-06:00,0.34
18.02.2025-07:00,1.48
18.02.2025-08:00,3.52
18.02.2025-09:00,5.23
18.02.2025-10:00,6.06
18.02.2025-11:00,7.46
18.02.2025-12:00,7.14
18.02.2025-13:00,7.58
18.02.2025-14:00,6.9
18.02.2025-15:00,5.75
18.02.2025-16:00,4.18
18.02.2025-17:00,2.38
18.02.2025-18:00,0.83
18.02.2025-19:00,0.0
18.02.2025-20:00,0.0
18.02.2025-21:00,0.0
18.02.2025-22:00,0.0
18.02.2025-23:00,0.0
19.02.2025-00:00,0.0
19.02.2025-01:00,0.0
19.02.2025-02:00,0.0
19.02.2025-03:00,0.0
19.02.2025-04:00,0.0
19.02.2025-05:00,0.0
19.02.2025-06:00,0.12
19.02.2025-07:00,0.9
19.02.2025-08:00,1.71
19.02.2025-09:00,5.16
19.02.2025-10:00,6.35
19.02.2025-11:00,6.81
19.02.2025-12:00,6.84
19.02.2025-13:00,4.4
19.02.2025-14:00,1.11
19.02.2025-15:00,2.69
19.02.2025-16:00,0.65
19.02.2025-17:00,1.79
19.02.2025-18:00,0.16
19.02.2025-19:00,0.01
19.02.2025-20:00,0.0
19.02.2025-21:00,0.0
19.02.2025-22:00,0.0
19.02.2025-23:00,0.0
20.02.2025-00:00,0.0
20.02.2025-01:00,0.0
20.02.2025-02:00,0.0
20.02.2025-03:00,0.0
20.02.2025-04:00,0.0
20.02.2025-05:00,0.0
20.02.2025-06:00,0.26
20.02.2025-07:00,1.5
20.02.2025-08:00,3.46
20.02.2025-09:00,4.4
20.02.2025-10:00,5.17
20.02.2025-11:00,6.21
20.02.2025-12:00,6.25
20.02.2025-13:00,6.32
20.02.2025-14:00,6.5
20.02.2025-15:00,5.5
20.02.2025-16:00,4.01
20.02.2025-17:00,2.25
20.02.2025-18:00,0.78
20.02.2025-19:00,0.0
20.02.2025-20:00,0.0
20.02.2025-21:00,0.0
20.02.2025-22:00,0.0
20.02.2025-23:00,0.0
21.02.2025-00:00,0.0
21.02.2025-01:00,0.0
21.02.2025-02:00,0.0
21.02.2025-03:00,0.0
21.02.2025-04:00,0.0
21.02.2025-05:00,0.0
21.02.2025-06:00,0.33
21.02.2025-07:00,1.78
21.02.2025-08:00,3.47
21.02.2025-09:00,3.71
21.02.2025-10:00,6.05
21.02.2025-11:00,6.61
21.02.2025-12:00,6.2
21.02.2025-13:00,4.27
21.02.2025-14:00,5.78
21.02.2025-15:00,5.41
21.02.2025-16:00,3.72
21.02.2025-17:00,2.21
21.02.2025-18:00,0.8
21.02.2025-19:00,0.0
21.02.2025-20:00,0.0
21.02.2025-21:00,0.0
21.02.2025-22:00,0.0
21.02.2025-23:00,0.0
22.02.2025-00:00,0.0
22.02.2025-01:00,0.0
22.02.2025-02:00,0.0
22.02.2025-03:00,0.0
22.02.2025-04:00,0.0
22.02.2025-05:00,0.0
22.02.2025-06:00,0.25
22.02.2025-07:00,1.74
22.02.2025-08:00,3.26
22.02.2025-09:00,4.54
22.02.2025-10:00,5.8
22.02.2025-11:00,6.4
22.02.2025-12:00,5.26
22.02.2025-13:00,5.79
22.02.2025-14:00,5.24
22.02.2025-15:00,4.09
22.02.2025-16:00,2.92
22.02.2025-17:00,1.87
22.02.2025-18:00,0.5
22.02.2025-19:00,0.0
22.02.2025-20:00,0.0
22.02.2025-21:00,0.0
22.02.2025-22:00,0.0
22.02.2025-23:00,0.0
23.02.2025-00:00,0.0
23.02.2025-01:00,0.0
23.02.2025-02:00,0.0
23.02.2025-03:00,0.0
23.02.2025-04:00,0.0
23.02.2025-05:00,0.0
23.02.2025-06:00,0.32
23.02.2025-07:00,1.42
23.02.2025-08:00,2.08
23.02.2025-09:00,2.65
23.02.2025-10:00,5.46
23.02.2025-11:00,6.52
23.02.2025-12:00,6.73
23.02.2025-13:00,6.14
23.02.2025-14:00,5.74
23.02.2025-15:00,5.02
23.02.2025-16:00,3.8
23.02.2025-17:00,1.84
23.02.2025-18:00,0.67
23.02.2025-19:00,0.0
23.02.2025-20:00,0.0
23.02.2025-21:00,0.0
23.02.2025-22:00,0.0
23.02.2025-23:00,0.0
24.02.2025-00:00,0.0
24.02.2025-01:00,0.0
24.02.2025-02:00,0.0
24.02.2025-03:00,0.0
24.02.2025-04:00,0.0
24.02.2025-05:00,0.0
24.02.2025-06:00,0.24
24.02.2025-07:00,1.71
24.02.2025-08:00,3.27
24.02.2025-09:00,3.97
24.02.2025-10:00,6.01
24.02.2025-11:00,6.69
24.02.2025-12:00,6.85
24.02.2025-13:00,6.85
24.02.2025-14:00,5.84
24.02.2025-15:00,4.56
24.02.2025-16:00,3.57
24.02.2025-17:00,1.58
24.02.2025-18:00,0.24
24.02.2025-19:00,0.0
24.02.2025-20:00,0.0
24.02.2025-21:00,0.0
24.02.2025-22:00,0.0
24.02.2025-23:00,0.0
25.02.2025-00:00,0.0
25.02.2025-01:00,0.0
25.02.2025-02:00,0.0
25.02.2025-03:00,0.0
25.02.2025-04:00,0.0
25.02.2025-05:00,0.0
25.02.2025-06:00,0.32
25.02.2025-07:00,1.71
25.02.2025-08:00,3.21
25.02.2025-09:00,4.7
25.02.2025-10:00,5.88
25.02.2025-11:00,6.66
25.02.2025-12:00,6.78
25.02.2025-13:00,6.26
25.02.2025-14:00,5.55
25.02.2025-15:00,4.4
25.02.2025-16:00,2.13
25.02.2025-17:00,0.47
25.02.2025-18:00,0.0
25.02.2025-19:00,0.0
25.02.2025-20:00,0.0
25.02.2025-21:00,0.0
25.02.2025-22:00,0.0
25.02.2025-23:00,0.0
26.02.2025-00:00,0.0
26.02.2025-01:00,0.0
26.02.2025-02:00,0.0
26.02.2025-03:00,0.0
26.02.2025-04:00,0.0
26.02.2025-05:00,0.0
26.02.2025-06:00,0.07
26.02.2025-07:00,0.25
26.02.2025-08:00,0.26
26.02.2025-09:00,2.39
26.02.2025-10:00,0.91
26.02.2025-11:00,2.13
26.02.2025-12:00,2.95
26.02.2025-13:00,2.63
26.02.2025-14:00,2.05
26.02.2025-15:00,1.31
26.02.2025-16:00,0.98
26.02.2025-17:00,0.61
26.02.2025-18:00,0.23
26.02.2025-19:00,0.0
26.02.2025-20:00,0.0
26.02.2025-21:00,0.0
26.02.2025-22:00,0.0
26.02.2025-23:00,0.0
27.02.2025-00:00,0.0
27.02.2025-01:00,0.0
27.02.2025-02:00,0.0
27.02.2025-03:00,0.0
27.02.2025-04:00,0.0
27.02.2025-05:00,0.0
27.02.2025-06:00,0.15
27.02.2025-07:00,1.21
27.02.2025-08:00,1.84
27.02.2025-09:00,2.3
27.02.2025-10:00,5.49
27.02.2025-11:00,5.42
27.02.2025-12:00,3.64
27.02.2025-13:00,2.74
27.02.2025-14:00,4.18
27.02.2025-15:00,4.75
27.02.2025-16:00,3.09
27.02.2025-17:00,1.21
27.02.2025-18:00,0.72
27.02.2025-19:00,0.0
27.02.2025-20:00,0.0
27.02.2025-21:00,0.0
27.02.2025-22:00,0.0
27.02.2025-23:00,0.0
28.02.2025-00:00,0.0
28.02.2025-01:00,0.0
28.02.2025-02:00,0.0
28.02.2025-03:00,0.0
28.02.2025-04:00,0.0
28.02.2025-05:00,0.0
28.02.2025-06:00,0.03
28.02.2025-07:00,0.62
28.02.2025-08:00,1.84
28.02.2025-09:00,2.81
28.02.2025-10:00,2.73
28.02.2025-11:00,3.81
28.02.2025-12:00,4.94
28.02.2025-13:00,5.92
28.02.2025-14:00,5.8
28.02.2025-15:00,4.62
28.02.2025-16:00,1.61
28.02.2025-17:00,0.47
28.02.2025-18:00,0.33
28.02.2025-19:00,0.0
28.02.2025-20:00,0.0
28.02.2025-21:00,0.0
28.02.2025-22:00,0.0
28.02.2025-23:00,0.0
01.03.2025-00:00,0.0
01.03.2025-01:00,0.0
01.03.2025-02:00,0.0
01.03.2025-03:00,0.0
01.03.2025-04:00,0.0
01.03.2025-05:00,0.0
01.03.2025-06:00,0.19
01.03.2025-07:00,1.39
01.03.2025-08:00,3.44
01.03.2025-09:00,3.29
01.03.2025-10:00,3.09
01.03.2025-11:00,5.01
01.03.2025-12:00,6.09
01.03.2025-13:00,6.74
01.03.2025-14:00,5.92
01.03.2025-15:00,4.91
01.03.2025-16:00,3.39
01.03.2025-17:00,1.65
01.03.2025-18:00,0.16
01.03.2025-19:00,0.0
01.03.2025-20:00,0.0
01.03.2025-21:00,0.0
01.03.2025-22:00,0.0
01.03.2025-23:00,0.0
02.03.2025-00:00,0.0
02.03.2025-01:00,0.0
02.03.2025-02:00,0.0
02.03.2025-03:00,0.0
02.03.2025-04:00,0.0
02.03.2025-05:00,0.0
02.03.2025-06:00,0.17
02.03.2025-07:00,1.2
02.03.2025-08:00,2.5
02.03.2025-09:00,4.15
02.03.2025-10:00,3.31
02.03.2025-11:00,2.96
02.03.2025-12:00,4.78
02.03.2025-13:00,2.71
02.03.2025-14:00,2.29
02.03.2025-15:00,3.16
02.03.2025-16:00,1.37
02.03.2025-17:00,1.46
02.03.2025-18:00,0.38
02.03.2025-19:00,0.0
02.03.2025-20:00,0.0
02.03.2025-21:00,0.0
02.03.2025-22:00,0.0
02.03.2025-23:00,0.0
03.03.2025-00:00,0.0
03.03.2025-01:00,0.0
03.03.2025-02:00,0.0
03.03.2025-03:00,0.0
03.03.2025-04:00,0.0
03.03.2025-05:00,0.0
03.03.2025-06:00,0.15
03.03.2025-07:00,1.29
03.03.2025-08:00,2.64
03.03.2025-09:00,4.42
03.03.2025-10:00,5.75
03.03.2025-11:00,6.43
03.03.2025-12:00,6.6
03.03.2025-13:00,6.35
03.03.2025-14:00,5.77
03.03.2025-15:00,4.7
03.03.2025-16:00,1.85
03.03.2025-17:00,0.19
03.03.2025-18:00,0.0
03.03.2025-19:00,0.0
03.03.2025-20:00,0.0
03.03.2025-21:00,0.0
03.03.2025-22:00,0.0
03.03.2025-23:00,0.0
04.03.2025-00:00,0.0
04.03.2025-01:00,0.0
04.03.2025-02:00,0.0
04.03.2025-03:00,0.0
04.03.2025-04:00,0.0
04.03.2025-05:00,0.0
04.03.2025-06:00,0.01
04.03.2025-07:00,1.06
04.03.2025-08:00,1.78
04.03.2025-09:00,3.7
04.03.2025-10:00,5.86
04.03.2025-11:00,6.57
04.03.2025-12:00,6.81
04.03.2025-13:00,6.56
04.03.2025-14:00,5.87
04.03.2025-15:00,4.87
04.03.2025-16:00,3.41
04.03.2025-17:00,1.75
04.03.2025-18:00,0.47
04.03.2025-19:00,0.0
04.03.2025-20:00,0.0
04.03.2025-21:00,0.0
04.03.2025-22:00,0.0
04.03.2025-23:00,0.0
05.03.2025-00:00,0.0
05.03.2025-01:00,0.0
05.03.2025-02:00,0.0
05.03.2025-03:00,0.0
05.03.2025-04:00,0.0
05.03.2025-05:00,0.0
05.03.2025-06:00,0.16
05.03.2025-07:00,1.55
05.03.2025-08:00,3.07
05.03.2025-09:00,4.72
05.03.2025-10:00,5.85
05.03.2025-11:00,6.48
05.03.2025-12:00,6.73
05.03.2025-13:00,6.3
05.03.2025-14:00,5.88
05.03.2025-15:00,4.8
05.03.2025-16:00,3.3
05.03.2025-17:00,1.69
05.03.2025-18:00,0.42
05.03.2025-19:00,0.0
05.03.2025-20:00,0.0
05.03.2025-21:00,0.0
05.03.2025-22:00,0.0
05.03.2025-23:00,0.0
06.03.2025-00:00,0.0
06.03.2025-01:00,0.0
06.03.2025-02:00,0.0
06.03.2025-03:00,0.0
06.03.2025-04:00,0.0
06.03.2025-05:00,0.0
06.03.2025-06:00,0.14
06.03.2025-07:00,1.47
06.03.2025-08:00,3.09
06.03.2025-09:00,4.7
06.03.2025-10:00,5.72
06.03.2025-11:00,6.35
06.03.2025-12:00,6.57
06.03.2025-13:00,6.3
06.03.2025-14:00,3.44
06.03.2025-15:00,4.18
06.03.2025-16:00,3.48
06.03.2025-17:00,1.19
06.03.2025-18:00,0.23
06.03.2025-19:00,0.0
06.03.2025-20:00,0.0
06.03.2025-21:00,0.0
06.03.2025-22:00,0.0
06.03.2025-23:00,0.0
07.03.2025-00:00,0.0
07.03.2025-01:00,0.0
07.03.2025-02:00,0.0
07.03.2025-03:00,0.0
07.03.2025-04:00,0.0
07.03.2025-05:00,0.0
07.03.2025-06:00,0.15
07.03.2025-07:00,1.59
07.03.2025-08:00,3.17
07.03.2025-09:00,4.8
07.03.2025-10:00,5.66
07.03.2025-11:00,6.52
07.03.2025-12:00,6.76
07.03.2025-13:00,6.54
07.03.2025-14:00,5.86
07.03.2025-15:00,4.73
07.03.2025-16:00,3.23
07.03.2025-17:00,1.66
07.03.2025-18:00,0.35
07.03.2025-19:00,0.0
07.03.2025-20:00,0.0
07.03.2025-21:00,0.0
07.03.2025-22:00,0.0
07.03.2025-23:00,0.0
08.03.2025-00:00,0.0
08.03.2025-01:00,0.0
08.03.2025-02:00,0.0
08.03.2025-03:00,0.0
08.03.2025-04:00,0.0
08.03.2025-05:00,0.0
08.03.2025-06:00,0.11
08.03.2025-07:00,1.42
08.03.2025-08:00,2.96
08.03.2025-09:00,4.49
08.03.2025-10:00,5.64
08.03.2025-11:00,6.31
08.03.2025-12:00,6.67
08.03.2025-13:00,6.54
08.03.2025-14:00,5.45
08.03.2025-15:00,3.22
08.03.2025-16:00,0.49
08.03.2025-17:00,0.6
08.03.2025-18:00,0.1
08.03.2025-19:00,0.0
08.03.2025-20:00,0.0
08.03.2025-21:00,0.0
08.03.2025-22:00,0.0
08.03.2025-23:00,0.0
09.03.2025-00:00,0.0
09.03.2025-01:00,0.0
09.03.2025-02:00,0.0
09.03.2025-03:00,0.0
09.03.2025-04:00,0.0
09.03.2025-05:00,0.0
09.03.2025-06:00,0.0
09.03.2025-07:00,0.06
09.03.2025-08:00,0.56
09.03.2025-09:00,1.1
09.03.2025-10:00,5.07
09.03.2025-11:00,6.33
09.03.2025-12:00,7.02
09.03.2025-13:00,4.89
09.03.2025-14:00,4.59
09.03.2025-15:00,4.14
09.03.2025-16:00,2.49
09.03.2025-17:00,1.48
09.03.2025-18:00,0.34
09.03.2025-19:00,0.0
09.03.2025-20:00,0.0
09.03.2025-21:00,0.0
09.03.2025-22:00,0.0
09.03.2025-23:00,0.0
10.03.2025-00:00,0.0
10.03.2025-01:00,0.0
10.03.2025-02:00,0.0
10.03.2025-03:00,0.0
10.03.2025-04:00,0.0
10.03.2025-05:00,0.0
10.03.2025-06:00,0.0
10.03.2025-07:00,1.49
10.03.2025-08:00,2.72
10.03.2025-09:00,4.92
10.03.2025-10:00,6.17
10.03.2025-11:00,6.17
10.03.2025-12:00,5.98
10.03.2025-13:00,5.67
10.03.2025-14:00,4.6
10.03.2025-15:00,2.0
10.03.2025-16:00,3.32
10.03.2025-17:00,1.62
10.03.2025-18:00,0.28
10.03.2025-19:00,0.0
10.03.2025-20:00,0.0
10.03.2025-21:00,0.0
10.03.2025-22:00,0.0
10.03.2025-23:00,0.0
11.03.2025-00:00,0.0
11.03.2025-01:00,0.0
11.03.2025-02:00,0.0
11.03.2025-03:00,0.0
11.03.2025-04:00,0.0
11.03.2025-05:00,0.0
11.03.2025-06:00,0.12
11.03.2025-07:00,1.59
11.03.2025-08:00,3.17
11.03.2025-09:00,4.76
11.03.2025-10:00,5.09
11.03.2025-11:00,6.41
11.03.2025-12:00,6.64
11.03.2025-13:00,6.73
11.03.2025-14:00,5.99
11.03.2025-15:00,4.8
11.03.2025-16:00,3.2
11.03.2025-17:00,1.55
11.03.2025-18:00,0.28
11.03.2025-19:00,0.0
11.03.2025-20:00,0.0
11.03.2025-21:00,0.0
11.03.2025-22:00,0.0
11.03.2025-23:00,0.0
12.03.2025-00:00,0.0
12.03.2025-01:00,0.0
12.03.2025-02:00,0.0
12.03.2025-03:00,0.0
12.03.2025-04:00,0.0
12.03.2025-05:00,0.0
12.03.2025-06:00,0.02
12.03.2025-07:00,1.46
12.03.2025-08:00,2.87
12.03.2025-09:00,4.61
12.03.2025-10:00,2.7
12.03.2025-11:00,4.8
12.03.2025-12:00,3.81
12.03.2025-13:00,5.62
12.03.2025-14:00,2.32
12.03.2025-15:00,0.7
12.03.2025-16:00,0.35
12.03.2025-17:00,0.19
12.03.2025-18:00,0.0
12.03.2025-19:00,0.0
12.03.2025-20:00,0.0
12.03.2025-21:00,0.0
12.03.2025-22:00,0.0
12.03.2025-23:00,0.0
13.03.2025-00:00,0.0
13.03.2025-01:00,0.0
13.03.2025-02:00,0.0
13.03.2025-03:00,0.0
13.03.2025-04:00,0.0
13.03.2025-05:00,0.0
13.03.2025-06:00,0.0
13.03.2025-07:00,0.16
13.03.2025-08:00,1.71
13.03.2025-09:00,4.41
13.03.2025-10:00,4.82
13.03.2025-11:00,5.01
13.03.2025-12:00,5.35
13.03.2025-13:00,5.24
13.03.2025-14:00,5.39
13.03.2025-15:00,5.22
13.03.2025-16:00,3.43
13.03.2025-17:00,1.71
13.03.2025-18:00,0.28
13.03.2025-19:00,0.0
13.03.2025-20:00,0.0
13.03.2025-21:00,0.0
13.03.2025-22:00,0.0
13.03.2025-23:00,0.0
14.03.2025-00:00,0.0
14.03.2025-01:00,0.0
14.03.2025-02:00,0.0
14.03.2025-03:00,0.0
14.03.2025-04:00,0.0
14.03.2025-05:00,0.0
14.03.2025-06:00,0.0
14.03.2025-07:00,1.04
14.03.2025-08:00,2.9
14.03.2025-09:00,4.65
14.03.2025-10:00,5.43
14.03.2025-11:00,6.14
14.03.2025-12:00,6.42
14.03.2025-13:00,6.33
14.03.2025-14:00,6.28
14.03.2025-15:00,5.02
14.03.2025-16:00,3.81
14.03.2025-17:00,1.62
14.03.2025-18:00,0.25
14.03.2025-19:00,0.0
14.03.2025-20:00,0.0
14.03.2025-21:00,0.0
14.03.2025-22:00,0.0
14.03.2025-23:00,0.0
15.03.2025-00:00,0.0
15.03.2025-01:00,0.0
15.03.2025-02:00,0.0
15.03.2025-03:00,0.0
15.03.2025-04:00,0.0
15.03.2025-05:00,0.0
15.03.2025-06:00,0.01
15.03.2025-07:00,0.69
15.03.2025-08:00,2.36
15.03.2025-09:00,3.4
15.03.2025-10:00,5.65
15.03.2025-11:00,5.3
15.03.2025-12:00,4.2
15.03.2025-13:00,3.51
15.03.2025-14:00,1.9
15.03.2025-15:00,3.81
15.03.2025-16:00,3.59
15.03.2025-17:00,1.74
15.03.2025-18:00,0.17
15.03.2025-19:00,0.0
15.03.2025-20:00,0.0
15.03.2025-21:00,0.0
15.03.2025-22:00,0.0
15.03.2025-23:00,0.0
16.03.2025-00:00,0.0
16.03.2025-01:00,0.0
16.03.2025-02:00,0.0
16.03.2025-03:00,0.0
16.03.2025-04:00,0.0
16.03.2025-05:00,0.0
16.03.2025-06:00,0.02
16.03.2025-07:00,0.7
16.03.2025-08:00,2.0
16.03.2025-09:00,3.09
16.03.2025-10:00,3.9
16.03.2025-11:00,3.6
16.03.2025-12:00,4.58
16.03.2025-13:00,6.31
16.03.2025-14:00,5.77
16.03.2025-15:00,4.51
16.03.2025-16:00,2.29
16.03.2025-17:00,0.87
16.03.2025-18:00,0.1
16.03.2025-19:00,0.0
16.03.2025-20:00,0.0
16.03.2025-21:00,0.0
16.03.2025-22:00,0.0
16.03.2025-23:00,0.0
17.03.2025-00:00,0.0
17.03.2025-01:00,0.0
17.03.2025-02:00,0.0
17.03.2025-03:00,0.0
17.03.2025-04:00,0.0
17.03.2025-05:00,0.0
17.03.2025-06:00,0.07
17.03.2025-07:00,1.32
17.03.2025-08:00,2.82
17.03.2025-09:00,3.78
17.03.2025-10:00,4.57
17.03.2025-11:00,5.54
17.03.2025-12:00,6.82
17.03.2025-13:00,5.05
17.03.2025-14:00,4.37
17.03.2025-15:00,4.38
17.03.2025-16:00,2.26
17.03.2025-17:00,0.79
17.03.2025-18:00,0.04
17.03.2025-19:00,0.0
17.03.2025-20:00,0.0
17.03.2025-21:00,0.0
17.03.2025-22:00,0.0
17.03.2025-23:00,0.0
18.03.2025-00:00,0.0
18.03.2025-01:00,0.0
18.03.2025-02:00,0.0
18.03.2025-03:00,0.0
18.03.2025-04:00,0.0
18.03.2025-05:00,0.0
18.03.2025-06:00,0.07
18.03.2025-07:00,1.4
18.03.2025-08:00,2.94
18.03.2025-09:00,4.56
18.03.2025-10:00,5.67
18.03.2025-11:00,6.7
18.03.2025-12:00,6.92
18.03.2025-13:00,6.52
18.03.2025-14:00,5.93
18.03.2025-15:00,4.42
18.03.2025-16:00,3.02
18.03.2025-17:00,1.53
18.03.2025-18:00,0.17
18.03.2025-19:00,0.0
18.03.2025-20:00,0.0
18.03.2025-21:00,0.0
18.03.2025-22:00,0.0
18.03.2025-23:00,0.0
19.03.2025-00:00,0.0
19.03.2025-01:00,0.0
19.03.2025-02:00,0.0
19.03.2025-03:00,0.0
19.03.2025-04:00,0.0
19.03.2025-05:00,0.0
19.03.2025-06:00,0.09
19.03.2025-07:00,1.2
19.03.2025-08:00,2.35
19.03.2025-09:00,4.29
19.03.2025-10:00,5.25
19.03.2025-11:00,6.56
19.03.2025-12:00,6.25
19.03.2025-13:00,6.59
19.03.2025-14:00,5.6
19.03.2025-15:00,4.54
19.03.2025-16:00,2.92
19.03.2025-17:00,1.46
19.03.2025-18:00,0.15
19.03.2025-19:00,0.0
19.03.2025-20:00,0.0
19.03.2025-21:00,0.0
19.03.2025-22:00,0.0
19.03.2025-23:00,0.0
20.03.2025-00:00,0.0
20.03.2025-01:00,0.0
20.03.2025-02:00,0.0
20.03.2025-03:00,0.0
20.03.2025-04:00,0.0
20.03.2025-05:00,0.0
20.03.2025-06:00,0.0
20.03.2025-07:00,0.95
20.03.2025-08:00,2.61
20.03.2025-09:00,3.9
20.03.2025-10:00,4.4
20.03.2025-11:00,5.03
20.03.2025-12:00,4.35
20.03.2025-13:00,5.73
20.03.2025-14:00,4.25
20.03.2025-15:00,4.22
20.03.2025-16:00,2.64
20.03.2025-17:00,1.38
20.03.2025-18:00,0.06
20.03.2025-19:00,0.0
20.03.2025-20:00,0.0
20.03.2025-21:00,0.0
20.03.2025-22:00,0.0
20.03.2025-23:00,0.0
21.03.2025-00:00,0.0
21.03.2025-01:00,0.0
21.03.2025-02:00,0.0
21.03.2025-03:00,0.0
21.03.2025-04:00,0.0
21.03.2025-05:00,0.0
21.03.2025-06:00,0.03
21.03.2025-07:00,1.2
21.03.2025-08:00,2.74
21.03.2025-09:00,4.34
21.03.2025-10:00,5.48
21.03.2025-11:00,5.66
21.03.2025-12:00,5.27
21.03.2025-13:00,5.32
21.03.2025-14:00,4.7
21.03.2025-15:00,4.19
21.03.2025-16:00,2.68
21.03.2025-17:00,1.29
21.03.2025-18:00,0.09
21.03.2025-19:00,0.0
21.03.2025-20:00,0.0
21.03.2025-21:00,0.0
21.03.2025-22:00,0.0
21.03.2025-23:00,0.0
22.03.2025-00:00,0.0
22.03.2025-01:00,0.0
22.03.2025-02:00,0.0
22.03.2025-03:00,0.0
22.03.2025-04:00,0.0
22.03.2025-05:00,0.0
22.03.2025-06:00,0.01
22.03.2025-07:00,0.83
22.03.2025-08:00,1.76
22.03.2025-09:00,2.99
22.03.2025-10:00,3.73
22.03.2025-11:00,4.9
22.03.2025-12:00,3.04
22.03.2025-13:00,2.86
22.03.2025-14:00,3.14
22.03.2025-15:00,2.36
22.03.2025-16:00,1.93
22.03.2025-17:00,0.45
22.03.2025-18:00,0.0
22.03.2025-19:00,0.0
22.03.2025-20:00,0.0
22.03.2025-21:00,0.0
22.03.2025-22:00,0.0
22.03.2025-23:00,0.0
23.03.2025-00:00,0.0
23.03.2025-01:00,0.0
23.03.2025-02:00,0.0
23.03.2025-03:00,0.0
23.03.2025-04:00,0.0
23.03.2025-05:00,0.0
23.03.2025-06:00,0.0
23.03.2025-07:00,0.21
23.03.2025-08:00,0.99
23.03.2025-09:00,3.91
23.03.2025-10:00,5.06
23.03.2025-11:00,5.74
23.03.2025-12:00,5.9
23.03.2025-13:00,5.23
23.03.2025-14:00,4.86
23.03.2025-15:00,3.31
23.03.2025-16:00,2.33
23.03.2025-17:00,1.02
23.03.2025-18:00,0.06
23.03.2025-19:00,0.0
23.03.2025-20:00,0.0
23.03.2025-21:00,0.0
23.03.2025-22:00,0.0
23.03.2025-23:00,0.0
24.03.2025-00:00,0.0
24.03.2025-01:00,0.0
24.03.2025-02:00,0.0
24.03.2025-03:00,0.0
24.03.2025-04:00,0.0
24.03.2025-05:00,0.0
24.03.2025-06:00,0.0
24.03.2025-07:00,0.64
24.03.2025-08:00,1.93
24.03.2025-09:00,3.92
24.03.2025-10:00,4.52
24.03.2025-11:00,6.19
24.03.2025-12:00,6.49
24.03.2025-13:00,6.16
24.03.2025-14:00,5.39
24.03.2025-15:00,4.16
24.03.2025-16:00,2.63
24.03.2025-17:00,1.23
24.03.2025-18:00,0.06
24.03.2025-19:00,0.0
24.03.2025-20:00,0.0
24.03.2025-21:00,0.0
24.03.2025-22:00,0.0
24.03.2025-23:00,0.0
25.03.2025-00:00,0.0
25.03.2025-01:00,0.0
25.03.2025-02:00,0.0
25.03.2025-03:00,0.0
25.03.2025-04:00,0.0
25.03.2025-05:00,0.0
25.03.2025-06:00,0.01
25.03.2025-07:00,0.93
25.03.2025-08:00,2.23
25.03.2025-09:00,3.23
25.03.2025-10:00,3.19
25.03.2025-11:00,3.78
25.03.2025-12:00,4.2
25.03.2025-13:00,2.18
25.03.2025-14:00,3.86
25.03.2025-15:00,2.02
25.03.2025-16:00,1.96
25.03.2025-17:00,0.53
25.03.2025-18:00,0.0
25.03.2025-19:00,0.0
25.03.2025-20:00,0.0
25.03.2025-21:00,0.0
25.03.2025-22:00,0.0
25.03.2025-23:00,0.0
26.03.2025-00:00,0.0
26.03.2025-01:00,0.0
26.03.2025-02:00,0.0
26.03.2025-03:00,0.0
26.03.2025-04:00,0.0
26.03.2025-05:00,0.0
26.03.2025-06:00,0.03
26.03.2025-07:00,1.21
26.03.2025-08:00,2.48
26.03.2025-09:00,4.36
26.03.2025-10:00,3.13
26.03.2025-11:00,3.33
26.03.2025-12:00,4.6
26.03.2025-13:00,3.32
26.03.2025-14:00,3.25
26.03.2025-15:00,2.81
26.03.2025-16:00,1.88
26.03.2025-17:00,0.49
26.03.2025-18:00,0.0
26.03.2025-19:00,0.0
26.03.2025-20:00,0.0
26.03.2025-21:00,0.0
26.03.2025-22:00,0.0
26.03.2025-23:00,0.0
27.03.2025-00:00,0.0
27.03.2025-01:00,0.0
27.03.2025-02:00,0.0
27.03.2025-03:00,0.0
27.03.2025-04:00,0.0
27.03.2025-05:00,0.0
27.03.2025-06:00,0.0
27.03.2025-07:00,0.3
27.03.2025-08:00,1.48
27.03.2025-09:00,2.03
27.03.2025-10:00,3.02
27.03.2025-11:00,2.63
27.03.2025-12:00,2.19
27.03.2025-13:00,1.07
27.03.2025-14:00,0.18
27.03.2025-15:00,0.01
27.03.2025-16:00,0.01
27.03.2025-17:00,0.04
27.03.2025-18:00,0.0
27.03.2025-19:00,0.0
27.03.2025-20:00,0.0
27.03.2025-21:00,0.0
27.03.2025-22:00,0.0
27.03.2025-23:00,0.0
28.03.2025-00:00,0.0
28.03.2025-01:00,0.0
28.03.2025-02:00,0.0
28.03.2025-03:00,0.0
28.03.2025-04:00,0.0
28.03.2025-05:00,0.0
28.03.2025-06:00,0.0
28.03.2025-07:00,0.31
28.03.2025-08:00,1.25
28.03.2025-09:00,2.82
28.03.2025-10:00,3.52
28.03.2025-11:00,3.97
28.03.2025-12:00,5.36
28.03.2025-13:00,5.9
28.03.2025-14:00,3.87
28.03.2025-15:00,3.52
28.03.2025-16:00,2.34
28.03.2025-17:00,0.68
28.03.2025-18:00,0.0
28.03.2025-19:00,0.0
28.03.2025-20:00,0.0
28.03.2025-21:00,0.0
28.03.2025-22:00,0.0
28.03.2025-23:00,0.0
29.03.2025-00:00,0.0
29.03.2025-01:00,0.0
29.03.2025-02:00,0.0
29.03.2025-03:00,0.0
29.03.2025-04:00,0.0
29.03.2025-05:00,0.0
29.03.2025-06:00,0.0
29.03.2025-07:00,1.05
29.03.2025-08:00,2.2
29.03.2025-09:00,3.29
29.03.2025-10:00,4.74
29.03.2025-11:00,6.06
29.03.2025-12:00,6.21
29.03.2025-13:00,5.56
29.03.2025-14:00,4.97
29.03.2025-15:00,4.49
29.03.2025-16:00,1.88
29.03.2025-17:00,0.67
29.03.2025-18:00,0.0
29.03.2025-19:00,0.0
29.03.2025-20:00,0.0
29.03.2025-21:00,0.0
29.03.2025-22:00,0.0
29.03.2025-23:00,0.0
30.03.2025-00:00,0.0
30.03.2025-01:00,0.0
30.03.2025-02:00,0.0
30.03.2025-03:00,0.0
30.03.2025-04:00,0.0
30.03.2025-05:00,0.0
30.03.2025-06:00,0.0
30.03.2025-07:00,1.09
30.03.2025-08:00,2.59
30.03.2025-09:00,4.24
30.03.2025-10:00,5.41
30.03.2025-11:00,6.04
30.03.2025-12:00,6.28
30.03.2025-13:00,5.75
30.03.2025-14:00,5.19
30.03.2025-15:00,3.9
30.03.2025-16:00,2.38
30.03.2025-17:00,1.04
30.03.2025-18:00,0.0
30.03.2025-19:00,0.0
30.03.2025-20:00,0.0
30.03.2025-21:00,0.0
30.03.2025-22:00,0.0
30.03.2025-23:00,0.0
31.03.2025-00:00,0.0
31.03.2025-01:00,0.0
31.03.2025-02:00,0.0
31.03.2025-03:00,0.0
31.03.2025-04:00,0.0
31.03.2025-05:00,0.0
31.03.2025-06:00,0.0
31.03.2025-07:00,1.01
31.03.2025-08:00,2.34
31.03.2025-09:00,3.72
31.03.2025-10:00,4.92
31.03.2025-11:00,3.77
31.03.2025-12:00,2.74
31.03.2025-13:00,0.44
31.03.2025-14:00,0.12
31.03.2025-15:00,0.46
31.03.2025-16:00,0.12
31.03.2025-17:00,0.05
31.03.2025-18:00,0.0
31.03.2025-19:00,0.0
31.03.2025-20:00,0.0
31.03.2025-21:00,0.0
31.03.2025-22:00,0.0
31.03.2025-23:00,0.0
