timestamp,AirTemperature,vento_kmh,GHI,WindSpeed
2024-07-31 00:00:00-03:00,11.6,14.9,0,4.138888888888889
2024-07-31 01:00:00-03:00,11.9,15.7,0,4.361111111111111
2024-07-31 02:00:00-03:00,11.8,14.9,0,4.138888888888889
2024-07-31 03:00:00-03:00,11.6,12.6,0,3.5
2024-07-31 04:00:00-03:00,11.3,11.5,0,3.194444444444444
2024-07-31 05:00:00-03:00,10.9,11.9,0,3.305555555555556
2024-07-31 06:00:00-03:00,10.7,11.8,0,3.2777777777777777
2024-07-31 07:00:00-03:00,10.6,12.2,0,3.3888888888888884
2024-07-31 08:00:00-03:00,10.8,13.2,18,3.6666666666666665
2024-07-31 09:00:00-03:00,12.7,12.0,143,3.333333333333333
2024-07-31 10:00:00-03:00,15.4,11.0,312,3.055555555555556
2024-07-31 11:00:00-03:00,17.8,14.4,474,4.0
2024-07-31 12:00:00-03:00,19.2,16.3,571,4.527777777777778
2024-07-31 13:00:00-03:00,20.1,14.7,609,4.083333333333333
2024-07-31 14:00:00-03:00,20.7,13.0,584,3.611111111111111
2024-07-31 15:00:00-03:00,20.7,12.0,501,3.333333333333333
2024-07-31 16:00:00-03:00,19.7,13.4,365,3.7222222222222223
2024-07-31 17:00:00-03:00,17.6,14.2,196,3.944444444444444
2024-07-31 18:00:00-03:00,15.4,13.2,39,3.6666666666666665
2024-07-31 19:00:00-03:00,14.8,14.7,0,4.083333333333333
2024-07-31 20:00:00-03:00,14.6,16.1,0,4.472222222222222
2024-07-31 21:00:00-03:00,14.7,15.6,0,4.333333333333333
2024-07-31 22:00:00-03:00,14.8,14.4,0,4.0
2024-07-31 23:00:00-03:00,15.2,13.6,0,3.7777777777777777
2024-08-01 00:00:00-03:00,14.8,13.8,0,3.8333333333333335
2024-08-01 01:00:00-03:00,14.4,15.1,0,4.194444444444445
2024-08-01 02:00:00-03:00,14.8,15.7,0,4.361111111111111
2024-08-01 03:00:00-03:00,14.6,13.0,0,3.611111111111111
2024-08-01 04:00:00-03:00,14.2,11.3,0,3.138888888888889
2024-08-01 05:00:00-03:00,14.2,12.0,0,3.333333333333333
2024-08-01 06:00:00-03:00,14.2,13.0,0,3.611111111111111
2024-08-01 07:00:00-03:00,14.1,14.2,0,3.944444444444444
2024-08-01 08:00:00-03:00,14.5,14.6,21,4.055555555555555
2024-08-01 09:00:00-03:00,16.3,15.1,158,4.194444444444445
2024-08-01 10:00:00-03:00,18.7,14.0,327,3.888888888888889
2024-08-01 11:00:00-03:00,21.2,16.5,468,4.583333333333333
2024-08-01 12:00:00-03:00,23.1,17.3,564,4.805555555555555
2024-08-01 13:00:00-03:00,24.6,17.0,600,4.722222222222222
2024-08-01 14:00:00-03:00,25.1,17.1,576,4.75
2024-08-01 15:00:00-03:00,24.2,16.9,493,4.694444444444444
2024-08-01 16:00:00-03:00,22.4,16.4,361,4.555555555555555
2024-08-01 17:00:00-03:00,20.4,19.1,194,5.305555555555556
2024-08-01 18:00:00-03:00,18.8,18.3,39,5.083333333333333
2024-08-01 19:00:00-03:00,18.3,19.1,0,5.305555555555556
2024-08-01 20:00:00-03:00,18.0,19.1,0,5.305555555555556
2024-08-01 21:00:00-03:00,17.5,18.0,0,5.0
2024-08-01 22:00:00-03:00,16.7,17.1,0,4.75
2024-08-01 23:00:00-03:00,16.2,16.1,0,4.472222222222222
2024-08-02 00:00:00-03:00,16.1,17.4,0,4.833333333333333
2024-08-02 01:00:00-03:00,16.0,17.1,0,4.75
2024-08-02 02:00:00-03:00,15.9,17.4,0,4.833333333333333
2024-08-02 03:00:00-03:00,15.8,16.9,0,4.694444444444444
2024-08-02 04:00:00-03:00,15.6,15.9,0,4.416666666666667
2024-08-02 05:00:00-03:00,15.5,15.9,0,4.416666666666667
2024-08-02 06:00:00-03:00,15.4,15.6,0,4.333333333333333
2024-08-02 07:00:00-03:00,15.3,16.3,0,4.527777777777778
2024-08-02 08:00:00-03:00,15.7,17.1,23,4.75
2024-08-02 09:00:00-03:00,17.4,17.4,165,4.833333333333333
2024-08-02 10:00:00-03:00,19.4,16.7,337,4.638888888888888
2024-08-02 11:00:00-03:00,21.2,18.2,482,5.055555555555555
2024-08-02 12:00:00-03:00,23.2,17.8,579,4.944444444444445
2024-08-02 13:00:00-03:00,24.8,17.3,612,4.805555555555555
2024-08-02 14:00:00-03:00,25.0,15.9,585,4.416666666666667
2024-08-02 15:00:00-03:00,24.7,14.5,499,4.027777777777778
2024-08-02 16:00:00-03:00,23.6,15.5,364,4.305555555555555
2024-08-02 17:00:00-03:00,21.7,17.4,196,4.833333333333333
2024-08-02 18:00:00-03:00,19.9,18.0,40,5.0
2024-08-02 19:00:00-03:00,19.5,20.4,0,5.666666666666666
2024-08-02 20:00:00-03:00,19.3,21.5,0,5.972222222222222
2024-08-02 21:00:00-03:00,18.8,20.6,0,5.722222222222222
2024-08-02 22:00:00-03:00,17.9,19.3,0,5.361111111111112
2024-08-02 23:00:00-03:00,17.7,18.8,0,5.222222222222222
2024-08-03 00:00:00-03:00,17.5,18.5,0,5.138888888888888
2024-08-03 01:00:00-03:00,17.8,18.0,0,5.0
2024-08-03 02:00:00-03:00,18.8,18.7,0,5.194444444444444
2024-08-03 03:00:00-03:00,19.5,19.5,0,5.416666666666667
2024-08-03 04:00:00-03:00,19.6,19.4,0,5.388888888888888
2024-08-03 05:00:00-03:00,19.8,20.1,0,5.583333333333334
2024-08-03 06:00:00-03:00,19.6,19.5,0,5.416666666666667
2024-08-03 07:00:00-03:00,19.6,19.9,0,5.527777777777778
2024-08-03 08:00:00-03:00,20.2,22.7,23,6.305555555555555
2024-08-03 09:00:00-03:00,21.8,25.0,166,6.944444444444445
2024-08-03 10:00:00-03:00,24.7,30.0,315,8.333333333333334
2024-08-03 11:00:00-03:00,26.4,32.4,401,9.0
2024-08-03 12:00:00-03:00,27.5,35.1,524,9.75
2024-08-03 13:00:00-03:00,27.9,36.9,530,10.25
2024-08-03 14:00:00-03:00,28.2,33.6,545,9.333333333333334
2024-08-03 15:00:00-03:00,28.3,34.8,444,9.666666666666666
2024-08-03 16:00:00-03:00,24.9,27.7,284,7.694444444444444
2024-08-03 17:00:00-03:00,24.6,17.5,45,4.861111111111111
2024-08-03 18:00:00-03:00,22.5,15.3,13,4.25
2024-08-03 19:00:00-03:00,21.8,21.8,0,6.055555555555555
2024-08-03 20:00:00-03:00,21.2,12.6,0,3.5
2024-08-03 21:00:00-03:00,21.0,9.8,0,2.7222222222222223
2024-08-03 22:00:00-03:00,20.0,14.8,0,4.111111111111112
2024-08-03 23:00:00-03:00,18.7,17.6,0,4.888888888888889
2024-08-04 00:00:00-03:00,16.8,18.8,0,5.222222222222222
2024-08-04 01:00:00-03:00,15.2,17.9,0,4.972222222222221
2024-08-04 02:00:00-03:00,14.4,15.7,0,4.361111111111111
2024-08-04 03:00:00-03:00,13.7,9.8,0,2.7222222222222223
2024-08-04 04:00:00-03:00,13.8,11.8,0,3.2777777777777777
2024-08-04 05:00:00-03:00,13.5,14.1,0,3.9166666666666665
2024-08-04 06:00:00-03:00,13.1,13.8,0,3.8333333333333335
2024-08-04 07:00:00-03:00,13.0,6.6,0,1.8333333333333333
2024-08-04 08:00:00-03:00,13.2,4.4,9,1.2222222222222223
2024-08-04 09:00:00-03:00,14.0,5.2,44,1.4444444444444444
2024-08-04 10:00:00-03:00,14.2,5.8,127,1.611111111111111
2024-08-04 11:00:00-03:00,14.6,5.6,107,1.5555555555555554
2024-08-04 12:00:00-03:00,14.7,8.1,114,2.25
2024-08-04 13:00:00-03:00,14.9,9.1,166,2.5277777777777777
2024-08-04 14:00:00-03:00,14.6,8.8,111,2.4444444444444446
2024-08-04 15:00:00-03:00,14.6,7.1,111,1.972222222222222
2024-08-04 16:00:00-03:00,14.4,8.7,41,2.4166666666666665
2024-08-04 17:00:00-03:00,14.3,11.9,17,3.305555555555556
2024-08-04 18:00:00-03:00,14.4,15.7,5,4.361111111111111
2024-08-04 19:00:00-03:00,14.5,12.9,0,3.583333333333333
2024-08-04 20:00:00-03:00,14.4,14.5,0,4.027777777777778
2024-08-04 21:00:00-03:00,14.5,14.2,0,3.944444444444444
2024-08-04 22:00:00-03:00,14.8,12.5,0,3.4722222222222223
2024-08-04 23:00:00-03:00,14.9,13.1,0,3.638888888888889
2024-08-05 00:00:00-03:00,14.9,8.4,0,2.333333333333333
2024-08-05 01:00:00-03:00,15.1,11.4,0,3.1666666666666665
2024-08-05 02:00:00-03:00,15.3,13.4,0,3.7222222222222223
2024-08-05 03:00:00-03:00,15.3,10.9,0,3.0277777777777777
2024-08-05 04:00:00-03:00,15.3,10.5,0,2.9166666666666665
2024-08-05 05:00:00-03:00,15.2,8.7,0,2.4166666666666665
2024-08-05 06:00:00-03:00,15.3,7.2,0,2.0
2024-08-05 07:00:00-03:00,15.7,10.9,0,3.0277777777777777
2024-08-05 08:00:00-03:00,16.0,11.5,6,3.194444444444444
2024-08-05 09:00:00-03:00,16.9,15.2,61,4.222222222222222
2024-08-05 10:00:00-03:00,17.5,12.8,117,3.555555555555556
2024-08-05 11:00:00-03:00,18.1,14.4,174,4.0
2024-08-05 12:00:00-03:00,18.8,18.0,321,5.0
2024-08-05 13:00:00-03:00,19.0,18.0,319,5.0
2024-08-05 14:00:00-03:00,18.9,17.3,253,4.805555555555555
2024-08-05 15:00:00-03:00,18.7,15.5,219,4.305555555555555
2024-08-05 16:00:00-03:00,18.4,17.1,142,4.75
2024-08-05 17:00:00-03:00,18.2,15.5,160,4.305555555555555
2024-08-05 18:00:00-03:00,17.0,9.4,34,2.611111111111111
2024-08-05 19:00:00-03:00,16.4,8.9,0,2.4722222222222223
2024-08-05 20:00:00-03:00,16.3,13.5,0,3.75
2024-08-05 21:00:00-03:00,16.2,12.3,0,3.416666666666667
2024-08-05 22:00:00-03:00,16.2,13.8,0,3.8333333333333335
2024-08-05 23:00:00-03:00,16.6,14.8,0,4.111111111111112
2024-08-06 00:00:00-03:00,16.9,15.9,0,4.416666666666667
2024-08-06 01:00:00-03:00,17.3,19.0,0,5.277777777777778
2024-08-06 02:00:00-03:00,17.3,21.9,0,6.083333333333333
2024-08-06 03:00:00-03:00,17.3,16.5,0,4.583333333333333
2024-08-06 04:00:00-03:00,17.4,11.0,0,3.055555555555556
2024-08-06 05:00:00-03:00,17.6,9.7,0,2.694444444444444
2024-08-06 06:00:00-03:00,17.6,11.4,0,3.1666666666666665
2024-08-06 07:00:00-03:00,17.7,10.4,0,2.888888888888889
2024-08-06 08:00:00-03:00,18.4,15.6,14,4.333333333333333
2024-08-06 09:00:00-03:00,18.8,14.4,70,4.0
2024-08-06 10:00:00-03:00,19.1,18.2,113,5.055555555555555
2024-08-06 11:00:00-03:00,20.8,15.3,279,4.25
2024-08-06 12:00:00-03:00,21.9,13.2,338,3.6666666666666665
2024-08-06 13:00:00-03:00,23.4,15.3,439,4.25
2024-08-06 14:00:00-03:00,23.0,21.1,237,5.861111111111112
2024-08-06 15:00:00-03:00,21.9,15.3,167,4.25
2024-08-06 16:00:00-03:00,22.5,9.4,258,2.611111111111111
2024-08-06 17:00:00-03:00,21.4,17.7,64,4.916666666666666
2024-08-06 18:00:00-03:00,20.2,21.9,12,6.083333333333333
2024-08-06 19:00:00-03:00,19.6,20.5,0,5.694444444444445
2024-08-06 20:00:00-03:00,19.3,23.0,0,6.388888888888888
2024-08-06 21:00:00-03:00,18.9,20.0,0,5.555555555555555
2024-08-06 22:00:00-03:00,17.8,5.6,0,1.5555555555555554
2024-08-06 23:00:00-03:00,17.6,8.0,0,2.2222222222222223
2024-08-07 00:00:00-03:00,17.6,11.6,0,3.222222222222222
2024-08-07 01:00:00-03:00,17.9,13.9,0,3.861111111111111
2024-08-07 02:00:00-03:00,18.1,9.3,0,2.583333333333333
2024-08-07 03:00:00-03:00,17.6,6.8,0,1.8888888888888888
2024-08-07 04:00:00-03:00,17.5,6.6,0,1.8333333333333333
2024-08-07 05:00:00-03:00,18.1,11.2,0,3.1111111111111107
2024-08-07 06:00:00-03:00,17.9,11.5,0,3.194444444444444
2024-08-07 07:00:00-03:00,17.1,6.0,0,1.6666666666666663
2024-08-07 08:00:00-03:00,17.8,6.6,6,1.8333333333333333
2024-08-07 09:00:00-03:00,18.6,10.1,69,2.805555555555556
2024-08-07 10:00:00-03:00,19.2,15.1,88,4.194444444444445
2024-08-07 11:00:00-03:00,19.8,17.0,149,4.722222222222222
2024-08-07 12:00:00-03:00,20.1,16.8,196,4.666666666666667
2024-08-07 13:00:00-03:00,19.8,14.3,82,3.9722222222222223
2024-08-07 14:00:00-03:00,19.2,15.0,71,4.166666666666667
2024-08-07 15:00:00-03:00,19.6,16.2,175,4.5
2024-08-07 16:00:00-03:00,19.1,13.8,83,3.8333333333333335
2024-08-07 17:00:00-03:00,18.6,16.0,56,4.444444444444445
2024-08-07 18:00:00-03:00,17.6,14.8,11,4.111111111111112
2024-08-07 19:00:00-03:00,16.9,13.8,0,3.8333333333333335
2024-08-07 20:00:00-03:00,15.9,7.4,0,2.055555555555556
2024-08-07 21:00:00-03:00,15.4,5.0,0,1.3888888888888888
2024-08-07 22:00:00-03:00,15.2,10.8,0,3.0
2024-08-07 23:00:00-03:00,15.0,13.7,0,3.8055555555555554
2024-08-08 00:00:00-03:00,14.6,13.4,0,3.7222222222222223
2024-08-08 01:00:00-03:00,12.8,9.5,0,2.638888888888889
2024-08-08 02:00:00-03:00,11.9,7.1,0,1.972222222222222
2024-08-08 03:00:00-03:00,11.3,7.5,0,2.083333333333333
2024-08-08 04:00:00-03:00,10.7,6.5,0,1.805555555555556
2024-08-08 05:00:00-03:00,11.8,12.2,0,3.3888888888888884
2024-08-08 06:00:00-03:00,12.0,15.3,0,4.25
2024-08-08 07:00:00-03:00,11.2,13.8,0,3.8333333333333335
2024-08-08 08:00:00-03:00,10.6,11.7,20,3.25
2024-08-08 09:00:00-03:00,11.5,12.5,173,3.4722222222222223
2024-08-08 10:00:00-03:00,12.3,13.1,254,3.638888888888889
2024-08-08 11:00:00-03:00,13.3,17.4,331,4.833333333333333
2024-08-08 12:00:00-03:00,13.8,16.2,261,4.5
2024-08-08 13:00:00-03:00,14.8,14.3,518,3.9722222222222223
2024-08-08 14:00:00-03:00,15.3,13.3,554,3.6944444444444446
2024-08-08 15:00:00-03:00,15.7,14.0,517,3.888888888888889
2024-08-08 16:00:00-03:00,15.6,16.2,352,4.5
2024-08-08 17:00:00-03:00,14.9,10.9,194,3.0277777777777777
2024-08-08 18:00:00-03:00,12.1,7.6,47,2.111111111111111
2024-08-08 19:00:00-03:00,11.7,8.7,0,2.4166666666666665
2024-08-08 20:00:00-03:00,11.5,13.3,0,3.6944444444444446
2024-08-08 21:00:00-03:00,11.4,16.4,0,4.555555555555555
2024-08-08 22:00:00-03:00,10.3,15.5,0,4.305555555555555
2024-08-08 23:00:00-03:00,9.4,15.9,0,4.416666666666667
2024-08-09 00:00:00-03:00,8.2,8.0,0,2.2222222222222223
2024-08-09 01:00:00-03:00,8.0,11.2,0,3.1111111111111107
2024-08-09 02:00:00-03:00,8.3,16.8,0,4.666666666666667
2024-08-09 03:00:00-03:00,8.4,12.0,0,3.333333333333333
2024-08-09 04:00:00-03:00,9.0,13.5,0,3.75
2024-08-09 05:00:00-03:00,9.6,16.9,0,4.694444444444444
2024-08-09 06:00:00-03:00,8.7,16.8,0,4.666666666666667
2024-08-09 07:00:00-03:00,9.0,21.0,0,5.833333333333333
2024-08-09 08:00:00-03:00,9.1,22.7,30,6.305555555555555
2024-08-09 09:00:00-03:00,9.5,27.2,186,7.555555555555555
2024-08-09 10:00:00-03:00,10.6,29.1,281,8.083333333333334
2024-08-09 11:00:00-03:00,12.0,25.8,409,7.166666666666667
2024-08-09 12:00:00-03:00,12.5,28.8,292,8.0
2024-08-09 13:00:00-03:00,12.8,27.9,258,7.749999999999999
2024-08-09 14:00:00-03:00,13.3,26.5,260,7.361111111111111
2024-08-09 15:00:00-03:00,13.5,26.3,188,7.305555555555555
2024-08-09 16:00:00-03:00,13.2,22.3,97,6.194444444444445
2024-08-09 17:00:00-03:00,12.7,25.4,132,7.055555555555555
2024-08-09 18:00:00-03:00,12.1,24.7,31,6.861111111111111
2024-08-09 19:00:00-03:00,11.4,22.4,0,6.222222222222221
2024-08-09 20:00:00-03:00,11.0,20.6,0,5.722222222222222
2024-08-09 21:00:00-03:00,10.6,20.0,0,5.555555555555555
2024-08-09 22:00:00-03:00,11.0,23.7,0,6.583333333333333
2024-08-09 23:00:00-03:00,10.6,22.6,0,6.277777777777778
2024-08-10 00:00:00-03:00,9.9,20.5,0,5.694444444444445
2024-08-10 01:00:00-03:00,9.8,20.8,0,5.777777777777778
2024-08-10 02:00:00-03:00,8.7,17.1,0,4.75
2024-08-10 03:00:00-03:00,8.0,14.9,0,4.138888888888889
2024-08-10 04:00:00-03:00,7.4,13.3,0,3.6944444444444446
2024-08-10 05:00:00-03:00,7.1,11.8,0,3.2777777777777777
2024-08-10 06:00:00-03:00,7.2,10.8,0,3.0
2024-08-10 07:00:00-03:00,7.3,9.9,0,2.75
2024-08-10 08:00:00-03:00,7.0,9.9,32,2.75
2024-08-10 09:00:00-03:00,8.4,10.8,194,3.0
2024-08-10 10:00:00-03:00,10.3,12.2,377,3.3888888888888884
2024-08-10 11:00:00-03:00,11.7,13.4,530,3.7222222222222223
2024-08-10 12:00:00-03:00,13.0,13.9,627,3.861111111111111
2024-08-10 13:00:00-03:00,14.0,15.6,659,4.333333333333333
2024-08-10 14:00:00-03:00,14.8,16.2,635,4.5
2024-08-10 15:00:00-03:00,15.1,16.5,542,4.583333333333333
2024-08-10 16:00:00-03:00,15.1,15.5,400,4.305555555555555
2024-08-10 17:00:00-03:00,14.3,12.1,204,3.3611111111111107
2024-08-10 18:00:00-03:00,12.2,9.0,53,2.5
2024-08-10 19:00:00-03:00,10.6,8.7,0,2.4166666666666665
2024-08-10 20:00:00-03:00,9.8,8.9,0,2.4722222222222223
2024-08-10 21:00:00-03:00,9.4,9.2,0,2.555555555555556
2024-08-10 22:00:00-03:00,8.8,8.9,0,2.4722222222222223
2024-08-10 23:00:00-03:00,8.6,9.2,0,2.555555555555556
2024-08-11 00:00:00-03:00,8.8,10.8,0,3.0
2024-08-11 01:00:00-03:00,9.2,13.3,0,3.6944444444444446
2024-08-11 02:00:00-03:00,9.3,13.4,0,3.7222222222222223
2024-08-11 03:00:00-03:00,9.3,15.3,0,4.25
2024-08-11 04:00:00-03:00,9.3,15.9,0,4.416666666666667
2024-08-11 05:00:00-03:00,9.9,19.6,0,5.444444444444445
2024-08-11 06:00:00-03:00,10.2,19.5,0,5.416666666666667
2024-08-11 07:00:00-03:00,9.7,19.8,0,5.5
2024-08-11 08:00:00-03:00,10.2,21.2,33,5.888888888888888
2024-08-11 09:00:00-03:00,11.7,18.2,187,5.055555555555555
2024-08-11 10:00:00-03:00,13.6,22.5,336,6.25
2024-08-11 11:00:00-03:00,14.9,25.2,447,7.0
2024-08-11 12:00:00-03:00,15.7,27.2,483,7.555555555555555
2024-08-11 13:00:00-03:00,15.7,25.2,325,7.0
2024-08-11 14:00:00-03:00,16.0,26.4,402,7.333333333333333
2024-08-11 15:00:00-03:00,15.3,23.4,223,6.499999999999999
2024-08-11 16:00:00-03:00,16.0,26.8,403,7.444444444444445
2024-08-11 17:00:00-03:00,13.8,23.7,98,6.583333333333333
2024-08-11 18:00:00-03:00,12.9,20.7,47,5.75
2024-08-11 19:00:00-03:00,12.1,20.6,0,5.722222222222222
2024-08-11 20:00:00-03:00,11.7,22.6,0,6.277777777777778
2024-08-11 21:00:00-03:00,11.1,25.2,0,7.0
2024-08-11 22:00:00-03:00,10.4,25.1,0,6.972222222222222
2024-08-11 23:00:00-03:00,9.8,25.7,0,7.138888888888888
2024-08-12 00:00:00-03:00,9.4,26.3,0,7.305555555555555
2024-08-12 01:00:00-03:00,9.0,26.1,0,7.25
2024-08-12 02:00:00-03:00,8.7,26.4,0,7.333333333333333
2024-08-12 03:00:00-03:00,8.3,27.1,0,7.527777777777778
2024-08-12 04:00:00-03:00,8.1,29.0,0,8.055555555555555
2024-08-12 05:00:00-03:00,7.7,29.5,0,8.194444444444445
2024-08-12 06:00:00-03:00,7.5,28.7,0,7.972222222222221
2024-08-12 07:00:00-03:00,7.1,28.0,0,7.777777777777778
2024-08-12 08:00:00-03:00,7.2,27.5,36,7.638888888888888
2024-08-12 09:00:00-03:00,8.2,28.5,177,7.916666666666666
2024-08-12 10:00:00-03:00,9.1,31.6,342,8.777777777777779
2024-08-12 11:00:00-03:00,9.9,33.3,361,9.249999999999998
2024-08-12 12:00:00-03:00,10.8,33.6,452,9.333333333333334
2024-08-12 13:00:00-03:00,11.2,32.8,419,9.11111111111111
2024-08-12 14:00:00-03:00,11.4,31.6,332,8.777777777777779
2024-08-12 15:00:00-03:00,12.0,30.6,357,8.5
2024-08-12 16:00:00-03:00,11.9,28.3,326,7.861111111111111
2024-08-12 17:00:00-03:00,11.6,21.1,217,5.861111111111112
2024-08-12 18:00:00-03:00,10.3,15.3,55,4.25
2024-08-12 19:00:00-03:00,9.2,11.7,0,3.25
2024-08-12 20:00:00-03:00,8.1,10.5,0,2.9166666666666665
2024-08-12 21:00:00-03:00,7.7,12.6,0,3.5
2024-08-12 22:00:00-03:00,6.7,9.5,0,2.638888888888889
2024-08-12 23:00:00-03:00,5.7,6.6,0,1.8333333333333333
2024-08-13 00:00:00-03:00,4.4,8.9,0,2.4722222222222223
2024-08-13 01:00:00-03:00,4.1,7.2,0,2.0
2024-08-13 02:00:00-03:00,3.8,5.9,0,1.6388888888888888
2024-08-13 03:00:00-03:00,3.6,5.9,0,1.6388888888888888
2024-08-13 04:00:00-03:00,3.2,6.4,0,1.777777777777778
2024-08-13 05:00:00-03:00,3.0,6.6,0,1.8333333333333333
2024-08-13 06:00:00-03:00,2.8,6.1,0,1.6944444444444442
2024-08-13 07:00:00-03:00,2.4,6.5,0,1.805555555555556
2024-08-13 08:00:00-03:00,4.2,6.7,39,1.8611111111111112
2024-08-13 09:00:00-03:00,7.4,3.1,204,0.8611111111111112
2024-08-13 10:00:00-03:00,10.2,7.3,387,2.0277777777777777
2024-08-13 11:00:00-03:00,11.8,7.7,537,2.138888888888889
2024-08-13 12:00:00-03:00,13.0,8.2,634,2.2777777777777777
2024-08-13 13:00:00-03:00,14.0,8.8,670,2.4444444444444446
2024-08-13 14:00:00-03:00,15.0,8.6,640,2.388888888888889
2024-08-13 15:00:00-03:00,15.5,7.8,549,2.1666666666666665
2024-08-13 16:00:00-03:00,15.6,7.6,405,2.111111111111111
2024-08-13 17:00:00-03:00,14.8,4.0,228,1.1111111111111112
2024-08-13 18:00:00-03:00,11.8,7.6,57,2.111111111111111
2024-08-13 19:00:00-03:00,9.3,10.1,0,2.805555555555556
2024-08-13 20:00:00-03:00,8.4,8.0,0,2.2222222222222223
2024-08-13 21:00:00-03:00,7.3,7.3,0,2.0277777777777777
2024-08-13 22:00:00-03:00,7.4,6.9,0,1.9166666666666667
2024-08-13 23:00:00-03:00,7.0,8.7,0,2.4166666666666665
2024-08-14 00:00:00-03:00,6.6,9.0,0,2.5
2024-08-14 01:00:00-03:00,6.4,9.1,0,2.5277777777777777
2024-08-14 02:00:00-03:00,6.1,8.3,0,2.305555555555556
2024-08-14 03:00:00-03:00,5.6,7.1,0,1.972222222222222
2024-08-14 04:00:00-03:00,4.5,9.2,0,2.555555555555556
2024-08-14 05:00:00-03:00,4.7,8.3,0,2.305555555555556
2024-08-14 06:00:00-03:00,4.5,7.7,0,2.138888888888889
2024-08-14 07:00:00-03:00,4.0,7.4,0,2.055555555555556
2024-08-14 08:00:00-03:00,5.5,4.9,42,1.3611111111111112
2024-08-14 09:00:00-03:00,8.5,0.8,210,0.2222222222222222
2024-08-14 10:00:00-03:00,12.0,0.0,394,0.0
2024-08-14 11:00:00-03:00,14.6,0.7,545,0.1944444444444444
2024-08-14 12:00:00-03:00,16.5,0.7,644,0.1944444444444444
2024-08-14 13:00:00-03:00,17.7,2.2,681,0.6111111111111112
2024-08-14 14:00:00-03:00,18.3,3.7,652,1.027777777777778
2024-08-14 15:00:00-03:00,18.1,7.6,561,2.111111111111111
2024-08-14 16:00:00-03:00,16.9,10.5,416,2.9166666666666665
2024-08-14 17:00:00-03:00,14.7,11.4,237,3.1666666666666665
2024-08-14 18:00:00-03:00,12.1,9.7,60,2.694444444444444
2024-08-14 19:00:00-03:00,11.0,8.9,0,2.4722222222222223
2024-08-14 20:00:00-03:00,10.5,7.4,0,2.055555555555556
2024-08-14 21:00:00-03:00,9.3,8.5,0,2.361111111111111
2024-08-14 22:00:00-03:00,9.5,8.0,0,2.2222222222222223
2024-08-14 23:00:00-03:00,9.1,7.5,0,2.083333333333333
2024-08-15 00:00:00-03:00,8.7,7.5,0,2.083333333333333
2024-08-15 01:00:00-03:00,8.2,7.5,0,2.083333333333333
2024-08-15 02:00:00-03:00,7.8,7.6,0,2.111111111111111
2024-08-15 03:00:00-03:00,7.7,7.2,0,2.0
2024-08-15 04:00:00-03:00,6.9,9.3,0,2.583333333333333
2024-08-15 05:00:00-03:00,6.6,9.5,0,2.638888888888889
2024-08-15 06:00:00-03:00,6.8,8.7,0,2.4166666666666665
2024-08-15 07:00:00-03:00,5.7,10.5,0,2.9166666666666665
2024-08-15 08:00:00-03:00,8.3,8.2,44,2.2777777777777777
2024-08-15 09:00:00-03:00,11.3,8.3,211,2.305555555555556
2024-08-15 10:00:00-03:00,14.1,6.3,394,1.75
2024-08-15 11:00:00-03:00,16.5,7.8,541,2.1666666666666665
2024-08-15 12:00:00-03:00,18.4,7.1,632,1.972222222222222
2024-08-15 13:00:00-03:00,18.3,7.1,339,1.972222222222222
2024-08-15 14:00:00-03:00,19.7,7.8,648,2.1666666666666665
2024-08-15 15:00:00-03:00,18.8,8.7,439,2.4166666666666665
2024-08-15 16:00:00-03:00,17.9,9.5,409,2.638888888888889
2024-08-15 17:00:00-03:00,15.9,9.7,232,2.694444444444444
2024-08-15 18:00:00-03:00,13.0,8.0,60,2.2222222222222223
2024-08-15 19:00:00-03:00,11.7,7.4,0,2.055555555555556
2024-08-15 20:00:00-03:00,10.7,9.7,0,2.694444444444444
2024-08-15 21:00:00-03:00,10.1,10.7,0,2.972222222222222
2024-08-15 22:00:00-03:00,9.7,10.2,0,2.833333333333333
2024-08-15 23:00:00-03:00,9.5,9.3,0,2.583333333333333
2024-08-16 00:00:00-03:00,9.4,8.5,0,2.361111111111111
2024-08-16 01:00:00-03:00,9.0,10.7,0,2.972222222222222
2024-08-16 02:00:00-03:00,11.5,5.8,0,1.611111111111111
2024-08-16 03:00:00-03:00,11.2,3.1,0,0.8611111111111112
2024-08-16 04:00:00-03:00,8.5,6.3,0,1.75
2024-08-16 05:00:00-03:00,8.5,6.6,0,1.8333333333333333
2024-08-16 06:00:00-03:00,7.8,6.4,0,1.777777777777778
2024-08-16 07:00:00-03:00,7.6,5.2,0,1.4444444444444444
2024-08-16 08:00:00-03:00,8.9,7.1,38,1.972222222222222
2024-08-16 09:00:00-03:00,10.6,4.6,160,1.2777777777777777
2024-08-16 10:00:00-03:00,11.8,5.2,259,1.4444444444444444
2024-08-16 11:00:00-03:00,14.5,5.4,408,1.5
2024-08-16 12:00:00-03:00,16.3,7.7,521,2.138888888888889
2024-08-16 13:00:00-03:00,17.2,10.7,520,2.972222222222222
2024-08-16 14:00:00-03:00,17.1,11.1,470,3.083333333333333
2024-08-16 15:00:00-03:00,16.4,10.5,454,2.9166666666666665
2024-08-16 16:00:00-03:00,15.5,10.7,311,2.972222222222222
2024-08-16 17:00:00-03:00,14.5,12.4,171,3.4444444444444446
2024-08-16 18:00:00-03:00,13.1,13.4,37,3.7222222222222223
2024-08-16 19:00:00-03:00,11.9,12.9,0,3.583333333333333
2024-08-16 20:00:00-03:00,11.0,7.2,0,2.0
2024-08-16 21:00:00-03:00,10.8,6.1,0,1.6944444444444442
2024-08-16 22:00:00-03:00,11.6,6.5,0,1.805555555555556
2024-08-16 23:00:00-03:00,11.2,3.9,0,1.0833333333333333
2024-08-17 00:00:00-03:00,10.6,4.6,0,1.2777777777777777
2024-08-17 01:00:00-03:00,10.3,3.4,0,0.9444444444444444
2024-08-17 02:00:00-03:00,10.7,6.6,0,1.8333333333333333
2024-08-17 03:00:00-03:00,10.9,4.4,0,1.2222222222222223
2024-08-17 04:00:00-03:00,11.0,4.1,0,1.1388888888888888
2024-08-17 05:00:00-03:00,10.6,4.0,0,1.1111111111111112
2024-08-17 06:00:00-03:00,11.7,4.0,0,1.1111111111111112
2024-08-17 07:00:00-03:00,11.9,4.7,0,1.3055555555555556
2024-08-17 08:00:00-03:00,13.1,9.9,20,2.75
2024-08-17 09:00:00-03:00,14.8,12.2,111,3.3888888888888884
2024-08-17 10:00:00-03:00,15.6,13.6,147,3.7777777777777777
2024-08-17 11:00:00-03:00,15.8,16.5,163,4.583333333333333
2024-08-17 12:00:00-03:00,16.6,17.3,284,4.805555555555555
2024-08-17 13:00:00-03:00,16.1,16.2,118,4.5
2024-08-17 14:00:00-03:00,16.2,15.5,133,4.305555555555555
2024-08-17 15:00:00-03:00,15.9,13.3,103,3.6944444444444446
2024-08-17 16:00:00-03:00,15.7,15.9,90,4.416666666666667
2024-08-17 17:00:00-03:00,15.3,16.6,36,4.611111111111112
2024-08-17 18:00:00-03:00,14.9,17.0,7,4.722222222222222
2024-08-17 19:00:00-03:00,14.7,16.9,0,4.694444444444444
2024-08-17 20:00:00-03:00,14.7,19.1,0,5.305555555555556
2024-08-17 21:00:00-03:00,14.8,17.6,0,4.888888888888889
2024-08-17 22:00:00-03:00,14.9,19.8,0,5.5
2024-08-17 23:00:00-03:00,15.0,20.5,0,5.694444444444445
2024-08-18 00:00:00-03:00,15.1,21.3,0,5.916666666666667
2024-08-18 01:00:00-03:00,15.1,21.0,0,5.833333333333333
2024-08-18 02:00:00-03:00,15.2,21.6,0,6.0
2024-08-18 03:00:00-03:00,15.2,20.5,0,5.694444444444445
2024-08-18 04:00:00-03:00,15.3,18.4,0,5.111111111111111
2024-08-18 05:00:00-03:00,15.4,16.2,0,4.5
2024-08-18 06:00:00-03:00,15.5,14.8,0,4.111111111111112
2024-08-18 07:00:00-03:00,15.6,14.8,0,4.111111111111112
2024-08-18 08:00:00-03:00,15.9,15.6,13,4.333333333333333
2024-08-18 09:00:00-03:00,16.5,17.5,60,4.861111111111111
2024-08-18 10:00:00-03:00,17.1,18.9,84,5.249999999999999
2024-08-18 11:00:00-03:00,17.4,18.8,123,5.222222222222222
2024-08-18 12:00:00-03:00,18.0,21.4,153,5.944444444444444
2024-08-18 13:00:00-03:00,18.4,20.1,190,5.583333333333334
2024-08-18 14:00:00-03:00,18.8,20.6,224,5.722222222222222
2024-08-18 15:00:00-03:00,18.3,17.4,129,4.833333333333333
2024-08-18 16:00:00-03:00,17.9,15.3,96,4.25
2024-08-18 17:00:00-03:00,17.2,16.1,66,4.472222222222222
2024-08-18 18:00:00-03:00,16.6,16.6,36,4.611111111111112
2024-08-18 19:00:00-03:00,16.6,14.3,0,3.9722222222222223
2024-08-18 20:00:00-03:00,16.6,12.7,0,3.5277777777777777
2024-08-18 21:00:00-03:00,16.6,12.0,0,3.333333333333333
2024-08-18 22:00:00-03:00,17.0,15.6,0,4.333333333333333
2024-08-18 23:00:00-03:00,17.0,13.0,0,3.611111111111111
2024-08-19 00:00:00-03:00,16.6,1.5,0,0.4166666666666666
2024-08-19 01:00:00-03:00,16.6,3.7,0,1.027777777777778
2024-08-19 02:00:00-03:00,16.3,3.3,0,0.9166666666666666
2024-08-19 03:00:00-03:00,16.7,12.4,0,3.4444444444444446
2024-08-19 04:00:00-03:00,17.1,5.5,0,1.5277777777777777
2024-08-19 05:00:00-03:00,16.4,2.1,0,0.5833333333333334
2024-08-19 06:00:00-03:00,16.0,5.3,0,1.472222222222222
2024-08-19 07:00:00-03:00,15.8,6.4,0,1.777777777777778
2024-08-19 08:00:00-03:00,16.7,7.6,15,2.111111111111111
2024-08-19 09:00:00-03:00,17.3,8.0,61,2.2222222222222223
2024-08-19 10:00:00-03:00,17.9,14.5,131,4.027777777777778
2024-08-19 11:00:00-03:00,18.0,9.2,105,2.555555555555556
2024-08-19 12:00:00-03:00,18.7,15.5,226,4.305555555555555
2024-08-19 13:00:00-03:00,18.0,9.2,85,2.555555555555556
2024-08-19 14:00:00-03:00,19.2,11.8,321,3.2777777777777777
2024-08-19 15:00:00-03:00,19.2,12.7,269,3.5277777777777777
2024-08-19 16:00:00-03:00,19.4,12.2,196,3.3888888888888884
2024-08-19 17:00:00-03:00,19.0,12.3,104,3.416666666666667
2024-08-19 18:00:00-03:00,17.9,11.2,52,3.1111111111111107
2024-08-19 19:00:00-03:00,17.0,11.7,0,3.25
2024-08-19 20:00:00-03:00,17.1,14.3,0,3.9722222222222223
2024-08-19 21:00:00-03:00,16.4,16.1,0,4.472222222222222
2024-08-19 22:00:00-03:00,16.3,16.2,0,4.5
2024-08-19 23:00:00-03:00,16.2,16.8,0,4.666666666666667
2024-08-20 00:00:00-03:00,15.9,18.9,0,5.249999999999999
2024-08-20 01:00:00-03:00,15.4,17.1,0,4.75
2024-08-20 02:00:00-03:00,15.1,17.8,0,4.944444444444445
2024-08-20 03:00:00-03:00,14.8,17.7,0,4.916666666666666
2024-08-20 04:00:00-03:00,14.4,16.9,0,4.694444444444444
2024-08-20 05:00:00-03:00,14.6,17.6,0,4.888888888888889
2024-08-20 06:00:00-03:00,14.6,17.4,0,4.833333333333333
2024-08-20 07:00:00-03:00,14.4,17.6,0,4.888888888888889
2024-08-20 08:00:00-03:00,14.5,18.6,15,5.166666666666667
2024-08-20 09:00:00-03:00,15.2,20.7,80,5.75
2024-08-20 10:00:00-03:00,15.7,21.4,166,5.944444444444444
2024-08-20 11:00:00-03:00,15.8,22.3,207,6.194444444444445
2024-08-20 12:00:00-03:00,16.7,22.7,401,6.305555555555555
2024-08-20 13:00:00-03:00,16.7,24.5,393,6.805555555555555
2024-08-20 14:00:00-03:00,16.9,24.0,411,6.666666666666666
2024-08-20 15:00:00-03:00,16.6,22.6,318,6.277777777777778
2024-08-20 16:00:00-03:00,15.6,19.9,96,5.527777777777778
2024-08-20 17:00:00-03:00,14.8,22.3,51,6.194444444444445
2024-08-20 18:00:00-03:00,14.0,23.6,5,6.555555555555555
2024-08-20 19:00:00-03:00,14.0,22.0,0,6.111111111111111
2024-08-20 20:00:00-03:00,13.9,25.0,0,6.944444444444445
2024-08-20 21:00:00-03:00,13.9,22.6,0,6.277777777777778
2024-08-20 22:00:00-03:00,14.3,26.5,0,7.361111111111111
2024-08-20 23:00:00-03:00,14.3,25.2,0,7.0
2024-08-21 00:00:00-03:00,14.4,26.0,0,7.222222222222222
2024-08-21 01:00:00-03:00,14.6,25.3,0,7.027777777777778
2024-08-21 02:00:00-03:00,14.7,25.5,0,7.083333333333333
2024-08-21 03:00:00-03:00,14.9,27.4,0,7.611111111111111
2024-08-21 04:00:00-03:00,15.1,26.0,0,7.222222222222222
2024-08-21 05:00:00-03:00,15.2,27.2,0,7.555555555555555
2024-08-21 06:00:00-03:00,15.5,25.3,0,7.027777777777778
2024-08-21 07:00:00-03:00,15.7,22.8,0,6.333333333333333
2024-08-21 08:00:00-03:00,16.0,22.7,17,6.305555555555555
2024-08-21 09:00:00-03:00,16.7,26.2,66,7.277777777777778
2024-08-21 10:00:00-03:00,17.9,26.6,210,7.388888888888889
2024-08-21 11:00:00-03:00,18.5,24.8,297,6.888888888888889
2024-08-21 12:00:00-03:00,19.5,22.0,312,6.111111111111111
2024-08-21 13:00:00-03:00,20.1,20.3,378,5.638888888888889
2024-08-21 14:00:00-03:00,21.3,19.2,590,5.333333333333333
2024-08-21 15:00:00-03:00,20.1,13.0,251,3.611111111111111
2024-08-21 16:00:00-03:00,19.9,11.4,181,3.1666666666666665
2024-08-21 17:00:00-03:00,19.1,11.5,74,3.194444444444444
2024-08-21 18:00:00-03:00,18.0,10.0,16,2.7777777777777777
2024-08-21 19:00:00-03:00,17.6,9.4,0,2.611111111111111
2024-08-21 20:00:00-03:00,17.1,10.4,0,2.888888888888889
2024-08-21 21:00:00-03:00,16.9,12.6,0,3.5
2024-08-21 22:00:00-03:00,16.5,4.4,0,1.2222222222222223
2024-08-21 23:00:00-03:00,16.2,8.0,0,2.2222222222222223
2024-08-22 00:00:00-03:00,16.1,5.4,0,1.5
2024-08-22 01:00:00-03:00,16.0,3.9,0,1.0833333333333333
2024-08-22 02:00:00-03:00,16.1,3.2,0,0.888888888888889
2024-08-22 03:00:00-03:00,16.2,6.1,0,1.6944444444444442
2024-08-22 04:00:00-03:00,16.2,4.5,0,1.25
2024-08-22 05:00:00-03:00,16.5,3.7,0,1.027777777777778
2024-08-22 06:00:00-03:00,16.6,14.8,0,4.111111111111112
2024-08-22 07:00:00-03:00,16.6,8.6,0,2.388888888888889
2024-08-22 08:00:00-03:00,16.7,6.3,8,1.75
2024-08-22 09:00:00-03:00,17.0,9.2,46,2.555555555555556
2024-08-22 10:00:00-03:00,17.0,7.6,101,2.111111111111111
2024-08-22 11:00:00-03:00,17.9,7.6,314,2.111111111111111
2024-08-22 12:00:00-03:00,17.1,2.9,51,0.8055555555555555
2024-08-22 13:00:00-03:00,16.9,5.4,53,1.5
2024-08-22 14:00:00-03:00,16.7,7.8,49,2.1666666666666665
2024-08-22 15:00:00-03:00,16.1,9.2,56,2.555555555555556
2024-08-22 16:00:00-03:00,15.8,11.4,54,3.1666666666666665
2024-08-22 17:00:00-03:00,15.8,13.0,66,3.611111111111111
2024-08-22 18:00:00-03:00,15.2,13.3,38,3.6944444444444446
2024-08-22 19:00:00-03:00,15.1,15.3,0,4.25
2024-08-22 20:00:00-03:00,14.9,12.2,0,3.3888888888888884
2024-08-22 21:00:00-03:00,14.7,12.6,0,3.5
2024-08-22 22:00:00-03:00,13.9,17.1,0,4.75
2024-08-22 23:00:00-03:00,13.8,19.7,0,5.472222222222222
2024-08-23 00:00:00-03:00,13.1,17.3,0,4.805555555555555
2024-08-23 01:00:00-03:00,12.8,14.5,0,4.027777777777778
2024-08-23 02:00:00-03:00,12.7,15.1,0,4.194444444444445
2024-08-23 03:00:00-03:00,12.5,19.0,0,5.277777777777778
2024-08-23 04:00:00-03:00,11.6,16.9,0,4.694444444444444
2024-08-23 05:00:00-03:00,11.3,17.2,0,4.777777777777778
2024-08-23 06:00:00-03:00,10.9,15.3,0,4.25
2024-08-23 07:00:00-03:00,10.5,15.3,0,4.25
2024-08-23 08:00:00-03:00,10.6,12.9,32,3.583333333333333
2024-08-23 09:00:00-03:00,11.1,16.6,107,4.611111111111112
2024-08-23 10:00:00-03:00,11.7,20.1,189,5.583333333333334
2024-08-23 11:00:00-03:00,11.8,18.4,186,5.111111111111111
2024-08-23 12:00:00-03:00,12.4,19.0,295,5.277777777777778
2024-08-23 13:00:00-03:00,12.7,19.5,272,5.416666666666667
2024-08-23 14:00:00-03:00,13.4,18.4,283,5.111111111111111
2024-08-23 15:00:00-03:00,14.2,17.1,329,4.75
2024-08-23 16:00:00-03:00,14.3,17.1,203,4.75
2024-08-23 17:00:00-03:00,13.8,15.8,205,4.388888888888889
2024-08-23 18:00:00-03:00,11.9,10.6,69,2.944444444444444
2024-08-23 19:00:00-03:00,10.5,9.0,0,2.5
2024-08-23 20:00:00-03:00,9.9,7.8,0,2.1666666666666665
2024-08-23 21:00:00-03:00,10.2,13.8,0,3.8333333333333335
2024-08-23 22:00:00-03:00,9.8,5.6,0,1.5555555555555554
2024-08-23 23:00:00-03:00,8.2,7.6,0,2.111111111111111
2024-08-24 00:00:00-03:00,7.2,8.4,0,2.333333333333333
2024-08-24 01:00:00-03:00,9.1,5.9,0,1.6388888888888888
2024-08-24 02:00:00-03:00,8.6,6.0,0,1.6666666666666663
2024-08-24 03:00:00-03:00,7.8,7.9,0,2.1944444444444446
2024-08-24 04:00:00-03:00,6.8,11.9,0,3.305555555555556
2024-08-24 05:00:00-03:00,6.5,14.1,0,3.9166666666666665
2024-08-24 06:00:00-03:00,6.4,15.5,0,4.305555555555555
2024-08-24 07:00:00-03:00,6.2,15.4,0,4.277777777777778
2024-08-24 08:00:00-03:00,7.1,17.3,63,4.805555555555555
2024-08-24 09:00:00-03:00,8.9,18.2,235,5.055555555555555
2024-08-24 10:00:00-03:00,10.2,19.6,413,5.444444444444445
2024-08-24 11:00:00-03:00,10.9,18.4,351,5.111111111111111
2024-08-24 12:00:00-03:00,12.0,19.3,438,5.361111111111112
2024-08-24 13:00:00-03:00,12.8,19.9,535,5.527777777777778
2024-08-24 14:00:00-03:00,13.2,21.4,544,5.944444444444444
2024-08-24 15:00:00-03:00,13.1,21.2,374,5.888888888888888
2024-08-24 16:00:00-03:00,13.0,20.9,265,5.805555555555555
2024-08-24 17:00:00-03:00,12.7,17.1,178,4.75
2024-08-24 18:00:00-03:00,11.0,8.9,68,2.4722222222222223
2024-08-24 19:00:00-03:00,10.0,7.2,0,2.0
2024-08-24 20:00:00-03:00,8.2,7.9,0,2.1944444444444446
2024-08-24 21:00:00-03:00,8.0,8.7,0,2.4166666666666665
2024-08-24 22:00:00-03:00,7.5,11.9,0,3.305555555555556
2024-08-24 23:00:00-03:00,7.1,13.0,0,3.611111111111111
2024-08-25 00:00:00-03:00,7.0,14.3,0,3.9722222222222223
2024-08-25 01:00:00-03:00,6.8,14.9,0,4.138888888888889
2024-08-25 02:00:00-03:00,6.2,14.1,0,3.9166666666666665
2024-08-25 03:00:00-03:00,5.6,14.8,0,4.111111111111112
2024-08-25 04:00:00-03:00,5.3,15.0,0,4.166666666666667
2024-08-25 05:00:00-03:00,5.2,16.7,0,4.638888888888888
2024-08-25 06:00:00-03:00,5.4,19.4,0,5.388888888888888
2024-08-25 07:00:00-03:00,5.6,21.5,0,5.972222222222222
2024-08-25 08:00:00-03:00,6.7,21.7,66,6.027777777777778
2024-08-25 09:00:00-03:00,8.6,28.0,244,7.777777777777778
2024-08-25 10:00:00-03:00,9.1,34.2,158,9.5
2024-08-25 11:00:00-03:00,9.9,33.3,210,9.249999999999998
2024-08-25 12:00:00-03:00,11.0,36.1,423,10.02777777777778
2024-08-25 13:00:00-03:00,11.2,34.1,310,9.472222222222223
2024-08-25 14:00:00-03:00,11.4,32.4,262,9.0
2024-08-25 15:00:00-03:00,11.5,32.5,206,9.027777777777777
2024-08-25 16:00:00-03:00,11.4,29.3,137,8.13888888888889
2024-08-25 17:00:00-03:00,11.1,23.2,54,6.444444444444444
2024-08-25 18:00:00-03:00,10.8,22.5,26,6.25
2024-08-25 19:00:00-03:00,10.6,21.9,0,6.083333333333333
2024-08-25 20:00:00-03:00,10.4,21.9,0,6.083333333333333
2024-08-25 21:00:00-03:00,10.2,22.5,0,6.25
2024-08-25 22:00:00-03:00,9.2,20.8,0,5.777777777777778
2024-08-25 23:00:00-03:00,9.7,22.7,0,6.305555555555555
2024-08-26 00:00:00-03:00,8.7,21.2,0,5.888888888888888
2024-08-26 01:00:00-03:00,8.3,21.2,0,5.888888888888888
2024-08-26 02:00:00-03:00,7.7,20.9,0,5.805555555555555
2024-08-26 03:00:00-03:00,7.3,19.6,0,5.444444444444445
2024-08-26 04:00:00-03:00,6.9,18.9,0,5.249999999999999
2024-08-26 05:00:00-03:00,6.5,18.2,0,5.055555555555555
2024-08-26 06:00:00-03:00,6.3,18.6,0,5.166666666666667
2024-08-26 07:00:00-03:00,6.2,19.3,0,5.361111111111112
2024-08-26 08:00:00-03:00,8.4,22.6,39,6.277777777777778
2024-08-26 09:00:00-03:00,9.6,20.0,145,5.555555555555555
2024-08-26 10:00:00-03:00,11.0,21.4,192,5.944444444444444
2024-08-26 11:00:00-03:00,12.5,19.1,412,5.305555555555556
2024-08-26 12:00:00-03:00,13.6,16.8,399,4.666666666666667
2024-08-26 13:00:00-03:00,14.5,14.6,418,4.055555555555555
2024-08-26 14:00:00-03:00,15.1,13.2,336,3.6666666666666665
2024-08-26 15:00:00-03:00,15.2,13.9,262,3.861111111111111
2024-08-26 16:00:00-03:00,14.9,14.0,184,3.888888888888889
2024-08-26 17:00:00-03:00,14.8,11.9,218,3.305555555555556
2024-08-26 18:00:00-03:00,13.1,7.6,62,2.111111111111111
2024-08-26 19:00:00-03:00,11.0,7.2,0,2.0
2024-08-26 20:00:00-03:00,9.9,7.4,0,2.055555555555556
2024-08-26 21:00:00-03:00,8.7,9.8,0,2.7222222222222223
2024-08-26 22:00:00-03:00,9.6,7.9,0,2.1944444444444446
2024-08-26 23:00:00-03:00,10.4,3.7,0,1.027777777777778
2024-08-27 00:00:00-03:00,8.2,3.1,0,0.8611111111111112
2024-08-27 01:00:00-03:00,7.1,5.4,0,1.5
2024-08-27 02:00:00-03:00,6.6,8.0,0,2.2222222222222223
2024-08-27 03:00:00-03:00,6.3,7.4,0,2.055555555555556
2024-08-27 04:00:00-03:00,7.0,7.9,0,2.1944444444444446
2024-08-27 05:00:00-03:00,6.7,8.2,0,2.2777777777777777
2024-08-27 06:00:00-03:00,6.4,7.6,0,2.111111111111111
2024-08-27 07:00:00-03:00,6.4,6.6,0,1.8333333333333333
2024-08-27 08:00:00-03:00,7.5,7.4,40,2.055555555555556
2024-08-27 09:00:00-03:00,9.2,8.4,134,2.333333333333333
2024-08-27 10:00:00-03:00,11.9,8.2,285,2.2777777777777777
2024-08-27 11:00:00-03:00,14.4,7.4,466,2.055555555555556
2024-08-27 12:00:00-03:00,16.0,6.9,596,1.9166666666666667
2024-08-27 13:00:00-03:00,16.7,5.6,591,1.5555555555555554
2024-08-27 14:00:00-03:00,16.9,4.5,472,1.25
2024-08-27 15:00:00-03:00,16.8,2.2,333,0.6111111111111112
2024-08-27 16:00:00-03:00,16.9,1.5,288,0.4166666666666666
2024-08-27 17:00:00-03:00,16.0,8.0,182,2.2222222222222223
2024-08-27 18:00:00-03:00,13.3,14.3,56,3.9722222222222223
2024-08-27 19:00:00-03:00,11.6,11.3,0,3.138888888888889
2024-08-27 20:00:00-03:00,10.9,8.5,0,2.361111111111111
2024-08-27 21:00:00-03:00,9.3,9.4,0,2.611111111111111
2024-08-27 22:00:00-03:00,9.0,10.0,0,2.7777777777777777
2024-08-27 23:00:00-03:00,9.2,8.9,0,2.4722222222222223
2024-08-28 00:00:00-03:00,10.2,6.9,0,1.9166666666666667
2024-08-28 01:00:00-03:00,9.3,6.7,0,1.8611111111111112
2024-08-28 02:00:00-03:00,8.0,8.3,0,2.305555555555556
2024-08-28 03:00:00-03:00,9.1,4.3,0,1.1944444444444444
2024-08-28 04:00:00-03:00,9.7,3.4,0,0.9444444444444444
2024-08-28 05:00:00-03:00,9.7,1.3,0,0.3611111111111111
2024-08-28 06:00:00-03:00,10.3,1.8,0,0.5
2024-08-28 07:00:00-03:00,10.4,4.2,0,1.1666666666666667
2024-08-28 08:00:00-03:00,10.7,5.4,30,1.5
2024-08-28 09:00:00-03:00,11.6,6.8,119,1.8888888888888888
2024-08-28 10:00:00-03:00,14.1,9.7,414,2.694444444444444
2024-08-28 11:00:00-03:00,15.1,13.3,516,3.6944444444444446
2024-08-28 12:00:00-03:00,15.7,13.5,653,3.75
2024-08-28 13:00:00-03:00,16.3,14.4,722,4.0
2024-08-28 14:00:00-03:00,16.6,16.1,694,4.472222222222222
2024-08-28 15:00:00-03:00,16.6,18.0,594,5.0
2024-08-28 16:00:00-03:00,15.7,17.7,402,4.916666666666666
2024-08-28 17:00:00-03:00,14.6,16.9,254,4.694444444444444
2024-08-28 18:00:00-03:00,13.3,14.3,74,3.9722222222222223
2024-08-28 19:00:00-03:00,12.5,14.1,0,3.9166666666666665
2024-08-28 20:00:00-03:00,12.3,14.8,0,4.111111111111112
2024-08-28 21:00:00-03:00,12.4,15.5,0,4.305555555555555
2024-08-28 22:00:00-03:00,12.9,15.2,0,4.222222222222222
2024-08-28 23:00:00-03:00,13.0,14.8,0,4.111111111111112
2024-08-29 00:00:00-03:00,13.2,15.6,0,4.333333333333333
2024-08-29 01:00:00-03:00,13.6,17.1,0,4.75
2024-08-29 02:00:00-03:00,13.8,16.4,0,4.555555555555555
2024-08-29 03:00:00-03:00,13.7,16.6,0,4.611111111111112
2024-08-29 04:00:00-03:00,13.3,14.1,0,3.9166666666666665
2024-08-29 05:00:00-03:00,12.9,12.3,0,3.416666666666667
2024-08-29 06:00:00-03:00,12.7,10.8,0,3.0
2024-08-29 07:00:00-03:00,13.2,9.9,0,2.75
2024-08-29 08:00:00-03:00,14.2,12.3,58,3.416666666666667
2024-08-29 09:00:00-03:00,15.3,10.2,132,2.833333333333333
2024-08-29 10:00:00-03:00,16.4,11.5,164,3.194444444444444
2024-08-29 11:00:00-03:00,17.2,7.3,263,2.0277777777777777
2024-08-29 12:00:00-03:00,18.7,5.5,643,1.5277777777777777
2024-08-29 13:00:00-03:00,18.5,4.7,362,1.3055555555555556
2024-08-29 14:00:00-03:00,18.3,5.1,265,1.4166666666666663
2024-08-29 15:00:00-03:00,18.8,4.2,342,1.1666666666666667
2024-08-29 16:00:00-03:00,18.0,7.2,93,2.0
2024-08-29 17:00:00-03:00,17.3,2.9,28,0.8055555555555555
2024-08-29 18:00:00-03:00,16.6,6.4,42,1.777777777777778
2024-08-29 19:00:00-03:00,16.2,4.3,1,1.1944444444444444
2024-08-29 20:00:00-03:00,14.3,6.6,0,1.8333333333333333
2024-08-29 21:00:00-03:00,14.1,5.1,0,1.4166666666666663
2024-08-29 22:00:00-03:00,14.5,5.8,0,1.611111111111111
2024-08-29 23:00:00-03:00,14.1,10.2,0,2.833333333333333
2024-08-30 00:00:00-03:00,13.8,9.5,0,2.638888888888889
2024-08-30 01:00:00-03:00,13.8,8.3,0,2.305555555555556
2024-08-30 02:00:00-03:00,13.3,5.8,0,1.611111111111111
2024-08-30 03:00:00-03:00,14.0,4.7,0,1.3055555555555556
2024-08-30 04:00:00-03:00,14.2,6.5,0,1.805555555555556
2024-08-30 05:00:00-03:00,14.3,7.4,0,2.055555555555556
2024-08-30 06:00:00-03:00,14.3,10.2,0,2.833333333333333
2024-08-30 07:00:00-03:00,14.7,9.2,0,2.555555555555556
2024-08-30 08:00:00-03:00,15.2,12.8,15,3.555555555555556
2024-08-30 09:00:00-03:00,16.1,15.7,70,4.361111111111111
2024-08-30 10:00:00-03:00,16.7,20.0,123,5.555555555555555
2024-08-30 11:00:00-03:00,17.1,20.8,155,5.777777777777778
2024-08-30 12:00:00-03:00,17.4,18.9,190,5.249999999999999
2024-08-30 13:00:00-03:00,17.7,21.0,212,5.833333333333333
2024-08-30 14:00:00-03:00,18.4,24.9,402,6.916666666666666
2024-08-30 15:00:00-03:00,17.8,23.2,232,6.444444444444444
2024-08-30 16:00:00-03:00,17.3,23.9,141,6.638888888888888
2024-08-30 17:00:00-03:00,16.7,24.4,87,6.777777777777777
2024-08-30 18:00:00-03:00,16.0,23.3,18,6.472222222222222
2024-08-30 19:00:00-03:00,15.6,23.1,0,6.416666666666667
2024-08-30 20:00:00-03:00,15.5,22.3,0,6.194444444444445
2024-08-30 21:00:00-03:00,15.5,21.8,0,6.055555555555555
2024-08-30 22:00:00-03:00,15.2,22.4,0,6.222222222222221
2024-08-30 23:00:00-03:00,15.0,22.7,0,6.305555555555555
2024-08-31 00:00:00-03:00,14.9,21.6,0,6.0
2024-08-31 01:00:00-03:00,15.4,23.2,0,6.444444444444444
2024-08-31 02:00:00-03:00,15.3,22.1,0,6.138888888888889
2024-08-31 03:00:00-03:00,15.0,26.7,0,7.416666666666666
2024-08-31 04:00:00-03:00,14.9,28.6,0,7.944444444444445
2024-08-31 05:00:00-03:00,14.9,27.5,0,7.638888888888888
2024-08-31 06:00:00-03:00,14.8,29.2,0,8.11111111111111
2024-08-31 07:00:00-03:00,14.9,25.6,0,7.111111111111112
2024-08-31 08:00:00-03:00,15.0,27.8,13,7.722222222222222
2024-08-31 09:00:00-03:00,15.3,26.1,40,7.25
2024-08-31 10:00:00-03:00,15.6,32.1,91,8.916666666666666
2024-08-31 11:00:00-03:00,16.8,36.9,218,10.25
2024-08-31 12:00:00-03:00,17.6,30.8,315,8.555555555555555
2024-08-31 13:00:00-03:00,17.1,28.5,183,7.916666666666666
2024-08-31 14:00:00-03:00,17.7,31.0,265,8.61111111111111
2024-08-31 15:00:00-03:00,17.7,32.8,133,9.11111111111111
2024-08-31 16:00:00-03:00,17.9,30.4,149,8.444444444444445
2024-08-31 17:00:00-03:00,17.9,24.6,124,6.833333333333334
2024-08-31 18:00:00-03:00,17.5,11.2,39,3.1111111111111107
2024-08-31 19:00:00-03:00,17.0,15.1,0,4.194444444444445
2024-08-31 20:00:00-03:00,16.5,15.6,0,4.333333333333333
2024-08-31 21:00:00-03:00,16.7,14.2,0,3.944444444444444
2024-08-31 22:00:00-03:00,16.9,13.4,0,3.7222222222222223
2024-08-31 23:00:00-03:00,17.6,11.5,0,3.194444444444444
2024-09-01 00:00:00-03:00,17.8,19.4,0,5.388888888888888
2024-09-01 01:00:00-03:00,16.3,22.7,0,6.305555555555555
2024-09-01 02:00:00-03:00,15.1,20.2,0,5.611111111111111
2024-09-01 03:00:00-03:00,13.7,16.1,0,4.472222222222222
2024-09-01 04:00:00-03:00,12.8,16.0,0,4.444444444444445
2024-09-01 05:00:00-03:00,12.0,15.2,0,4.222222222222222
2024-09-01 06:00:00-03:00,12.6,15.7,0,4.361111111111111
2024-09-01 07:00:00-03:00,12.7,16.8,1,4.666666666666667
2024-09-01 08:00:00-03:00,13.3,20.1,49,5.583333333333334
2024-09-01 09:00:00-03:00,13.9,29.6,229,8.222222222222223
2024-09-01 10:00:00-03:00,14.0,30.4,249,8.444444444444445
2024-09-01 11:00:00-03:00,14.2,29.8,231,8.277777777777779
2024-09-01 12:00:00-03:00,14.8,31.6,255,8.777777777777779
2024-09-01 13:00:00-03:00,15.4,34.1,321,9.472222222222223
2024-09-01 14:00:00-03:00,16.2,33.7,355,9.361111111111112
2024-09-01 15:00:00-03:00,15.8,33.4,252,9.277777777777777
2024-09-01 16:00:00-03:00,15.3,31.5,132,8.75
2024-09-01 17:00:00-03:00,15.3,26.5,60,7.361111111111111
2024-09-01 18:00:00-03:00,15.0,25.2,23,7.0
2024-09-01 19:00:00-03:00,15.2,25.2,0,7.0
2024-09-01 20:00:00-03:00,15.5,24.4,0,6.777777777777777
2024-09-01 21:00:00-03:00,15.3,24.0,0,6.666666666666666
2024-09-01 22:00:00-03:00,15.0,24.9,0,6.916666666666666
2024-09-01 23:00:00-03:00,14.9,24.1,0,6.694444444444445
2024-09-02 00:00:00-03:00,14.7,23.8,0,6.611111111111111
2024-09-02 01:00:00-03:00,14.5,22.4,0,6.222222222222221
2024-09-02 02:00:00-03:00,14.2,21.0,0,5.833333333333333
2024-09-02 03:00:00-03:00,14.1,21.3,0,5.916666666666667
2024-09-02 04:00:00-03:00,13.9,18.7,0,5.194444444444444
2024-09-02 05:00:00-03:00,13.5,15.3,0,4.25
2024-09-02 06:00:00-03:00,13.3,12.4,0,3.4444444444444446
2024-09-02 07:00:00-03:00,13.3,10.8,1,3.0
2024-09-02 08:00:00-03:00,14.0,12.9,40,3.583333333333333
2024-09-02 09:00:00-03:00,14.5,13.1,100,3.638888888888889
2024-09-02 10:00:00-03:00,14.5,11.0,145,3.055555555555556
2024-09-02 11:00:00-03:00,15.8,9.0,323,2.5
2024-09-02 12:00:00-03:00,16.2,7.1,265,1.972222222222222
2024-09-02 13:00:00-03:00,17.1,8.4,430,2.333333333333333
2024-09-02 14:00:00-03:00,17.7,10.0,401,2.7777777777777777
2024-09-02 15:00:00-03:00,18.1,9.4,351,2.611111111111111
2024-09-02 16:00:00-03:00,18.2,7.2,224,2.0
2024-09-02 17:00:00-03:00,17.5,9.3,146,2.583333333333333
2024-09-02 18:00:00-03:00,15.7,12.7,45,3.5277777777777777
2024-09-02 19:00:00-03:00,14.8,13.4,1,3.7222222222222223
2024-09-02 20:00:00-03:00,13.5,11.4,0,3.1666666666666665
2024-09-02 21:00:00-03:00,13.4,11.3,0,3.138888888888889
2024-09-02 22:00:00-03:00,13.3,13.1,0,3.638888888888889
2024-09-02 23:00:00-03:00,13.0,13.9,0,3.861111111111111
2024-09-03 00:00:00-03:00,12.9,15.0,0,4.166666666666667
2024-09-03 01:00:00-03:00,12.6,14.3,0,3.9722222222222223
2024-09-03 02:00:00-03:00,12.3,14.4,0,4.0
2024-09-03 03:00:00-03:00,12.0,13.4,0,3.7222222222222223
2024-09-03 04:00:00-03:00,11.6,9.3,0,2.583333333333333
2024-09-03 05:00:00-03:00,11.0,7.3,0,2.0277777777777777
2024-09-03 06:00:00-03:00,10.0,6.6,0,1.8333333333333333
2024-09-03 07:00:00-03:00,9.9,7.9,2,2.1944444444444446
2024-09-03 08:00:00-03:00,12.0,3.6,92,1.0
2024-09-03 09:00:00-03:00,14.1,3.4,278,0.9444444444444444
2024-09-03 10:00:00-03:00,16.4,9.8,433,2.7222222222222223
2024-09-03 11:00:00-03:00,17.9,10.2,587,2.833333333333333
2024-09-03 12:00:00-03:00,19.8,14.2,704,3.944444444444444
2024-09-03 13:00:00-03:00,20.5,11.9,632,3.305555555555556
2024-09-03 14:00:00-03:00,21.1,13.8,575,3.8333333333333335
2024-09-03 15:00:00-03:00,21.5,12.6,598,3.5
2024-09-03 16:00:00-03:00,21.2,16.4,462,4.555555555555555
2024-09-03 17:00:00-03:00,19.9,15.4,267,4.277777777777778
2024-09-03 18:00:00-03:00,17.2,8.5,83,2.361111111111111
2024-09-03 19:00:00-03:00,17.2,6.4,1,1.777777777777778
2024-09-03 20:00:00-03:00,15.9,6.0,0,1.6666666666666663
2024-09-03 21:00:00-03:00,14.8,6.2,0,1.7222222222222223
2024-09-03 22:00:00-03:00,15.1,4.3,0,1.1944444444444444
2024-09-03 23:00:00-03:00,14.7,3.8,0,1.0555555555555556
2024-09-04 00:00:00-03:00,13.9,4.7,0,1.3055555555555556
2024-09-04 01:00:00-03:00,12.0,5.4,0,1.5
2024-09-04 02:00:00-03:00,11.1,6.6,0,1.8333333333333333
2024-09-04 03:00:00-03:00,10.4,7.4,0,2.055555555555556
2024-09-04 04:00:00-03:00,10.6,11.2,0,3.1111111111111107
2024-09-04 05:00:00-03:00,11.1,9.3,0,2.583333333333333
2024-09-04 06:00:00-03:00,11.2,9.4,0,2.611111111111111
2024-09-04 07:00:00-03:00,12.9,5.6,2,1.5555555555555554
2024-09-04 08:00:00-03:00,13.8,10.2,67,2.833333333333333
2024-09-04 09:00:00-03:00,14.5,10.4,150,2.888888888888889
2024-09-04 10:00:00-03:00,14.8,9.7,241,2.694444444444444
2024-09-04 11:00:00-03:00,15.1,9.2,203,2.555555555555556
2024-09-04 12:00:00-03:00,14.7,6.5,81,1.805555555555556
2024-09-04 13:00:00-03:00,14.8,5.9,105,1.6388888888888888
2024-09-04 14:00:00-03:00,14.4,9.1,56,2.5277777777777777
2024-09-04 15:00:00-03:00,13.8,11.0,33,3.055555555555556
2024-09-04 16:00:00-03:00,13.3,10.0,14,2.7777777777777777
2024-09-04 17:00:00-03:00,13.4,6.0,29,1.6666666666666663
2024-09-04 18:00:00-03:00,13.3,5.4,9,1.5
2024-09-04 19:00:00-03:00,12.9,11.1,0,3.083333333333333
2024-09-04 20:00:00-03:00,12.4,5.9,0,1.6388888888888888
2024-09-04 21:00:00-03:00,12.2,10.0,0,2.7777777777777777
2024-09-04 22:00:00-03:00,10.3,5.4,0,1.5
2024-09-04 23:00:00-03:00,10.0,8.7,0,2.4166666666666665
2024-09-05 00:00:00-03:00,9.7,11.5,0,3.194444444444444
2024-09-05 01:00:00-03:00,9.5,11.6,0,3.222222222222222
2024-09-05 02:00:00-03:00,9.1,11.8,0,3.2777777777777777
2024-09-05 03:00:00-03:00,8.8,11.3,0,3.138888888888889
2024-09-05 04:00:00-03:00,8.5,11.5,0,3.194444444444444
2024-09-05 05:00:00-03:00,8.6,13.7,0,3.8055555555555554
2024-09-05 06:00:00-03:00,8.8,16.1,0,4.472222222222222
2024-09-05 07:00:00-03:00,8.8,15.5,3,4.305555555555555
2024-09-05 08:00:00-03:00,10.2,17.2,108,4.777777777777778
2024-09-05 09:00:00-03:00,11.7,19.1,298,5.305555555555556
2024-09-05 10:00:00-03:00,13.1,15.6,495,4.333333333333333
2024-09-05 11:00:00-03:00,14.4,14.5,640,4.027777777777778
2024-09-05 12:00:00-03:00,15.5,14.6,747,4.055555555555555
2024-09-05 13:00:00-03:00,16.3,13.7,782,3.8055555555555554
2024-09-05 14:00:00-03:00,16.6,14.0,750,3.888888888888889
2024-09-05 15:00:00-03:00,16.6,12.6,650,3.5
2024-09-05 16:00:00-03:00,16.3,12.2,493,3.3888888888888884
2024-09-05 17:00:00-03:00,15.6,8.9,298,2.4722222222222223
2024-09-05 18:00:00-03:00,12.9,7.2,100,2.0
2024-09-05 19:00:00-03:00,10.0,9.3,2,2.583333333333333
2024-09-05 20:00:00-03:00,9.9,7.7,0,2.138888888888889
2024-09-05 21:00:00-03:00,9.0,8.0,0,2.2222222222222223
2024-09-05 22:00:00-03:00,9.1,7.3,0,2.0277777777777777
2024-09-05 23:00:00-03:00,8.4,8.8,0,2.4444444444444446
2024-09-06 00:00:00-03:00,8.3,8.2,0,2.2777777777777777
2024-09-06 01:00:00-03:00,8.3,7.6,0,2.111111111111111
2024-09-06 02:00:00-03:00,7.9,7.4,0,2.055555555555556
2024-09-06 03:00:00-03:00,8.0,8.9,0,2.4722222222222223
2024-09-06 04:00:00-03:00,8.1,9.7,0,2.694444444444444
2024-09-06 05:00:00-03:00,8.2,10.5,0,2.9166666666666665
2024-09-06 06:00:00-03:00,8.1,9.3,0,2.583333333333333
2024-09-06 07:00:00-03:00,7.7,7.2,3,2.0
2024-09-06 08:00:00-03:00,10.4,11.3,111,3.138888888888889
2024-09-06 09:00:00-03:00,12.7,13.4,311,3.7222222222222223
2024-09-06 10:00:00-03:00,14.6,19.3,503,5.361111111111112
2024-09-06 11:00:00-03:00,15.8,19.1,601,5.305555555555556
2024-09-06 12:00:00-03:00,16.7,19.5,753,5.416666666666667
2024-09-06 13:00:00-03:00,17.1,20.7,790,5.75
2024-09-06 14:00:00-03:00,17.0,21.5,754,5.972222222222222
2024-09-06 15:00:00-03:00,16.7,22.9,654,6.361111111111111
2024-09-06 16:00:00-03:00,16.3,22.9,497,6.361111111111111
2024-09-06 17:00:00-03:00,15.6,22.2,301,6.166666666666666
2024-09-06 18:00:00-03:00,14.4,18.0,102,5.0
2024-09-06 19:00:00-03:00,13.4,17.3,2,4.805555555555555
2024-09-06 20:00:00-03:00,12.8,15.0,0,4.166666666666667
2024-09-06 21:00:00-03:00,12.2,12.3,0,3.416666666666667
2024-09-06 22:00:00-03:00,11.6,12.4,0,3.4444444444444446
2024-09-06 23:00:00-03:00,10.9,9.2,0,2.555555555555556
2024-09-07 00:00:00-03:00,9.8,7.0,0,1.9444444444444444
2024-09-07 01:00:00-03:00,8.6,9.4,0,2.611111111111111
2024-09-07 02:00:00-03:00,8.6,8.8,0,2.4444444444444446
2024-09-07 03:00:00-03:00,9.6,5.6,0,1.5555555555555554
2024-09-07 04:00:00-03:00,9.3,5.2,0,1.4444444444444444
2024-09-07 05:00:00-03:00,7.8,4.1,0,1.1388888888888888
2024-09-07 06:00:00-03:00,7.3,2.2,0,0.6111111111111112
2024-09-07 07:00:00-03:00,7.7,3.0,3,0.8333333333333333
2024-09-07 08:00:00-03:00,8.7,3.5,73,0.9722222222222222
2024-09-07 09:00:00-03:00,11.7,5.1,191,1.4166666666666663
2024-09-07 10:00:00-03:00,15.1,1.4,378,0.3888888888888888
2024-09-07 11:00:00-03:00,18.4,1.8,613,0.5
2024-09-07 12:00:00-03:00,20.5,2.7,726,0.75
2024-09-07 13:00:00-03:00,21.5,1.9,686,0.5277777777777778
2024-09-07 14:00:00-03:00,21.7,2.1,522,0.5833333333333334
2024-09-07 15:00:00-03:00,21.4,4.2,384,1.1666666666666667
2024-09-07 16:00:00-03:00,21.3,6.7,459,1.8611111111111112
2024-09-07 17:00:00-03:00,20.3,7.6,281,2.111111111111111
2024-09-07 18:00:00-03:00,17.9,8.3,93,2.305555555555556
2024-09-07 19:00:00-03:00,15.5,11.0,2,3.055555555555556
2024-09-07 20:00:00-03:00,14.2,10.6,0,2.944444444444444
2024-09-07 21:00:00-03:00,13.6,6.4,0,1.777777777777778
2024-09-07 22:00:00-03:00,13.1,5.0,0,1.3888888888888888
2024-09-07 23:00:00-03:00,12.9,6.8,0,1.8888888888888888
2024-09-08 00:00:00-03:00,12.2,4.8,0,1.3333333333333333
2024-09-08 01:00:00-03:00,11.9,6.3,0,1.75
2024-09-08 02:00:00-03:00,11.8,4.7,0,1.3055555555555556
2024-09-08 03:00:00-03:00,11.6,6.0,0,1.6666666666666663
2024-09-08 04:00:00-03:00,11.3,8.0,0,2.2222222222222223
2024-09-08 05:00:00-03:00,11.5,5.4,0,1.5
2024-09-08 06:00:00-03:00,11.8,5.0,0,1.3888888888888888
2024-09-08 07:00:00-03:00,12.4,5.2,3,1.4444444444444444
2024-09-08 08:00:00-03:00,14.0,7.1,77,1.972222222222222
2024-09-08 09:00:00-03:00,14.5,2.6,113,0.7222222222222222
2024-09-08 10:00:00-03:00,14.6,5.9,248,1.6388888888888888
2024-09-08 11:00:00-03:00,16.1,6.9,368,1.9166666666666667
2024-09-08 12:00:00-03:00,15.5,7.6,175,2.111111111111111
2024-09-08 13:00:00-03:00,16.3,5.7,266,1.5833333333333333
2024-09-08 14:00:00-03:00,16.4,12.8,144,3.555555555555556
2024-09-08 15:00:00-03:00,17.4,12.4,257,3.4444444444444446
2024-09-08 16:00:00-03:00,16.4,13.7,126,3.8055555555555554
2024-09-08 17:00:00-03:00,16.0,15.2,138,4.222222222222222
2024-09-08 18:00:00-03:00,15.6,12.1,43,3.3611111111111107
2024-09-08 19:00:00-03:00,15.1,13.5,1,3.75
2024-09-08 20:00:00-03:00,15.5,11.9,0,3.305555555555556
2024-09-08 21:00:00-03:00,15.4,12.0,0,3.333333333333333
2024-09-08 22:00:00-03:00,14.2,9.2,0,2.555555555555556
2024-09-08 23:00:00-03:00,14.5,11.9,0,3.305555555555556
2024-09-09 00:00:00-03:00,14.7,16.8,0,4.666666666666667
2024-09-09 01:00:00-03:00,15.5,17.3,0,4.805555555555555
2024-09-09 02:00:00-03:00,15.7,15.9,0,4.416666666666667
2024-09-09 03:00:00-03:00,15.9,12.6,0,3.5
2024-09-09 04:00:00-03:00,15.7,13.4,0,3.7222222222222223
2024-09-09 05:00:00-03:00,15.7,16.9,0,4.694444444444444
2024-09-09 06:00:00-03:00,16.1,14.7,0,4.083333333333333
2024-09-09 07:00:00-03:00,16.4,16.8,1,4.666666666666667
2024-09-09 08:00:00-03:00,16.9,14.7,24,4.083333333333333
2024-09-09 09:00:00-03:00,17.4,14.8,75,4.111111111111112
2024-09-09 10:00:00-03:00,19.2,23.7,151,6.583333333333333
2024-09-09 11:00:00-03:00,20.1,24.3,238,6.75
2024-09-09 12:00:00-03:00,19.6,24.7,201,6.861111111111111
2024-09-09 13:00:00-03:00,19.8,24.1,246,6.694444444444445
2024-09-09 14:00:00-03:00,19.4,25.5,112,7.083333333333333
2024-09-09 15:00:00-03:00,18.6,26.7,73,7.416666666666666
2024-09-09 16:00:00-03:00,19.1,18.6,135,5.166666666666667
2024-09-09 17:00:00-03:00,19.0,22.3,46,6.194444444444445
2024-09-09 18:00:00-03:00,18.6,19.1,32,5.305555555555556
2024-09-09 19:00:00-03:00,18.3,27.3,1,7.583333333333333
2024-09-09 20:00:00-03:00,18.1,17.9,0,4.972222222222221
2024-09-09 21:00:00-03:00,18.1,20.6,0,5.722222222222222
2024-09-09 22:00:00-03:00,18.0,23.5,0,6.527777777777778
2024-09-09 23:00:00-03:00,17.8,13.9,0,3.861111111111111
2024-09-10 00:00:00-03:00,17.7,17.8,0,4.944444444444445
2024-09-10 01:00:00-03:00,17.7,18.6,0,5.166666666666667
2024-09-10 02:00:00-03:00,17.4,17.9,0,4.972222222222221
2024-09-10 03:00:00-03:00,17.1,13.0,0,3.611111111111111
2024-09-10 04:00:00-03:00,16.6,5.8,0,1.611111111111111
2024-09-10 05:00:00-03:00,16.3,5.8,0,1.611111111111111
2024-09-10 06:00:00-03:00,16.7,6.3,0,1.75
2024-09-10 07:00:00-03:00,17.1,9.3,5,2.583333333333333
2024-09-10 08:00:00-03:00,19.0,13.6,118,3.7777777777777777
2024-09-10 09:00:00-03:00,21.2,20.4,279,5.666666666666666
2024-09-10 10:00:00-03:00,21.0,19.9,284,5.527777777777778
2024-09-10 11:00:00-03:00,22.5,17.7,465,4.916666666666666
2024-09-10 12:00:00-03:00,24.0,13.0,717,3.611111111111111
2024-09-10 13:00:00-03:00,25.0,10.8,784,3.0
2024-09-10 14:00:00-03:00,25.8,10.0,744,2.7777777777777777
2024-09-10 15:00:00-03:00,26.2,6.9,641,1.9166666666666667
2024-09-10 16:00:00-03:00,26.1,2.9,482,0.8055555555555555
2024-09-10 17:00:00-03:00,25.6,5.4,290,1.5
2024-09-10 18:00:00-03:00,21.5,13.3,100,3.6944444444444446
2024-09-10 19:00:00-03:00,18.5,12.6,3,3.5
2024-09-10 20:00:00-03:00,17.8,11.1,0,3.083333333333333
2024-09-10 21:00:00-03:00,17.5,12.4,0,3.4444444444444446
2024-09-10 22:00:00-03:00,16.8,13.2,0,3.6666666666666665
2024-09-10 23:00:00-03:00,16.9,13.7,0,3.8055555555555554
2024-09-11 00:00:00-03:00,17.2,14.4,0,4.0
2024-09-11 01:00:00-03:00,17.6,13.8,0,3.8333333333333335
2024-09-11 02:00:00-03:00,18.1,9.4,0,2.611111111111111
2024-09-11 03:00:00-03:00,17.6,5.0,0,1.3888888888888888
2024-09-11 04:00:00-03:00,17.4,6.2,0,1.7222222222222223
2024-09-11 05:00:00-03:00,16.5,4.9,0,1.3611111111111112
2024-09-11 06:00:00-03:00,17.3,10.3,0,2.861111111111111
2024-09-11 07:00:00-03:00,17.8,9.5,3,2.638888888888889
2024-09-11 08:00:00-03:00,18.0,15.5,77,4.305555555555555
2024-09-11 09:00:00-03:00,17.0,18.1,137,5.027777777777778
2024-09-11 10:00:00-03:00,15.9,13.0,97,3.611111111111111
2024-09-11 11:00:00-03:00,16.9,12.9,274,3.583333333333333
2024-09-11 12:00:00-03:00,18.0,10.0,351,2.7777777777777777
2024-09-11 13:00:00-03:00,19.0,11.8,268,3.2777777777777777
2024-09-11 14:00:00-03:00,20.1,12.2,318,3.3888888888888884
2024-09-11 15:00:00-03:00,20.5,14.8,328,4.111111111111112
2024-09-11 16:00:00-03:00,20.1,18.1,291,5.027777777777778
2024-09-11 17:00:00-03:00,18.9,20.7,158,5.75
2024-09-11 18:00:00-03:00,17.9,18.8,51,5.222222222222222
2024-09-11 19:00:00-03:00,16.8,16.9,2,4.694444444444444
2024-09-11 20:00:00-03:00,16.1,14.5,0,4.027777777777778
2024-09-11 21:00:00-03:00,16.6,16.7,0,4.638888888888888
2024-09-11 22:00:00-03:00,15.5,15.1,0,4.194444444444445
2024-09-11 23:00:00-03:00,15.4,15.8,0,4.388888888888889
2024-09-12 00:00:00-03:00,15.5,15.7,0,4.361111111111111
2024-09-12 01:00:00-03:00,15.2,17.7,0,4.916666666666666
2024-09-12 02:00:00-03:00,14.8,20.3,0,5.638888888888889
2024-09-12 03:00:00-03:00,14.2,22.3,0,6.194444444444445
2024-09-12 04:00:00-03:00,14.0,21.9,0,6.083333333333333
2024-09-12 05:00:00-03:00,13.9,21.3,0,5.916666666666667
2024-09-12 06:00:00-03:00,13.6,19.1,0,5.305555555555556
2024-09-12 07:00:00-03:00,13.3,17.9,1,4.972222222222221
2024-09-12 08:00:00-03:00,12.9,18.4,10,5.111111111111111
2024-09-12 09:00:00-03:00,13.1,17.8,29,4.944444444444445
2024-09-12 10:00:00-03:00,13.7,14.6,62,4.055555555555555
2024-09-12 11:00:00-03:00,13.7,17.1,60,4.75
2024-09-12 12:00:00-03:00,13.4,17.5,32,4.861111111111111
2024-09-12 13:00:00-03:00,13.8,22.3,103,6.194444444444445
2024-09-12 14:00:00-03:00,14.7,22.8,209,6.333333333333333
2024-09-12 15:00:00-03:00,14.8,21.1,168,5.861111111111112
2024-09-12 16:00:00-03:00,14.7,20.8,107,5.777777777777778
2024-09-12 17:00:00-03:00,14.6,20.6,71,5.722222222222222
2024-09-12 18:00:00-03:00,14.5,17.6,16,4.888888888888889
2024-09-12 19:00:00-03:00,14.4,16.6,0,4.611111111111112
2024-09-12 20:00:00-03:00,14.4,16.9,0,4.694444444444444
2024-09-12 21:00:00-03:00,14.4,15.8,0,4.388888888888889
2024-09-12 22:00:00-03:00,14.7,15.0,0,4.166666666666667
2024-09-12 23:00:00-03:00,14.9,15.1,0,4.194444444444445
2024-09-13 00:00:00-03:00,15.0,14.3,0,3.9722222222222223
2024-09-13 01:00:00-03:00,15.3,13.0,0,3.611111111111111
2024-09-13 02:00:00-03:00,15.4,10.6,0,2.944444444444444
2024-09-13 03:00:00-03:00,15.5,9.1,0,2.5277777777777777
2024-09-13 04:00:00-03:00,15.5,7.7,0,2.138888888888889
2024-09-13 05:00:00-03:00,15.4,3.8,0,1.0555555555555556
2024-09-13 06:00:00-03:00,15.1,4.0,0,1.1111111111111112
2024-09-13 07:00:00-03:00,15.4,4.5,4,1.25
2024-09-13 08:00:00-03:00,16.3,4.7,72,1.3055555555555556
2024-09-13 09:00:00-03:00,17.0,2.4,95,0.6666666666666666
2024-09-13 10:00:00-03:00,16.8,6.8,66,1.8888888888888888
2024-09-13 11:00:00-03:00,17.7,7.7,168,2.138888888888889
2024-09-13 12:00:00-03:00,19.6,6.6,424,1.8333333333333333
2024-09-13 13:00:00-03:00,20.8,6.6,483,1.8333333333333333
2024-09-13 14:00:00-03:00,21.0,5.8,285,1.611111111111111
2024-09-13 15:00:00-03:00,21.4,8.4,291,2.333333333333333
2024-09-13 16:00:00-03:00,21.3,9.8,198,2.7222222222222223
2024-09-13 17:00:00-03:00,20.6,12.6,104,3.5
2024-09-13 18:00:00-03:00,19.4,8.8,30,2.4444444444444446
2024-09-13 19:00:00-03:00,18.3,7.4,2,2.055555555555556
2024-09-13 20:00:00-03:00,18.0,10.2,0,2.833333333333333
2024-09-13 21:00:00-03:00,17.4,11.6,0,3.222222222222222
2024-09-13 22:00:00-03:00,16.9,15.0,0,4.166666666666667
2024-09-13 23:00:00-03:00,16.6,18.4,0,5.111111111111111
2024-09-14 00:00:00-03:00,16.5,19.3,0,5.361111111111112
2024-09-14 01:00:00-03:00,16.5,20.3,0,5.638888888888889
2024-09-14 02:00:00-03:00,16.2,18.5,0,5.138888888888888
2024-09-14 03:00:00-03:00,16.0,16.1,0,4.472222222222222
2024-09-14 04:00:00-03:00,15.8,17.1,0,4.75
2024-09-14 05:00:00-03:00,15.5,17.6,0,4.888888888888889
2024-09-14 06:00:00-03:00,15.3,18.4,0,5.111111111111111
2024-09-14 07:00:00-03:00,15.1,18.0,3,5.0
2024-09-14 08:00:00-03:00,15.3,16.3,33,4.527777777777778
2024-09-14 09:00:00-03:00,15.7,17.5,93,4.861111111111111
2024-09-14 10:00:00-03:00,17.3,21.4,384,5.944444444444444
2024-09-14 11:00:00-03:00,18.4,20.3,542,5.638888888888889
2024-09-14 12:00:00-03:00,19.0,18.3,622,5.083333333333333
2024-09-14 13:00:00-03:00,19.4,19.0,792,5.277777777777778
2024-09-14 14:00:00-03:00,19.4,18.7,760,5.194444444444444
2024-09-14 15:00:00-03:00,19.6,16.2,671,4.5
2024-09-14 16:00:00-03:00,19.7,16.7,507,4.638888888888888
2024-09-14 17:00:00-03:00,18.8,17.3,310,4.805555555555555
2024-09-14 18:00:00-03:00,16.5,16.9,111,4.694444444444444
2024-09-14 19:00:00-03:00,14.2,18.9,4,5.249999999999999
2024-09-14 20:00:00-03:00,12.8,17.0,0,4.722222222222222
2024-09-14 21:00:00-03:00,11.7,15.5,0,4.305555555555555
2024-09-14 22:00:00-03:00,11.2,13.4,0,3.7222222222222223
2024-09-14 23:00:00-03:00,10.5,10.8,0,3.0
2024-09-15 00:00:00-03:00,10.0,8.5,0,2.361111111111111
2024-09-15 01:00:00-03:00,9.5,7.1,0,1.972222222222222
2024-09-15 02:00:00-03:00,8.9,6.2,0,1.7222222222222223
2024-09-15 03:00:00-03:00,8.3,6.1,0,1.6944444444444442
2024-09-15 04:00:00-03:00,8.2,5.7,0,1.5833333333333333
2024-09-15 05:00:00-03:00,8.3,4.7,0,1.3055555555555556
2024-09-15 06:00:00-03:00,8.7,4.5,0,1.25
2024-09-15 07:00:00-03:00,9.1,6.0,8,1.6666666666666663
2024-09-15 08:00:00-03:00,10.9,5.4,116,1.5
2024-09-15 09:00:00-03:00,13.4,5.1,286,1.4166666666666663
2024-09-15 10:00:00-03:00,14.9,7.3,449,2.0277777777777777
2024-09-15 11:00:00-03:00,16.3,10.1,600,2.805555555555556
2024-09-15 12:00:00-03:00,17.1,10.8,658,3.0
2024-09-15 13:00:00-03:00,17.8,13.9,723,3.861111111111111
2024-09-15 14:00:00-03:00,17.8,15.0,523,4.166666666666667
2024-09-15 15:00:00-03:00,17.9,15.0,553,4.166666666666667
2024-09-15 16:00:00-03:00,17.5,13.8,339,3.8333333333333335
2024-09-15 17:00:00-03:00,16.7,13.4,268,3.7222222222222223
2024-09-15 18:00:00-03:00,15.2,12.3,72,3.416666666666667
2024-09-15 19:00:00-03:00,14.0,9.4,3,2.611111111111111
2024-09-15 20:00:00-03:00,13.5,8.2,0,2.2777777777777777
2024-09-15 21:00:00-03:00,12.1,6.9,0,1.9166666666666667
2024-09-15 22:00:00-03:00,11.6,8.4,0,2.333333333333333
2024-09-15 23:00:00-03:00,11.2,9.0,0,2.5
2024-09-16 00:00:00-03:00,11.8,8.0,0,2.2222222222222223
2024-09-16 01:00:00-03:00,13.2,4.6,0,1.2777777777777777
2024-09-16 02:00:00-03:00,12.5,2.5,0,0.6944444444444444
2024-09-16 03:00:00-03:00,10.4,4.1,0,1.1388888888888888
2024-09-16 04:00:00-03:00,9.6,4.4,0,1.2222222222222223
2024-09-16 05:00:00-03:00,9.1,6.7,0,1.8611111111111112
2024-09-16 06:00:00-03:00,8.9,8.2,0,2.2777777777777777
2024-09-16 07:00:00-03:00,9.1,8.3,9,2.305555555555556
2024-09-16 08:00:00-03:00,10.4,7.0,107,1.9444444444444444
2024-09-16 09:00:00-03:00,12.6,6.1,255,1.6944444444444442
2024-09-16 10:00:00-03:00,16.0,6.1,502,1.6944444444444442
2024-09-16 11:00:00-03:00,18.1,5.4,630,1.5
2024-09-16 12:00:00-03:00,19.6,4.1,747,1.1388888888888888
2024-09-16 13:00:00-03:00,20.2,5.4,693,1.5
2024-09-16 14:00:00-03:00,20.6,6.6,632,1.8333333333333333
2024-09-16 15:00:00-03:00,20.4,6.8,536,1.8888888888888888
2024-09-16 16:00:00-03:00,20.2,8.3,504,2.305555555555556
2024-09-16 17:00:00-03:00,19.2,11.1,308,3.083333333333333
2024-09-16 18:00:00-03:00,17.3,8.7,114,2.4166666666666665
2024-09-16 19:00:00-03:00,15.5,8.4,4,2.333333333333333
2024-09-16 20:00:00-03:00,14.9,8.7,0,2.4166666666666665
2024-09-16 21:00:00-03:00,14.4,8.4,0,2.333333333333333
2024-09-16 22:00:00-03:00,13.9,7.1,0,1.972222222222222
2024-09-16 23:00:00-03:00,12.8,9.7,0,2.694444444444444
2024-09-17 00:00:00-03:00,12.9,7.3,0,2.0277777777777777
2024-09-17 01:00:00-03:00,12.6,7.9,0,2.1944444444444446
2024-09-17 02:00:00-03:00,11.9,7.6,0,2.111111111111111
2024-09-17 03:00:00-03:00,11.6,7.6,0,2.111111111111111
2024-09-17 04:00:00-03:00,11.3,7.2,0,2.0
2024-09-17 05:00:00-03:00,10.3,9.0,0,2.5
2024-09-17 06:00:00-03:00,9.8,10.1,0,2.805555555555556
2024-09-17 07:00:00-03:00,10.8,6.9,13,1.9166666666666667
2024-09-17 08:00:00-03:00,13.2,6.8,103,1.8888888888888888
2024-09-17 09:00:00-03:00,14.2,7.1,166,1.972222222222222
2024-09-17 10:00:00-03:00,17.9,9.5,510,2.638888888888889
2024-09-17 11:00:00-03:00,19.4,11.6,686,3.222222222222222
2024-09-17 12:00:00-03:00,20.4,15.5,793,4.305555555555555
2024-09-17 13:00:00-03:00,20.6,17.4,820,4.833333333333333
2024-09-17 14:00:00-03:00,20.6,18.1,779,5.027777777777778
2024-09-17 15:00:00-03:00,20.2,19.4,679,5.388888888888888
2024-09-17 16:00:00-03:00,19.9,20.1,511,5.583333333333334
2024-09-17 17:00:00-03:00,19.1,19.5,320,5.416666666666667
2024-09-17 18:00:00-03:00,17.4,16.2,103,4.5
2024-09-17 19:00:00-03:00,16.7,16.5,5,4.583333333333333
2024-09-17 20:00:00-03:00,16.9,16.6,0,4.611111111111112
2024-09-17 21:00:00-03:00,16.2,15.9,0,4.416666666666667
2024-09-17 22:00:00-03:00,16.3,22.7,0,6.305555555555555
2024-09-17 23:00:00-03:00,16.6,25.0,0,6.944444444444445
2024-09-18 00:00:00-03:00,16.6,25.6,0,7.111111111111112
2024-09-18 01:00:00-03:00,16.6,22.9,0,6.361111111111111
2024-09-18 02:00:00-03:00,16.6,20.1,0,5.583333333333334
2024-09-18 03:00:00-03:00,16.5,19.9,0,5.527777777777778
2024-09-18 04:00:00-03:00,16.7,21.7,0,6.027777777777778
2024-09-18 05:00:00-03:00,16.4,15.6,0,4.333333333333333
2024-09-18 06:00:00-03:00,16.2,16.2,0,4.5
2024-09-18 07:00:00-03:00,16.1,15.8,6,4.388888888888889
2024-09-18 08:00:00-03:00,16.9,15.1,77,4.194444444444445
2024-09-18 09:00:00-03:00,18.6,18.9,293,5.249999999999999
2024-09-18 10:00:00-03:00,20.2,21.1,551,5.861111111111112
2024-09-18 11:00:00-03:00,21.1,20.1,705,5.583333333333334
2024-09-18 12:00:00-03:00,21.6,20.4,796,5.666666666666666
2024-09-18 13:00:00-03:00,21.7,21.8,807,6.055555555555555
2024-09-18 14:00:00-03:00,21.7,21.9,758,6.083333333333333
2024-09-18 15:00:00-03:00,21.6,20.5,622,5.694444444444445
2024-09-18 16:00:00-03:00,21.2,19.5,483,5.416666666666667
2024-09-18 17:00:00-03:00,20.2,17.7,317,4.916666666666666
2024-09-18 18:00:00-03:00,18.5,16.4,120,4.555555555555555
2024-09-18 19:00:00-03:00,17.3,15.0,5,4.166666666666667
2024-09-18 20:00:00-03:00,17.1,15.8,0,4.388888888888889
2024-09-18 21:00:00-03:00,16.9,16.5,0,4.583333333333333
2024-09-18 22:00:00-03:00,16.5,16.8,0,4.666666666666667
2024-09-18 23:00:00-03:00,16.3,16.2,0,4.5
2024-09-19 00:00:00-03:00,16.1,13.6,0,3.7777777777777777
2024-09-19 01:00:00-03:00,15.9,12.0,0,3.333333333333333
2024-09-19 02:00:00-03:00,15.6,10.4,0,2.888888888888889
2024-09-19 03:00:00-03:00,15.1,9.2,0,2.555555555555556
2024-09-19 04:00:00-03:00,14.9,9.9,0,2.75
2024-09-19 05:00:00-03:00,15.0,10.9,0,3.0277777777777777
2024-09-19 06:00:00-03:00,14.9,9.4,0,2.611111111111111
2024-09-19 07:00:00-03:00,15.3,12.3,17,3.416666666666667
2024-09-19 08:00:00-03:00,17.2,18.2,161,5.055555555555555
2024-09-19 09:00:00-03:00,19.0,17.1,352,4.75
2024-09-19 10:00:00-03:00,21.0,19.6,550,5.444444444444445
2024-09-19 11:00:00-03:00,22.2,21.6,698,6.0
2024-09-19 12:00:00-03:00,22.8,23.2,771,6.444444444444444
2024-09-19 13:00:00-03:00,23.2,25.8,818,7.166666666666667
2024-09-19 14:00:00-03:00,22.9,28.1,732,7.805555555555555
2024-09-19 15:00:00-03:00,22.6,27.6,617,7.666666666666667
2024-09-19 16:00:00-03:00,21.3,21.8,242,6.055555555555555
2024-09-19 17:00:00-03:00,21.0,23.7,104,6.583333333333333
2024-09-19 18:00:00-03:00,20.5,20.4,32,5.666666666666666
2024-09-19 19:00:00-03:00,20.0,17.7,1,4.916666666666666
2024-09-19 20:00:00-03:00,19.2,22.4,0,6.222222222222221
2024-09-19 21:00:00-03:00,19.0,26.3,0,7.305555555555555
2024-09-19 22:00:00-03:00,19.2,16.6,0,4.611111111111112
2024-09-19 23:00:00-03:00,19.0,8.7,0,2.4166666666666665
2024-09-20 00:00:00-03:00,18.9,21.1,0,5.861111111111112
2024-09-20 01:00:00-03:00,18.7,16.5,0,4.583333333333333
2024-09-20 02:00:00-03:00,18.4,12.0,0,3.333333333333333
2024-09-20 03:00:00-03:00,18.3,9.4,0,2.611111111111111
2024-09-20 04:00:00-03:00,17.8,8.7,0,2.4166666666666665
2024-09-20 05:00:00-03:00,17.5,6.4,0,1.777777777777778
2024-09-20 06:00:00-03:00,18.1,6.6,0,1.8333333333333333
2024-09-20 07:00:00-03:00,18.4,5.1,6,1.4166666666666663
2024-09-20 08:00:00-03:00,19.4,9.5,35,2.638888888888889
2024-09-20 09:00:00-03:00,20.5,12.6,67,3.5
2024-09-20 10:00:00-03:00,20.7,6.4,261,1.777777777777778
2024-09-20 11:00:00-03:00,21.4,10.5,262,2.9166666666666665
2024-09-20 12:00:00-03:00,22.0,13.7,242,3.8055555555555554
2024-09-20 13:00:00-03:00,22.0,16.9,276,4.694444444444444
2024-09-20 14:00:00-03:00,22.9,19.8,451,5.5
2024-09-20 15:00:00-03:00,22.9,20.5,374,5.694444444444445
2024-09-20 16:00:00-03:00,22.5,19.3,254,5.361111111111112
2024-09-20 17:00:00-03:00,21.9,15.9,157,4.416666666666667
2024-09-20 18:00:00-03:00,20.4,16.0,66,4.444444444444445
2024-09-20 19:00:00-03:00,17.8,11.8,5,3.2777777777777777
2024-09-20 20:00:00-03:00,15.9,11.5,0,3.194444444444444
2024-09-20 21:00:00-03:00,15.0,10.0,0,2.7777777777777777
2024-09-20 22:00:00-03:00,15.2,9.8,0,2.7222222222222223
2024-09-20 23:00:00-03:00,15.3,10.3,0,2.861111111111111
2024-09-21 00:00:00-03:00,16.1,10.6,0,2.944444444444444
2024-09-21 01:00:00-03:00,15.5,6.8,0,1.8888888888888888
2024-09-21 02:00:00-03:00,15.0,6.1,0,1.6944444444444442
2024-09-21 03:00:00-03:00,15.7,6.6,0,1.8333333333333333
2024-09-21 04:00:00-03:00,16.0,7.1,0,1.972222222222222
2024-09-21 05:00:00-03:00,16.1,6.8,0,1.8888888888888888
2024-09-21 06:00:00-03:00,16.4,6.6,0,1.8333333333333333
2024-09-21 07:00:00-03:00,17.1,9.7,12,2.694444444444444
2024-09-21 08:00:00-03:00,18.2,15.4,58,4.277777777777778
2024-09-21 09:00:00-03:00,19.1,16.2,186,4.5
2024-09-21 10:00:00-03:00,20.2,17.4,235,4.833333333333333
2024-09-21 11:00:00-03:00,21.1,18.0,317,5.0
2024-09-21 12:00:00-03:00,20.7,18.8,288,5.222222222222222
2024-09-21 13:00:00-03:00,21.2,17.5,369,4.861111111111111
2024-09-21 14:00:00-03:00,22.7,19.5,665,5.416666666666667
2024-09-21 15:00:00-03:00,22.8,17.7,589,4.916666666666666
2024-09-21 16:00:00-03:00,22.0,16.7,437,4.638888888888888
2024-09-21 17:00:00-03:00,21.5,17.1,298,4.75
2024-09-21 18:00:00-03:00,20.4,13.1,121,3.638888888888889
2024-09-21 19:00:00-03:00,19.1,12.7,6,3.5277777777777777
2024-09-21 20:00:00-03:00,18.8,12.1,0,3.3611111111111107
2024-09-21 21:00:00-03:00,18.4,12.3,0,3.416666666666667
2024-09-21 22:00:00-03:00,18.6,17.2,0,4.777777777777778
2024-09-21 23:00:00-03:00,18.4,17.9,0,4.972222222222221
2024-09-22 00:00:00-03:00,18.2,17.7,0,4.916666666666666
2024-09-22 01:00:00-03:00,18.1,17.3,0,4.805555555555555
2024-09-22 02:00:00-03:00,18.9,18.3,0,5.083333333333333
2024-09-22 03:00:00-03:00,19.2,18.5,0,5.138888888888888
2024-09-22 04:00:00-03:00,19.3,18.4,0,5.111111111111111
2024-09-22 05:00:00-03:00,19.2,18.2,0,5.055555555555555
2024-09-22 06:00:00-03:00,18.7,15.1,0,4.194444444444445
2024-09-22 07:00:00-03:00,18.9,16.3,12,4.527777777777778
2024-09-22 08:00:00-03:00,19.9,22.4,122,6.222222222222221
2024-09-22 09:00:00-03:00,21.2,22.1,294,6.138888888888889
2024-09-22 10:00:00-03:00,22.0,20.2,555,5.611111111111111
2024-09-22 11:00:00-03:00,23.4,18.4,722,5.111111111111111
2024-09-22 12:00:00-03:00,24.3,18.9,810,5.249999999999999
2024-09-22 13:00:00-03:00,24.7,20.3,835,5.638888888888889
2024-09-22 14:00:00-03:00,25.0,20.1,790,5.583333333333334
2024-09-22 15:00:00-03:00,25.2,19.2,678,5.333333333333333
2024-09-22 16:00:00-03:00,25.0,18.3,512,5.083333333333333
2024-09-22 17:00:00-03:00,24.0,17.7,306,4.916666666666666
2024-09-22 18:00:00-03:00,22.9,20.2,118,5.611111111111111
2024-09-22 19:00:00-03:00,21.8,20.2,6,5.611111111111111
2024-09-22 20:00:00-03:00,21.3,19.6,0,5.444444444444445
2024-09-22 21:00:00-03:00,20.8,10.8,0,3.0
2024-09-22 22:00:00-03:00,22.8,10.7,0,2.972222222222222
2024-09-22 23:00:00-03:00,21.4,6.4,0,1.777777777777778
2024-09-23 00:00:00-03:00,21.9,4.0,0,1.1111111111111112
2024-09-23 01:00:00-03:00,20.7,4.1,0,1.1388888888888888
2024-09-23 02:00:00-03:00,20.2,13.8,0,3.8333333333333335
2024-09-23 03:00:00-03:00,20.6,14.6,0,4.055555555555555
2024-09-23 04:00:00-03:00,20.3,9.7,0,2.694444444444444
2024-09-23 05:00:00-03:00,19.1,7.9,0,2.1944444444444446
2024-09-23 06:00:00-03:00,19.7,9.2,0,2.555555555555556
2024-09-23 07:00:00-03:00,20.0,6.3,7,1.75
2024-09-23 08:00:00-03:00,20.0,6.1,12,1.6944444444444442
2024-09-23 09:00:00-03:00,20.4,5.5,51,1.5277777777777777
2024-09-23 10:00:00-03:00,20.7,8.5,113,2.361111111111111
2024-09-23 11:00:00-03:00,22.1,7.4,290,2.055555555555556
2024-09-23 12:00:00-03:00,22.0,14.7,250,4.083333333333333
2024-09-23 13:00:00-03:00,21.5,7.1,120,1.972222222222222
2024-09-23 14:00:00-03:00,21.6,3.3,161,0.9166666666666666
2024-09-23 15:00:00-03:00,21.7,9.9,199,2.75
2024-09-23 16:00:00-03:00,21.6,8.8,128,2.4444444444444446
2024-09-23 17:00:00-03:00,20.1,15.3,36,4.25
2024-09-23 18:00:00-03:00,19.0,9.7,8,2.694444444444444
2024-09-23 19:00:00-03:00,19.7,9.8,2,2.7222222222222223
2024-09-23 20:00:00-03:00,20.8,7.4,0,2.055555555555556
2024-09-23 21:00:00-03:00,20.2,7.2,0,2.0
2024-09-23 22:00:00-03:00,20.5,10.2,0,2.833333333333333
2024-09-23 23:00:00-03:00,19.9,8.8,0,2.4444444444444446
2024-09-24 00:00:00-03:00,19.4,5.4,0,1.5
2024-09-24 01:00:00-03:00,19.8,5.1,0,1.4166666666666663
2024-09-24 02:00:00-03:00,18.9,5.9,0,1.6388888888888888
2024-09-24 03:00:00-03:00,19.2,6.7,0,1.8611111111111112
2024-09-24 04:00:00-03:00,19.6,9.6,0,2.6666666666666665
2024-09-24 05:00:00-03:00,19.5,13.8,0,3.8333333333333335
2024-09-24 06:00:00-03:00,18.7,11.7,0,3.25
2024-09-24 07:00:00-03:00,18.5,14.5,2,4.027777777777778
2024-09-24 08:00:00-03:00,19.1,16.2,17,4.5
2024-09-24 09:00:00-03:00,19.3,18.9,34,5.249999999999999
2024-09-24 10:00:00-03:00,17.7,16.6,15,4.611111111111112
2024-09-24 11:00:00-03:00,18.0,19.2,51,5.333333333333333
2024-09-24 12:00:00-03:00,18.2,23.4,67,6.499999999999999
2024-09-24 13:00:00-03:00,19.1,21.0,261,5.833333333333333
2024-09-24 14:00:00-03:00,19.2,19.7,139,5.472222222222222
2024-09-24 15:00:00-03:00,20.3,12.0,171,3.333333333333333
2024-09-24 16:00:00-03:00,20.9,12.9,195,3.583333333333333
2024-09-24 17:00:00-03:00,20.4,12.6,66,3.5
2024-09-24 18:00:00-03:00,19.8,13.6,48,3.7777777777777777
2024-09-24 19:00:00-03:00,19.5,12.4,2,3.4444444444444446
2024-09-24 20:00:00-03:00,19.6,12.2,0,3.3888888888888884
2024-09-24 21:00:00-03:00,19.6,4.7,0,1.3055555555555556
2024-09-24 22:00:00-03:00,18.9,11.8,0,3.2777777777777777
2024-09-24 23:00:00-03:00,19.0,10.3,0,2.861111111111111
2024-09-25 00:00:00-03:00,18.9,11.5,0,3.194444444444444
2024-09-25 01:00:00-03:00,18.9,9.9,0,2.75
2024-09-25 02:00:00-03:00,18.9,7.5,0,2.083333333333333
2024-09-25 03:00:00-03:00,18.6,5.7,0,1.5833333333333333
2024-09-25 04:00:00-03:00,18.6,5.2,0,1.4444444444444444
2024-09-25 05:00:00-03:00,18.4,3.7,0,1.027777777777778
2024-09-25 06:00:00-03:00,19.3,4.0,0,1.1111111111111112
2024-09-25 07:00:00-03:00,19.1,9.0,4,2.5
2024-09-25 08:00:00-03:00,19.9,13.1,40,3.638888888888889
2024-09-25 09:00:00-03:00,20.1,19.1,87,5.305555555555556
2024-09-25 10:00:00-03:00,19.8,16.3,67,4.527777777777778
2024-09-25 11:00:00-03:00,20.2,19.1,115,5.305555555555556
2024-09-25 12:00:00-03:00,20.1,15.2,73,4.222222222222222
2024-09-25 13:00:00-03:00,20.2,19.6,72,5.444444444444445
2024-09-25 14:00:00-03:00,20.8,18.7,78,5.194444444444444
2024-09-25 15:00:00-03:00,22.1,12.1,206,3.3611111111111107
2024-09-25 16:00:00-03:00,22.2,3.6,129,1.0
2024-09-25 17:00:00-03:00,22.1,2.3,72,0.6388888888888888
2024-09-25 18:00:00-03:00,21.3,3.9,29,1.0833333333333333
2024-09-25 19:00:00-03:00,20.5,3.0,1,0.8333333333333333
2024-09-25 20:00:00-03:00,20.4,5.1,0,1.4166666666666663
2024-09-25 21:00:00-03:00,20.2,6.4,0,1.777777777777778
2024-09-25 22:00:00-03:00,19.2,6.5,0,1.805555555555556
2024-09-25 23:00:00-03:00,19.1,5.1,0,1.4166666666666663
2024-09-26 00:00:00-03:00,19.4,6.2,0,1.7222222222222223
2024-09-26 01:00:00-03:00,19.3,7.0,0,1.9444444444444444
2024-09-26 02:00:00-03:00,18.8,4.4,0,1.2222222222222223
2024-09-26 03:00:00-03:00,18.6,6.7,0,1.8611111111111112
2024-09-26 04:00:00-03:00,18.6,8.2,0,2.2777777777777777
2024-09-26 05:00:00-03:00,18.7,11.1,0,3.083333333333333
2024-09-26 06:00:00-03:00,18.6,11.1,0,3.083333333333333
2024-09-26 07:00:00-03:00,18.3,6.4,3,1.777777777777778
2024-09-26 08:00:00-03:00,18.7,8.7,36,2.4166666666666665
2024-09-26 09:00:00-03:00,19.1,12.6,48,3.5
2024-09-26 10:00:00-03:00,17.4,8.5,39,2.361111111111111
2024-09-26 11:00:00-03:00,17.7,9.1,58,2.5277777777777777
2024-09-26 12:00:00-03:00,18.4,12.3,122,3.416666666666667
2024-09-26 13:00:00-03:00,19.1,14.2,134,3.944444444444444
2024-09-26 14:00:00-03:00,20.4,15.1,251,4.194444444444445
2024-09-26 15:00:00-03:00,20.4,19.5,150,5.416666666666667
2024-09-26 16:00:00-03:00,19.7,19.5,160,5.416666666666667
2024-09-26 17:00:00-03:00,19.0,17.1,75,4.75
2024-09-26 18:00:00-03:00,18.0,17.9,22,4.972222222222221
2024-09-26 19:00:00-03:00,17.5,19.0,1,5.277777777777778
2024-09-26 20:00:00-03:00,17.2,20.7,0,5.75
2024-09-26 21:00:00-03:00,17.0,20.6,0,5.722222222222222
2024-09-26 22:00:00-03:00,17.3,18.3,0,5.083333333333333
2024-09-26 23:00:00-03:00,17.3,17.8,0,4.944444444444445
2024-09-27 00:00:00-03:00,17.0,17.9,0,4.972222222222221
2024-09-27 01:00:00-03:00,16.6,17.6,0,4.888888888888889
2024-09-27 02:00:00-03:00,16.4,20.2,0,5.611111111111111
2024-09-27 03:00:00-03:00,16.1,19.3,0,5.361111111111112
2024-09-27 04:00:00-03:00,16.0,20.0,0,5.555555555555555
2024-09-27 05:00:00-03:00,15.8,20.2,0,5.611111111111111
2024-09-27 06:00:00-03:00,15.7,18.6,0,5.166666666666667
2024-09-27 07:00:00-03:00,15.8,17.9,6,4.972222222222221
2024-09-27 08:00:00-03:00,16.4,17.6,79,4.888888888888889
2024-09-27 09:00:00-03:00,17.1,22.5,177,6.25
2024-09-27 10:00:00-03:00,19.1,17.1,463,4.75
2024-09-27 11:00:00-03:00,19.7,15.9,464,4.416666666666667
2024-09-27 12:00:00-03:00,20.0,15.8,424,4.388888888888889
2024-09-27 13:00:00-03:00,19.8,15.8,351,4.388888888888889
2024-09-27 14:00:00-03:00,20.0,15.6,406,4.333333333333333
2024-09-27 15:00:00-03:00,19.8,16.1,637,4.472222222222222
2024-09-27 16:00:00-03:00,19.5,13.8,499,3.8333333333333335
2024-09-27 17:00:00-03:00,18.8,13.4,303,3.7222222222222223
2024-09-27 18:00:00-03:00,17.4,12.1,130,3.3611111111111107
2024-09-27 19:00:00-03:00,15.9,9.0,8,2.5
2024-09-27 20:00:00-03:00,14.7,5.6,0,1.5555555555555554
2024-09-27 21:00:00-03:00,13.7,7.7,0,2.138888888888889
2024-09-27 22:00:00-03:00,13.6,8.7,0,2.4166666666666665
2024-09-27 23:00:00-03:00,15.1,4.9,0,1.3611111111111112
2024-09-28 00:00:00-03:00,14.7,2.2,0,0.6111111111111112
2024-09-28 01:00:00-03:00,14.5,2.5,0,0.6944444444444444
2024-09-28 02:00:00-03:00,13.1,4.1,0,1.1388888888888888
2024-09-28 03:00:00-03:00,12.4,3.4,0,0.9444444444444444
2024-09-28 04:00:00-03:00,12.5,4.9,0,1.3611111111111112
2024-09-28 05:00:00-03:00,12.9,5.0,0,1.3888888888888888
2024-09-28 06:00:00-03:00,13.2,6.1,0,1.6944444444444442
2024-09-28 07:00:00-03:00,13.9,7.5,19,2.083333333333333
2024-09-28 08:00:00-03:00,15.5,10.2,109,2.833333333333333
2024-09-28 09:00:00-03:00,16.9,9.9,315,2.75
2024-09-28 10:00:00-03:00,19.1,9.8,524,2.7222222222222223
2024-09-28 11:00:00-03:00,20.7,8.5,750,2.361111111111111
2024-09-28 12:00:00-03:00,22.1,7.6,858,2.111111111111111
2024-09-28 13:00:00-03:00,23.3,6.3,878,1.75
2024-09-28 14:00:00-03:00,23.5,6.3,708,1.75
2024-09-28 15:00:00-03:00,22.4,15.2,546,4.222222222222222
2024-09-28 16:00:00-03:00,21.3,17.2,431,4.777777777777778
2024-09-28 17:00:00-03:00,20.9,17.5,336,4.861111111111111
2024-09-28 18:00:00-03:00,19.8,15.2,125,4.222222222222222
2024-09-28 19:00:00-03:00,18.8,13.5,8,3.75
2024-09-28 20:00:00-03:00,18.6,13.4,0,3.7222222222222223
2024-09-28 21:00:00-03:00,18.6,14.9,0,4.138888888888889
2024-09-28 22:00:00-03:00,18.5,14.6,0,4.055555555555555
2024-09-28 23:00:00-03:00,17.9,13.6,0,3.7777777777777777
2024-09-29 00:00:00-03:00,17.2,13.0,0,3.611111111111111
2024-09-29 01:00:00-03:00,16.5,11.2,0,3.1111111111111107
2024-09-29 02:00:00-03:00,15.7,9.6,0,2.6666666666666665
2024-09-29 03:00:00-03:00,14.0,7.8,0,2.1666666666666665
2024-09-29 04:00:00-03:00,14.2,8.0,0,2.2222222222222223
2024-09-29 05:00:00-03:00,13.6,7.0,0,1.9444444444444444
2024-09-29 06:00:00-03:00,13.2,8.6,0,2.388888888888889
2024-09-29 07:00:00-03:00,15.3,7.2,37,2.0
2024-09-29 08:00:00-03:00,18.0,8.6,214,2.388888888888889
2024-09-29 09:00:00-03:00,20.0,10.6,415,2.944444444444444
2024-09-29 10:00:00-03:00,21.7,6.2,618,1.7222222222222223
2024-09-29 11:00:00-03:00,22.9,7.7,760,2.138888888888889
2024-09-29 12:00:00-03:00,23.7,10.6,854,2.944444444444444
2024-09-29 13:00:00-03:00,24.1,12.3,880,3.416666666666667
2024-09-29 14:00:00-03:00,24.3,12.7,838,3.5277777777777777
2024-09-29 15:00:00-03:00,24.5,11.8,713,3.2777777777777777
2024-09-29 16:00:00-03:00,24.0,12.9,542,3.583333333333333
2024-09-29 17:00:00-03:00,22.9,14.2,351,3.944444444444444
2024-09-29 18:00:00-03:00,21.7,13.6,145,3.7777777777777777
2024-09-29 19:00:00-03:00,20.5,13.4,10,3.7222222222222223
2024-09-29 20:00:00-03:00,20.5,14.2,0,3.944444444444444
2024-09-29 21:00:00-03:00,20.4,16.9,0,4.694444444444444
2024-09-29 22:00:00-03:00,20.0,15.5,0,4.305555555555555
2024-09-29 23:00:00-03:00,19.3,15.0,0,4.166666666666667
2024-09-30 00:00:00-03:00,18.5,14.3,0,3.9722222222222223
2024-09-30 01:00:00-03:00,18.1,14.1,0,3.9166666666666665
2024-09-30 02:00:00-03:00,17.6,16.7,0,4.638888888888888
2024-09-30 03:00:00-03:00,17.4,7.1,0,1.972222222222222
2024-09-30 04:00:00-03:00,17.5,10.1,0,2.805555555555556
2024-09-30 05:00:00-03:00,17.6,11.3,0,3.138888888888889
2024-09-30 06:00:00-03:00,18.2,13.1,0,3.638888888888889
2024-09-30 07:00:00-03:00,18.9,13.1,25,3.638888888888889
2024-09-30 08:00:00-03:00,20.2,13.1,178,3.638888888888889
2024-09-30 09:00:00-03:00,21.7,17.4,298,4.833333333333333
2024-09-30 10:00:00-03:00,24.3,11.1,485,3.083333333333333
2024-09-30 11:00:00-03:00,25.3,16.7,410,4.638888888888888
2024-09-30 12:00:00-03:00,26.7,17.2,720,4.777777777777778
2024-09-30 13:00:00-03:00,26.6,20.8,715,5.777777777777778
2024-09-30 14:00:00-03:00,26.8,18.6,680,5.166666666666667
2024-09-30 15:00:00-03:00,26.8,20.9,587,5.805555555555555
2024-09-30 16:00:00-03:00,26.5,13.6,393,3.7777777777777777
2024-09-30 17:00:00-03:00,24.7,18.7,164,5.194444444444444
2024-09-30 18:00:00-03:00,22.8,16.2,56,4.5
2024-09-30 19:00:00-03:00,22.8,17.3,3,4.805555555555555
2024-09-30 20:00:00-03:00,23.0,18.2,0,5.055555555555555
2024-09-30 21:00:00-03:00,22.5,14.0,0,3.888888888888889
2024-09-30 22:00:00-03:00,24.8,15.3,0,4.25
2024-09-30 23:00:00-03:00,25.5,16.3,0,4.527777777777778
2024-10-01 00:00:00-03:00,26.6,14.8,0,4.111111111111112
2024-10-01 01:00:00-03:00,22.6,11.4,0,3.1666666666666665
2024-10-01 02:00:00-03:00,21.4,4.5,0,1.25
2024-10-01 03:00:00-03:00,21.9,4.8,0,1.3333333333333333
2024-10-01 04:00:00-03:00,21.0,8.5,0,2.361111111111111
2024-10-01 05:00:00-03:00,20.4,11.4,0,3.1666666666666665
2024-10-01 06:00:00-03:00,20.3,7.2,0,2.0
2024-10-01 07:00:00-03:00,20.2,16.4,3,4.555555555555555
2024-10-01 08:00:00-03:00,20.7,14.1,21,3.9166666666666665
2024-10-01 09:00:00-03:00,21.7,11.0,60,3.055555555555556
2024-10-01 10:00:00-03:00,19.7,20.9,40,5.805555555555555
2024-10-01 11:00:00-03:00,20.0,17.9,53,4.972222222222221
2024-10-01 12:00:00-03:00,20.1,15.5,82,4.305555555555555
2024-10-01 13:00:00-03:00,20.9,13.5,127,3.75
2024-10-01 14:00:00-03:00,22.5,18.4,279,5.111111111111111
2024-10-01 15:00:00-03:00,23.1,16.9,468,4.694444444444444
2024-10-01 16:00:00-03:00,23.1,10.6,367,2.944444444444444
2024-10-01 17:00:00-03:00,22.7,6.5,101,1.805555555555556
2024-10-01 18:00:00-03:00,21.9,4.0,22,1.1111111111111112
2024-10-01 19:00:00-03:00,21.1,11.6,2,3.222222222222222
2024-10-01 20:00:00-03:00,19.8,13.4,0,3.7222222222222223
2024-10-01 21:00:00-03:00,19.2,14.4,0,4.0
2024-10-01 22:00:00-03:00,18.8,18.2,0,5.055555555555555
2024-10-01 23:00:00-03:00,17.9,21.9,0,6.083333333333333
2024-10-02 00:00:00-03:00,17.2,18.4,0,5.111111111111111
2024-10-02 01:00:00-03:00,17.0,15.3,0,4.25
2024-10-02 02:00:00-03:00,16.8,16.4,0,4.555555555555555
2024-10-02 03:00:00-03:00,16.6,15.6,0,4.333333333333333
2024-10-02 04:00:00-03:00,16.5,14.9,0,4.138888888888889
2024-10-02 05:00:00-03:00,16.3,11.3,0,3.138888888888889
2024-10-02 06:00:00-03:00,16.2,9.8,0,2.7222222222222223
2024-10-02 07:00:00-03:00,16.0,14.4,36,4.0
2024-10-02 08:00:00-03:00,16.9,21.6,226,6.0
2024-10-02 09:00:00-03:00,18.1,20.8,441,5.777777777777778
2024-10-02 10:00:00-03:00,18.7,14.9,539,4.138888888888889
2024-10-02 11:00:00-03:00,19.8,15.2,698,4.222222222222222
2024-10-02 12:00:00-03:00,20.2,17.0,755,4.722222222222222
2024-10-02 13:00:00-03:00,20.3,20.9,800,5.805555555555555
2024-10-02 14:00:00-03:00,19.9,21.9,783,6.083333333333333
2024-10-02 15:00:00-03:00,19.4,23.6,737,6.555555555555555
2024-10-02 16:00:00-03:00,18.8,22.9,572,6.361111111111111
2024-10-02 17:00:00-03:00,18.4,21.3,374,5.916666666666667
2024-10-02 18:00:00-03:00,17.2,16.1,150,4.472222222222222
2024-10-02 19:00:00-03:00,15.6,14.2,12,3.944444444444444
2024-10-02 20:00:00-03:00,14.0,19.1,0,5.305555555555556
2024-10-02 21:00:00-03:00,13.5,17.5,0,4.861111111111111
2024-10-02 22:00:00-03:00,12.9,15.7,0,4.361111111111111
2024-10-02 23:00:00-03:00,12.3,16.3,0,4.527777777777778
2024-10-03 00:00:00-03:00,11.7,14.6,0,4.055555555555555
2024-10-03 01:00:00-03:00,11.1,10.5,0,2.9166666666666665
2024-10-03 02:00:00-03:00,10.4,8.1,0,2.25
2024-10-03 03:00:00-03:00,9.9,7.7,0,2.138888888888889
2024-10-03 04:00:00-03:00,9.4,7.3,0,2.0277777777777777
2024-10-03 05:00:00-03:00,9.3,7.8,0,2.1666666666666665
2024-10-03 06:00:00-03:00,8.9,6.4,0,1.777777777777778
2024-10-03 07:00:00-03:00,10.2,8.0,48,2.2222222222222223
2024-10-03 08:00:00-03:00,12.2,8.0,236,2.2222222222222223
2024-10-03 09:00:00-03:00,14.2,14.8,430,4.111111111111112
2024-10-03 10:00:00-03:00,15.5,13.6,570,3.7777777777777777
2024-10-03 11:00:00-03:00,16.5,11.2,638,3.1111111111111107
2024-10-03 12:00:00-03:00,17.2,10.3,695,2.861111111111111
2024-10-03 13:00:00-03:00,17.1,9.8,475,2.7222222222222223
2024-10-03 14:00:00-03:00,17.6,8.9,592,2.4722222222222223
2024-10-03 15:00:00-03:00,17.5,10.2,528,2.833333333333333
2024-10-03 16:00:00-03:00,16.3,15.0,329,4.166666666666667
2024-10-03 17:00:00-03:00,15.6,16.3,252,4.527777777777778
2024-10-03 18:00:00-03:00,14.3,15.0,140,4.166666666666667
2024-10-03 19:00:00-03:00,13.1,11.3,12,3.138888888888889
2024-10-03 20:00:00-03:00,12.4,9.9,0,2.75
2024-10-03 21:00:00-03:00,11.9,8.5,0,2.361111111111111
2024-10-03 22:00:00-03:00,11.2,7.2,0,2.0
2024-10-03 23:00:00-03:00,11.3,7.0,0,1.9444444444444444
2024-10-04 00:00:00-03:00,11.5,6.7,0,1.8611111111111112
2024-10-04 01:00:00-03:00,11.4,6.8,0,1.8888888888888888
2024-10-04 02:00:00-03:00,11.6,8.1,0,2.25
2024-10-04 03:00:00-03:00,11.5,8.6,0,2.388888888888889
2024-10-04 04:00:00-03:00,11.5,8.3,0,2.305555555555556
2024-10-04 05:00:00-03:00,11.3,7.5,0,2.083333333333333
2024-10-04 06:00:00-03:00,10.8,7.0,0,1.9444444444444444
2024-10-04 07:00:00-03:00,12.6,8.6,51,2.388888888888889
2024-10-04 08:00:00-03:00,15.0,9.4,242,2.611111111111111
2024-10-04 09:00:00-03:00,16.4,11.4,459,3.1666666666666665
2024-10-04 10:00:00-03:00,17.2,13.2,639,3.6666666666666665
2024-10-04 11:00:00-03:00,17.2,13.6,419,3.7777777777777777
2024-10-04 12:00:00-03:00,17.7,13.7,553,3.8055555555555554
2024-10-04 13:00:00-03:00,17.8,15.8,424,4.388888888888889
2024-10-04 14:00:00-03:00,18.3,16.4,522,4.555555555555555
2024-10-04 15:00:00-03:00,18.4,14.4,381,4.0
2024-10-04 16:00:00-03:00,18.5,13.6,380,3.7777777777777777
2024-10-04 17:00:00-03:00,18.0,14.2,237,3.944444444444444
2024-10-04 18:00:00-03:00,17.3,11.5,114,3.194444444444444
2024-10-04 19:00:00-03:00,15.9,11.2,12,3.1111111111111107
2024-10-04 20:00:00-03:00,15.8,11.5,0,3.194444444444444
2024-10-04 21:00:00-03:00,15.7,12.1,0,3.3611111111111107
2024-10-04 22:00:00-03:00,16.7,14.8,0,4.111111111111112
2024-10-04 23:00:00-03:00,16.8,17.2,0,4.777777777777778
2024-10-05 00:00:00-03:00,16.3,17.6,0,4.888888888888889
2024-10-05 01:00:00-03:00,16.0,17.9,0,4.972222222222221
2024-10-05 02:00:00-03:00,15.6,16.3,0,4.527777777777778
2024-10-05 03:00:00-03:00,15.4,15.3,0,4.25
2024-10-05 04:00:00-03:00,15.2,14.9,0,4.138888888888889
2024-10-05 05:00:00-03:00,15.1,14.4,0,4.0
2024-10-05 06:00:00-03:00,14.8,12.0,0,3.333333333333333
2024-10-05 07:00:00-03:00,15.8,11.0,54,3.055555555555556
2024-10-05 08:00:00-03:00,18.1,14.3,243,3.9722222222222223
2024-10-05 09:00:00-03:00,19.5,15.9,461,4.416666666666667
2024-10-05 10:00:00-03:00,20.8,11.0,657,3.055555555555556
2024-10-05 11:00:00-03:00,21.8,8.7,803,2.4166666666666665
2024-10-05 12:00:00-03:00,22.5,9.8,889,2.7222222222222223
2024-10-05 13:00:00-03:00,22.8,12.4,907,3.4444444444444446
2024-10-05 14:00:00-03:00,22.6,14.3,793,3.9722222222222223
2024-10-05 15:00:00-03:00,22.5,14.3,747,3.9722222222222223
2024-10-05 16:00:00-03:00,22.1,14.7,584,4.083333333333333
2024-10-05 17:00:00-03:00,21.4,14.5,379,4.027777777777778
2024-10-05 18:00:00-03:00,19.8,10.2,163,2.833333333333333
2024-10-05 19:00:00-03:00,18.0,9.1,14,2.5277777777777777
2024-10-05 20:00:00-03:00,19.0,12.7,0,3.5277777777777777
2024-10-05 21:00:00-03:00,18.7,12.4,0,3.4444444444444446
2024-10-05 22:00:00-03:00,17.6,11.8,0,3.2777777777777777
2024-10-05 23:00:00-03:00,17.0,10.1,0,2.805555555555556
2024-10-06 00:00:00-03:00,15.3,9.4,0,2.611111111111111
2024-10-06 01:00:00-03:00,15.3,9.2,0,2.555555555555556
2024-10-06 02:00:00-03:00,14.7,9.6,0,2.6666666666666665
2024-10-06 03:00:00-03:00,14.7,7.4,0,2.055555555555556
2024-10-06 04:00:00-03:00,15.4,8.6,0,2.388888888888889
2024-10-06 05:00:00-03:00,15.2,8.3,0,2.305555555555556
2024-10-06 06:00:00-03:00,14.9,7.9,0,2.1944444444444446
2024-10-06 07:00:00-03:00,16.4,10.7,55,2.972222222222222
2024-10-06 08:00:00-03:00,18.5,11.6,250,3.222222222222222
2024-10-06 09:00:00-03:00,19.8,15.6,464,4.333333333333333
2024-10-06 10:00:00-03:00,20.5,15.9,639,4.416666666666667
2024-10-06 11:00:00-03:00,21.1,17.1,781,4.75
2024-10-06 12:00:00-03:00,21.6,18.3,874,5.083333333333333
2024-10-06 13:00:00-03:00,21.7,19.1,883,5.305555555555556
2024-10-06 14:00:00-03:00,21.7,19.5,848,5.416666666666667
2024-10-06 15:00:00-03:00,21.5,19.9,733,5.527777777777778
2024-10-06 16:00:00-03:00,20.9,20.3,555,5.638888888888889
2024-10-06 17:00:00-03:00,19.9,20.8,299,5.777777777777778
2024-10-06 18:00:00-03:00,18.8,17.2,124,4.777777777777778
2024-10-06 19:00:00-03:00,17.5,14.1,14,3.9166666666666665
2024-10-06 20:00:00-03:00,17.3,14.7,0,4.083333333333333
2024-10-06 21:00:00-03:00,17.1,15.3,0,4.25
2024-10-06 22:00:00-03:00,17.3,16.7,0,4.638888888888888
2024-10-06 23:00:00-03:00,17.3,16.0,0,4.444444444444445
2024-10-07 00:00:00-03:00,17.2,16.1,0,4.472222222222222
2024-10-07 01:00:00-03:00,17.1,15.8,0,4.388888888888889
2024-10-07 02:00:00-03:00,17.6,18.9,0,5.249999999999999
2024-10-07 03:00:00-03:00,17.6,20.4,0,5.666666666666666
2024-10-07 04:00:00-03:00,17.2,20.0,0,5.555555555555555
2024-10-07 05:00:00-03:00,17.1,20.6,0,5.722222222222222
2024-10-07 06:00:00-03:00,17.0,20.0,0,5.555555555555555
2024-10-07 07:00:00-03:00,17.9,21.3,47,5.916666666666667
2024-10-07 08:00:00-03:00,18.7,27.9,191,7.749999999999999
2024-10-07 09:00:00-03:00,19.2,28.7,356,7.972222222222221
2024-10-07 10:00:00-03:00,19.5,26.7,340,7.416666666666666
2024-10-07 11:00:00-03:00,20.0,27.5,362,7.638888888888888
2024-10-07 12:00:00-03:00,20.1,27.0,356,7.5
2024-10-07 13:00:00-03:00,20.3,23.8,274,6.611111111111111
2024-10-07 14:00:00-03:00,20.5,22.6,275,6.277777777777778
2024-10-07 15:00:00-03:00,20.4,21.4,237,5.944444444444444
2024-10-07 16:00:00-03:00,20.6,21.2,346,5.888888888888888
2024-10-07 17:00:00-03:00,19.8,17.8,137,4.944444444444445
2024-10-07 18:00:00-03:00,19.4,16.7,71,4.638888888888888
2024-10-07 19:00:00-03:00,19.0,17.7,5,4.916666666666666
2024-10-07 20:00:00-03:00,18.9,18.4,0,5.111111111111111
2024-10-07 21:00:00-03:00,18.9,15.6,0,4.333333333333333
2024-10-07 22:00:00-03:00,18.1,11.0,0,3.055555555555556
2024-10-07 23:00:00-03:00,18.1,11.1,0,3.083333333333333
2024-10-08 00:00:00-03:00,18.1,11.6,0,3.222222222222222
2024-10-08 01:00:00-03:00,17.8,7.7,0,2.138888888888889
2024-10-08 02:00:00-03:00,18.0,6.2,0,1.7222222222222223
2024-10-08 03:00:00-03:00,18.0,6.7,0,1.8611111111111112
2024-10-08 04:00:00-03:00,18.0,4.7,0,1.3055555555555556
2024-10-08 05:00:00-03:00,18.0,6.4,0,1.777777777777778
2024-10-08 06:00:00-03:00,18.0,10.2,0,2.833333333333333
2024-10-08 07:00:00-03:00,18.3,9.6,15,2.6666666666666665
2024-10-08 08:00:00-03:00,19.3,12.5,120,3.4722222222222223
2024-10-08 09:00:00-03:00,19.6,13.2,166,3.6666666666666665
2024-10-08 10:00:00-03:00,20.4,16.6,255,4.611111111111112
2024-10-08 11:00:00-03:00,20.7,18.1,294,5.027777777777778
2024-10-08 12:00:00-03:00,21.3,18.7,533,5.194444444444444
2024-10-08 13:00:00-03:00,21.1,20.3,430,5.638888888888889
2024-10-08 14:00:00-03:00,20.7,19.3,284,5.361111111111112
2024-10-08 15:00:00-03:00,21.1,19.7,400,5.472222222222222
2024-10-08 16:00:00-03:00,20.7,22.9,453,6.361111111111111
2024-10-08 17:00:00-03:00,19.5,24.6,262,6.833333333333334
2024-10-08 18:00:00-03:00,18.8,21.8,92,6.055555555555555
2024-10-08 19:00:00-03:00,18.3,20.2,6,5.611111111111111
2024-10-08 20:00:00-03:00,18.1,19.7,0,5.472222222222222
2024-10-08 21:00:00-03:00,17.7,18.3,0,5.083333333333333
2024-10-08 22:00:00-03:00,17.2,13.8,0,3.8333333333333335
2024-10-08 23:00:00-03:00,17.0,12.7,0,3.5277777777777777
2024-10-09 00:00:00-03:00,17.0,13.4,0,3.7222222222222223
2024-10-09 01:00:00-03:00,17.0,12.9,0,3.583333333333333
2024-10-09 02:00:00-03:00,17.1,15.0,0,4.166666666666667
2024-10-09 03:00:00-03:00,17.0,18.3,0,5.083333333333333
2024-10-09 04:00:00-03:00,16.8,20.1,0,5.583333333333334
2024-10-09 05:00:00-03:00,16.3,20.1,0,5.583333333333334
2024-10-09 06:00:00-03:00,16.0,17.9,0,4.972222222222221
2024-10-09 07:00:00-03:00,16.3,19.2,29,5.333333333333333
2024-10-09 08:00:00-03:00,17.3,23.3,150,6.472222222222222
2024-10-09 09:00:00-03:00,17.9,27.0,314,7.5
2024-10-09 10:00:00-03:00,19.0,25.1,429,6.972222222222222
2024-10-09 11:00:00-03:00,19.7,26.9,575,7.472222222222221
2024-10-09 12:00:00-03:00,19.6,28.0,572,7.777777777777778
2024-10-09 13:00:00-03:00,19.4,26.3,517,7.305555555555555
2024-10-09 14:00:00-03:00,19.5,26.1,561,7.25
2024-10-09 15:00:00-03:00,19.2,26.6,486,7.388888888888889
2024-10-09 16:00:00-03:00,18.6,26.6,319,7.388888888888889
2024-10-09 17:00:00-03:00,17.9,24.0,170,6.666666666666666
2024-10-09 18:00:00-03:00,17.5,21.2,114,5.888888888888888
2024-10-09 19:00:00-03:00,17.1,20.2,13,5.611111111111111
2024-10-09 20:00:00-03:00,17.3,21.8,0,6.055555555555555
2024-10-09 21:00:00-03:00,17.4,24.4,0,6.777777777777777
2024-10-09 22:00:00-03:00,18.1,24.2,0,6.722222222222221
2024-10-09 23:00:00-03:00,17.6,23.7,0,6.583333333333333
2024-10-10 00:00:00-03:00,17.4,23.8,0,6.611111111111111
2024-10-10 01:00:00-03:00,17.3,23.4,0,6.499999999999999
2024-10-10 02:00:00-03:00,17.3,22.4,0,6.222222222222221
2024-10-10 03:00:00-03:00,17.4,23.0,0,6.388888888888888
2024-10-10 04:00:00-03:00,17.3,22.8,0,6.333333333333333
2024-10-10 05:00:00-03:00,17.5,22.1,0,6.138888888888889
2024-10-10 06:00:00-03:00,17.7,22.6,0,6.277777777777778
2024-10-10 07:00:00-03:00,18.0,23.1,21,6.416666666666667
2024-10-10 08:00:00-03:00,18.4,23.9,84,6.638888888888888
2024-10-10 09:00:00-03:00,18.7,30.1,161,8.36111111111111
2024-10-10 10:00:00-03:00,19.5,30.3,247,8.416666666666666
2024-10-10 11:00:00-03:00,19.3,29.1,141,8.083333333333334
2024-10-10 12:00:00-03:00,20.0,33.1,270,9.194444444444445
2024-10-10 13:00:00-03:00,19.8,31.8,262,8.833333333333334
2024-10-10 14:00:00-03:00,19.7,30.3,207,8.416666666666666
2024-10-10 15:00:00-03:00,19.6,27.6,186,7.666666666666667
2024-10-10 16:00:00-03:00,19.6,28.9,198,8.027777777777777
2024-10-10 17:00:00-03:00,19.5,30.4,295,8.444444444444445
2024-10-10 18:00:00-03:00,18.5,26.1,122,7.25
2024-10-10 19:00:00-03:00,18.2,24.2,10,6.722222222222221
2024-10-10 20:00:00-03:00,18.3,24.4,0,6.777777777777777
2024-10-10 21:00:00-03:00,18.3,23.9,0,6.638888888888888
2024-10-10 22:00:00-03:00,18.4,19.6,0,5.444444444444445
2024-10-10 23:00:00-03:00,18.5,18.4,0,5.111111111111111
2024-10-11 00:00:00-03:00,18.3,13.9,0,3.861111111111111
2024-10-11 01:00:00-03:00,18.3,13.0,0,3.611111111111111
2024-10-11 02:00:00-03:00,18.1,12.7,0,3.5277777777777777
2024-10-11 03:00:00-03:00,18.1,13.8,0,3.8333333333333335
2024-10-11 04:00:00-03:00,18.1,12.2,0,3.3888888888888884
2024-10-11 05:00:00-03:00,17.9,6.8,0,1.8888888888888888
2024-10-11 06:00:00-03:00,18.2,8.5,0,2.361111111111111
2024-10-11 07:00:00-03:00,18.6,7.6,31,2.111111111111111
2024-10-11 08:00:00-03:00,19.1,8.0,78,2.2222222222222223
2024-10-11 09:00:00-03:00,21.4,5.4,450,1.5
2024-10-11 10:00:00-03:00,21.1,4.1,276,1.1388888888888888
2024-10-11 11:00:00-03:00,21.3,7.5,308,2.083333333333333
2024-10-11 12:00:00-03:00,20.8,9.9,130,2.75
2024-10-11 13:00:00-03:00,22.4,12.4,490,3.4444444444444446
2024-10-11 14:00:00-03:00,21.9,15.1,260,4.194444444444445
2024-10-11 15:00:00-03:00,23.2,17.7,582,4.916666666666666
2024-10-11 16:00:00-03:00,23.4,16.1,516,4.472222222222222
2024-10-11 17:00:00-03:00,23.0,15.3,345,4.25
2024-10-11 18:00:00-03:00,22.0,13.4,159,3.7222222222222223
2024-10-11 19:00:00-03:00,20.4,11.9,15,3.305555555555556
2024-10-11 20:00:00-03:00,18.9,8.1,0,2.25
2024-10-11 21:00:00-03:00,17.8,6.9,0,1.9166666666666667
2024-10-11 22:00:00-03:00,16.8,9.6,0,2.6666666666666665
2024-10-11 23:00:00-03:00,16.2,8.2,0,2.2777777777777777
2024-10-12 00:00:00-03:00,15.5,7.5,0,2.083333333333333
2024-10-12 01:00:00-03:00,15.0,7.2,0,2.0
2024-10-12 02:00:00-03:00,14.5,6.9,0,1.9166666666666667
2024-10-12 03:00:00-03:00,13.3,8.2,0,2.2777777777777777
2024-10-12 04:00:00-03:00,13.3,6.6,0,1.8333333333333333
2024-10-12 05:00:00-03:00,14.1,7.8,0,2.1666666666666665
2024-10-12 06:00:00-03:00,14.5,10.0,0,2.7777777777777777
2024-10-12 07:00:00-03:00,14.8,12.4,35,3.4444444444444446
2024-10-12 08:00:00-03:00,16.2,13.9,152,3.861111111111111
2024-10-12 09:00:00-03:00,19.1,20.4,415,5.666666666666666
2024-10-12 10:00:00-03:00,20.0,19.4,342,5.388888888888888
2024-10-12 11:00:00-03:00,21.0,17.3,716,4.805555555555555
2024-10-12 12:00:00-03:00,21.9,14.8,909,4.111111111111112
2024-10-12 13:00:00-03:00,22.4,14.3,936,3.9722222222222223
2024-10-12 14:00:00-03:00,22.4,13.4,890,3.7222222222222223
2024-10-12 15:00:00-03:00,22.2,11.3,779,3.138888888888889
2024-10-12 16:00:00-03:00,21.6,10.4,609,2.888888888888889
2024-10-12 17:00:00-03:00,20.4,11.6,400,3.222222222222222
2024-10-12 18:00:00-03:00,18.6,9.7,180,2.694444444444444
2024-10-12 19:00:00-03:00,16.6,10.9,20,3.0277777777777777
2024-10-12 20:00:00-03:00,15.7,9.4,0,2.611111111111111
2024-10-12 21:00:00-03:00,14.8,7.0,0,1.9444444444444444
2024-10-12 22:00:00-03:00,14.8,7.3,0,2.0277777777777777
2024-10-12 23:00:00-03:00,14.7,7.2,0,2.0
2024-10-13 00:00:00-03:00,14.9,8.0,0,2.2222222222222223
2024-10-13 01:00:00-03:00,15.0,8.4,0,2.333333333333333
2024-10-13 02:00:00-03:00,14.9,7.9,0,2.1944444444444446
2024-10-13 03:00:00-03:00,14.9,7.7,0,2.138888888888889
2024-10-13 04:00:00-03:00,15.0,8.2,0,2.2777777777777777
2024-10-13 05:00:00-03:00,15.4,8.7,0,2.4166666666666665
2024-10-13 06:00:00-03:00,15.9,11.0,0,3.055555555555556
2024-10-13 07:00:00-03:00,17.5,12.5,71,3.4722222222222223
2024-10-13 08:00:00-03:00,19.4,17.7,255,4.916666666666666
2024-10-13 09:00:00-03:00,20.5,20.7,470,5.75
2024-10-13 10:00:00-03:00,21.3,20.4,635,5.666666666666666
2024-10-13 11:00:00-03:00,21.5,23.1,796,6.416666666666667
2024-10-13 12:00:00-03:00,21.7,24.3,914,6.75
2024-10-13 13:00:00-03:00,22.2,25.1,937,6.972222222222222
2024-10-13 14:00:00-03:00,22.1,26.8,885,7.444444444444445
2024-10-13 15:00:00-03:00,21.8,26.8,753,7.444444444444445
2024-10-13 16:00:00-03:00,21.1,27.6,505,7.666666666666667
2024-10-13 17:00:00-03:00,20.2,26.4,282,7.333333333333333
2024-10-13 18:00:00-03:00,19.4,21.8,65,6.055555555555555
2024-10-13 19:00:00-03:00,18.6,21.6,16,6.0
2024-10-13 20:00:00-03:00,18.5,22.0,0,6.111111111111111
2024-10-13 21:00:00-03:00,18.5,21.8,0,6.055555555555555
2024-10-13 22:00:00-03:00,18.9,21.9,0,6.083333333333333
2024-10-13 23:00:00-03:00,18.8,23.0,0,6.388888888888888
2024-10-14 00:00:00-03:00,18.8,23.7,0,6.583333333333333
2024-10-14 01:00:00-03:00,18.7,23.2,0,6.444444444444444
2024-10-14 02:00:00-03:00,18.9,23.0,0,6.388888888888888
2024-10-14 03:00:00-03:00,18.8,21.7,0,6.027777777777778
2024-10-14 04:00:00-03:00,18.9,22.4,0,6.222222222222221
2024-10-14 05:00:00-03:00,18.7,22.0,0,6.111111111111111
2024-10-14 06:00:00-03:00,18.6,21.1,0,5.861111111111112
2024-10-14 07:00:00-03:00,19.3,22.8,69,6.333333333333333
2024-10-14 08:00:00-03:00,20.2,24.5,229,6.805555555555555
2024-10-14 09:00:00-03:00,20.7,25.2,402,7.0
2024-10-14 10:00:00-03:00,21.5,25.9,558,7.194444444444444
2024-10-14 11:00:00-03:00,22.5,27.2,708,7.555555555555555
2024-10-14 12:00:00-03:00,22.9,27.5,745,7.638888888888888
2024-10-14 13:00:00-03:00,22.9,28.4,697,7.888888888888888
2024-10-14 14:00:00-03:00,23.2,27.9,704,7.749999999999999
2024-10-14 15:00:00-03:00,23.3,27.6,730,7.666666666666667
2024-10-14 16:00:00-03:00,22.6,27.0,532,7.5
2024-10-14 17:00:00-03:00,21.7,26.3,340,7.305555555555555
2024-10-14 18:00:00-03:00,20.9,24.9,140,6.916666666666666
2024-10-14 19:00:00-03:00,20.1,25.4,10,7.055555555555555
2024-10-14 20:00:00-03:00,19.7,26.2,0,7.277777777777778
2024-10-14 21:00:00-03:00,19.5,25.0,0,6.944444444444445
2024-10-14 22:00:00-03:00,19.5,22.2,0,6.166666666666666
2024-10-14 23:00:00-03:00,19.4,22.3,0,6.194444444444445
2024-10-15 00:00:00-03:00,19.3,19.3,0,5.361111111111112
2024-10-15 01:00:00-03:00,19.4,23.9,0,6.638888888888888
2024-10-15 02:00:00-03:00,19.2,21.3,0,5.916666666666667
2024-10-15 03:00:00-03:00,19.1,17.6,0,4.888888888888889
2024-10-15 04:00:00-03:00,19.1,15.9,0,4.416666666666667
2024-10-15 05:00:00-03:00,19.1,17.7,0,4.916666666666666
2024-10-15 06:00:00-03:00,19.0,19.4,0,5.388888888888888
2024-10-15 07:00:00-03:00,19.1,18.7,21,5.194444444444444
2024-10-15 08:00:00-03:00,19.3,20.4,65,5.666666666666666
2024-10-15 09:00:00-03:00,19.7,21.1,109,5.861111111111112
2024-10-15 10:00:00-03:00,21.3,32.6,563,9.055555555555555
2024-10-15 11:00:00-03:00,21.4,28.6,336,7.944444444444445
2024-10-15 12:00:00-03:00,22.9,25.4,462,7.055555555555555
2024-10-15 13:00:00-03:00,22.1,19.2,170,5.333333333333333
2024-10-15 14:00:00-03:00,23.5,17.9,293,4.972222222222221
2024-10-15 15:00:00-03:00,23.7,21.1,248,5.861111111111112
2024-10-15 16:00:00-03:00,23.4,16.4,158,4.555555555555555
2024-10-15 17:00:00-03:00,23.0,10.1,96,2.805555555555556
2024-10-15 18:00:00-03:00,21.3,13.2,36,3.6666666666666665
2024-10-15 19:00:00-03:00,21.3,9.7,5,2.694444444444444
2024-10-15 20:00:00-03:00,21.0,6.4,0,1.777777777777778
2024-10-15 21:00:00-03:00,19.2,8.4,0,2.333333333333333
2024-10-15 22:00:00-03:00,18.4,7.9,0,2.1944444444444446
2024-10-15 23:00:00-03:00,18.3,9.3,0,2.583333333333333
2024-10-16 00:00:00-03:00,18.7,12.4,0,3.4444444444444446
2024-10-16 01:00:00-03:00,18.1,12.8,0,3.555555555555556
2024-10-16 02:00:00-03:00,17.6,14.1,0,3.9166666666666665
2024-10-16 03:00:00-03:00,17.2,17.3,0,4.805555555555555
2024-10-16 04:00:00-03:00,16.3,16.1,0,4.472222222222222
2024-10-16 05:00:00-03:00,16.4,14.5,0,4.027777777777778
2024-10-16 06:00:00-03:00,16.3,13.4,0,3.7222222222222223
2024-10-16 07:00:00-03:00,17.0,15.7,74,4.361111111111111
2024-10-16 08:00:00-03:00,18.1,17.9,228,4.972222222222221
2024-10-16 09:00:00-03:00,19.7,15.9,407,4.416666666666667
2024-10-16 10:00:00-03:00,20.6,14.0,554,3.888888888888889
2024-10-16 11:00:00-03:00,21.1,13.5,488,3.75
2024-10-16 12:00:00-03:00,22.3,14.3,724,3.9722222222222223
2024-10-16 13:00:00-03:00,23.1,14.4,856,4.0
2024-10-16 14:00:00-03:00,23.4,13.8,872,3.8333333333333335
2024-10-16 15:00:00-03:00,23.2,13.6,763,3.7777777777777777
2024-10-16 16:00:00-03:00,22.9,11.9,607,3.305555555555556
2024-10-16 17:00:00-03:00,22.4,11.6,411,3.222222222222222
2024-10-16 18:00:00-03:00,21.1,7.6,184,2.111111111111111
2024-10-16 19:00:00-03:00,18.1,7.9,24,2.1944444444444446
2024-10-16 20:00:00-03:00,17.4,7.8,0,2.1666666666666665
2024-10-16 21:00:00-03:00,16.5,9.1,0,2.5277777777777777
2024-10-16 22:00:00-03:00,15.9,8.8,0,2.4444444444444446
2024-10-16 23:00:00-03:00,15.2,7.4,0,2.055555555555556
2024-10-17 00:00:00-03:00,14.2,5.7,0,1.5833333333333333
2024-10-17 01:00:00-03:00,14.3,4.4,0,1.2222222222222223
2024-10-17 02:00:00-03:00,12.6,4.0,0,1.1111111111111112
2024-10-17 03:00:00-03:00,12.5,4.0,0,1.1111111111111112
2024-10-17 04:00:00-03:00,12.9,4.6,0,1.2777777777777777
2024-10-17 05:00:00-03:00,12.8,5.4,0,1.5
2024-10-17 06:00:00-03:00,13.0,4.8,1,1.3333333333333333
2024-10-17 07:00:00-03:00,13.9,6.1,41,1.6944444444444442
2024-10-17 08:00:00-03:00,15.1,5.6,118,1.5555555555555554
2024-10-17 09:00:00-03:00,16.4,5.7,187,1.5833333333333333
2024-10-17 10:00:00-03:00,18.0,8.7,395,2.4166666666666665
2024-10-17 11:00:00-03:00,19.6,8.6,544,2.388888888888889
2024-10-17 12:00:00-03:00,21.2,9.1,605,2.5277777777777777
2024-10-17 13:00:00-03:00,22.5,10.2,745,2.833333333333333
2024-10-17 14:00:00-03:00,23.2,10.2,905,2.833333333333333
2024-10-17 15:00:00-03:00,23.3,10.2,771,2.833333333333333
2024-10-17 16:00:00-03:00,22.7,9.2,597,2.555555555555556
2024-10-17 17:00:00-03:00,21.1,13.1,409,3.638888888888889
2024-10-17 18:00:00-03:00,19.2,11.9,174,3.305555555555556
2024-10-17 19:00:00-03:00,17.7,5.5,20,1.5277777777777777
2024-10-17 20:00:00-03:00,17.7,8.0,0,2.2222222222222223
2024-10-17 21:00:00-03:00,17.4,7.5,0,2.083333333333333
2024-10-17 22:00:00-03:00,17.0,7.1,0,1.972222222222222
2024-10-17 23:00:00-03:00,16.5,5.4,0,1.5
2024-10-18 00:00:00-03:00,16.6,4.6,0,1.2777777777777777
2024-10-18 01:00:00-03:00,16.7,1.5,0,0.4166666666666666
2024-10-18 02:00:00-03:00,16.4,2.8,0,0.7777777777777777
2024-10-18 03:00:00-03:00,16.3,3.3,0,0.9166666666666666
2024-10-18 04:00:00-03:00,16.1,7.0,0,1.9444444444444444
2024-10-18 05:00:00-03:00,16.1,4.7,0,1.3055555555555556
2024-10-18 06:00:00-03:00,16.0,4.4,0,1.2222222222222223
2024-10-18 07:00:00-03:00,16.4,5.9,37,1.6388888888888888
2024-10-18 08:00:00-03:00,17.4,4.0,121,1.1111111111111112
2024-10-18 09:00:00-03:00,18.4,4.4,258,1.2222222222222223
2024-10-18 10:00:00-03:00,20.9,6.8,532,1.8888888888888888
2024-10-18 11:00:00-03:00,21.8,7.3,627,2.0277777777777777
2024-10-18 12:00:00-03:00,22.9,8.0,779,2.2222222222222223
2024-10-18 13:00:00-03:00,23.5,11.0,857,3.055555555555556
2024-10-18 14:00:00-03:00,23.4,13.7,723,3.8055555555555554
2024-10-18 15:00:00-03:00,22.2,17.3,662,4.805555555555555
2024-10-18 16:00:00-03:00,20.5,16.3,469,4.527777777777778
2024-10-18 17:00:00-03:00,19.9,14.1,233,3.9166666666666665
2024-10-18 18:00:00-03:00,19.2,12.6,160,3.5
2024-10-18 19:00:00-03:00,18.1,9.7,19,2.694444444444444
2024-10-18 20:00:00-03:00,17.4,8.7,0,2.4166666666666665
2024-10-18 21:00:00-03:00,16.6,8.2,0,2.2777777777777777
2024-10-18 22:00:00-03:00,16.4,7.2,0,2.0
2024-10-18 23:00:00-03:00,16.2,5.8,0,1.611111111111111
2024-10-19 00:00:00-03:00,15.8,4.7,0,1.3055555555555556
2024-10-19 01:00:00-03:00,16.5,4.9,0,1.3611111111111112
2024-10-19 02:00:00-03:00,16.6,5.5,0,1.5277777777777777
2024-10-19 03:00:00-03:00,15.8,5.6,0,1.5555555555555554
2024-10-19 04:00:00-03:00,15.3,5.8,0,1.611111111111111
2024-10-19 05:00:00-03:00,14.7,6.0,0,1.6666666666666663
2024-10-19 06:00:00-03:00,14.3,5.4,1,1.5
2024-10-19 07:00:00-03:00,16.1,7.0,80,1.9444444444444444
2024-10-19 08:00:00-03:00,17.4,7.4,219,2.055555555555556
2024-10-19 09:00:00-03:00,18.7,7.3,412,2.0277777777777777
2024-10-19 10:00:00-03:00,19.9,5.5,681,1.5277777777777777
2024-10-19 11:00:00-03:00,21.1,5.4,829,1.5
2024-10-19 12:00:00-03:00,22.0,6.4,925,1.777777777777778
2024-10-19 13:00:00-03:00,22.6,8.8,921,2.4444444444444446
2024-10-19 14:00:00-03:00,22.7,11.2,852,3.1111111111111107
2024-10-19 15:00:00-03:00,22.2,13.2,747,3.6666666666666665
2024-10-19 16:00:00-03:00,21.5,14.9,582,4.138888888888889
2024-10-19 17:00:00-03:00,20.6,15.1,429,4.194444444444445
2024-10-19 18:00:00-03:00,19.3,13.3,206,3.6944444444444446
2024-10-19 19:00:00-03:00,17.6,10.2,29,2.833333333333333
2024-10-19 20:00:00-03:00,17.0,9.4,0,2.611111111111111
2024-10-19 21:00:00-03:00,16.8,9.1,0,2.5277777777777777
2024-10-19 22:00:00-03:00,17.0,11.2,0,3.1111111111111107
2024-10-19 23:00:00-03:00,17.0,11.3,0,3.138888888888889
2024-10-20 00:00:00-03:00,17.0,11.0,0,3.055555555555556
2024-10-20 01:00:00-03:00,16.9,10.3,0,2.861111111111111
2024-10-20 02:00:00-03:00,16.7,9.0,0,2.5
2024-10-20 03:00:00-03:00,16.4,7.8,0,2.1666666666666665
2024-10-20 04:00:00-03:00,15.9,7.9,0,2.1944444444444446
2024-10-20 05:00:00-03:00,16.0,9.6,0,2.6666666666666665
2024-10-20 06:00:00-03:00,16.4,9.9,2,2.75
2024-10-20 07:00:00-03:00,18.1,12.0,97,3.333333333333333
2024-10-20 08:00:00-03:00,20.1,15.1,308,4.194444444444445
2024-10-20 09:00:00-03:00,21.3,18.2,524,5.055555555555555
2024-10-20 10:00:00-03:00,22.5,19.0,704,5.277777777777778
2024-10-20 11:00:00-03:00,23.1,20.3,869,5.638888888888889
2024-10-20 12:00:00-03:00,23.3,22.7,964,6.305555555555555
2024-10-20 13:00:00-03:00,23.4,24.0,965,6.666666666666666
2024-10-20 14:00:00-03:00,23.7,24.6,930,6.833333333333334
2024-10-20 15:00:00-03:00,23.7,25.2,805,7.0
2024-10-20 16:00:00-03:00,23.4,25.5,642,7.083333333333333
2024-10-20 17:00:00-03:00,22.7,25.2,431,7.0
2024-10-20 18:00:00-03:00,21.4,21.7,205,6.027777777777778
2024-10-20 19:00:00-03:00,20.1,20.9,29,5.805555555555555
2024-10-20 20:00:00-03:00,19.7,20.5,0,5.694444444444445
2024-10-20 21:00:00-03:00,19.6,21.9,0,6.083333333333333
2024-10-20 22:00:00-03:00,19.6,23.5,0,6.527777777777778
2024-10-20 23:00:00-03:00,19.6,25.0,0,6.944444444444445
2024-10-21 00:00:00-03:00,19.6,25.2,0,7.0
2024-10-21 01:00:00-03:00,19.7,24.1,0,6.694444444444445
2024-10-21 02:00:00-03:00,19.7,22.0,0,6.111111111111111
2024-10-21 03:00:00-03:00,19.3,19.0,0,5.277777777777778
2024-10-21 04:00:00-03:00,18.9,17.1,0,4.75
2024-10-21 05:00:00-03:00,18.4,16.9,0,4.694444444444444
2024-10-21 06:00:00-03:00,18.1,17.4,2,4.833333333333333
2024-10-21 07:00:00-03:00,19.4,16.8,107,4.666666666666667
2024-10-21 08:00:00-03:00,21.1,13.8,317,3.8333333333333335
2024-10-21 09:00:00-03:00,22.9,12.8,533,3.555555555555556
2024-10-21 10:00:00-03:00,24.9,14.1,719,3.9166666666666665
2024-10-21 11:00:00-03:00,26.4,14.3,859,3.9722222222222223
2024-10-21 12:00:00-03:00,27.7,14.1,940,3.9166666666666665
2024-10-21 13:00:00-03:00,28.5,12.0,954,3.333333333333333
2024-10-21 14:00:00-03:00,29.0,10.9,901,3.0277777777777777
2024-10-21 15:00:00-03:00,28.2,14.3,754,3.9722222222222223
2024-10-21 16:00:00-03:00,26.6,19.5,573,5.416666666666667
2024-10-21 17:00:00-03:00,25.4,17.1,388,4.75
2024-10-21 18:00:00-03:00,24.6,11.0,185,3.055555555555556
2024-10-21 19:00:00-03:00,23.6,9.8,28,2.7222222222222223
2024-10-21 20:00:00-03:00,22.9,10.0,0,2.7777777777777777
2024-10-21 21:00:00-03:00,22.5,10.4,0,2.888888888888889
2024-10-21 22:00:00-03:00,22.2,9.5,0,2.638888888888889
2024-10-21 23:00:00-03:00,21.8,9.2,0,2.555555555555556
2024-10-22 00:00:00-03:00,21.4,8.1,0,2.25
2024-10-22 01:00:00-03:00,20.9,7.2,0,2.0
2024-10-22 02:00:00-03:00,20.4,6.5,0,1.805555555555556
2024-10-22 03:00:00-03:00,19.8,6.2,0,1.7222222222222223
2024-10-22 04:00:00-03:00,19.1,8.4,0,2.333333333333333
2024-10-22 05:00:00-03:00,19.1,5.9,0,1.6388888888888888
2024-10-22 06:00:00-03:00,19.2,5.3,3,1.472222222222222
2024-10-22 07:00:00-03:00,21.1,7.4,106,2.055555555555556
2024-10-22 08:00:00-03:00,24.0,6.0,313,1.6666666666666663
2024-10-22 09:00:00-03:00,27.1,6.9,526,1.9166666666666667
2024-10-22 10:00:00-03:00,29.2,4.0,712,1.1111111111111112
2024-10-22 11:00:00-03:00,30.5,2.3,854,0.6388888888888888
2024-10-22 12:00:00-03:00,31.1,2.8,906,0.7777777777777777
2024-10-22 13:00:00-03:00,31.2,6.3,868,1.75
2024-10-22 14:00:00-03:00,31.1,7.4,784,2.055555555555556
2024-10-22 15:00:00-03:00,30.9,9.0,695,2.5
2024-10-22 16:00:00-03:00,30.3,13.2,584,3.6666666666666665
2024-10-22 17:00:00-03:00,28.8,13.3,352,3.6944444444444446
2024-10-22 18:00:00-03:00,27.0,12.1,155,3.3611111111111107
2024-10-22 19:00:00-03:00,24.4,12.8,28,3.555555555555556
2024-10-22 20:00:00-03:00,23.0,12.1,0,3.3611111111111107
2024-10-22 21:00:00-03:00,22.2,10.2,0,2.833333333333333
2024-10-22 22:00:00-03:00,22.3,9.7,0,2.694444444444444
2024-10-22 23:00:00-03:00,22.0,9.3,0,2.583333333333333
2024-10-23 00:00:00-03:00,21.8,11.8,0,3.2777777777777777
2024-10-23 01:00:00-03:00,21.7,13.0,0,3.611111111111111
2024-10-23 02:00:00-03:00,21.6,14.1,0,3.9166666666666665
2024-10-23 03:00:00-03:00,21.9,15.0,0,4.166666666666667
2024-10-23 04:00:00-03:00,22.0,14.8,0,4.111111111111112
2024-10-23 05:00:00-03:00,21.7,15.9,0,4.416666666666667
2024-10-23 06:00:00-03:00,21.8,17.1,1,4.75
2024-10-23 07:00:00-03:00,22.6,16.2,34,4.5
2024-10-23 08:00:00-03:00,23.1,17.6,125,4.888888888888889
2024-10-23 09:00:00-03:00,23.6,17.8,217,4.944444444444445
2024-10-23 10:00:00-03:00,23.6,19.9,289,5.527777777777778
2024-10-23 11:00:00-03:00,23.8,20.8,337,5.777777777777778
2024-10-23 12:00:00-03:00,24.3,23.1,362,6.416666666666667
2024-10-23 13:00:00-03:00,25.0,23.7,588,6.583333333333333
2024-10-23 14:00:00-03:00,25.1,23.2,622,6.444444444444444
2024-10-23 15:00:00-03:00,24.8,25.1,501,6.972222222222222
2024-10-23 16:00:00-03:00,24.0,28.0,335,7.777777777777778
2024-10-23 17:00:00-03:00,22.9,27.3,140,7.583333333333333
2024-10-23 18:00:00-03:00,22.5,22.5,76,6.25
2024-10-23 19:00:00-03:00,22.1,22.4,20,6.222222222222221
2024-10-23 20:00:00-03:00,22.0,20.3,0,5.638888888888889
2024-10-23 21:00:00-03:00,22.0,18.8,0,5.222222222222222
2024-10-23 22:00:00-03:00,21.7,18.2,0,5.055555555555555
2024-10-23 23:00:00-03:00,21.8,14.9,0,4.138888888888889
2024-10-24 00:00:00-03:00,21.9,12.6,0,3.5
2024-10-24 01:00:00-03:00,21.7,11.3,0,3.138888888888889
2024-10-24 02:00:00-03:00,21.7,9.0,0,2.5
2024-10-24 03:00:00-03:00,21.6,8.0,0,2.2222222222222223
2024-10-24 04:00:00-03:00,21.5,11.4,0,3.1666666666666665
2024-10-24 05:00:00-03:00,21.5,13.0,0,3.611111111111111
2024-10-24 06:00:00-03:00,21.6,12.8,2,3.555555555555556
2024-10-24 07:00:00-03:00,22.8,12.4,70,3.4444444444444446
2024-10-24 08:00:00-03:00,24.7,11.7,231,3.25
2024-10-24 09:00:00-03:00,25.6,8.4,176,2.333333333333333
2024-10-24 10:00:00-03:00,24.0,3.1,170,0.8611111111111112
2024-10-24 11:00:00-03:00,23.8,2.2,100,0.6111111111111112
2024-10-24 12:00:00-03:00,24.1,8.0,99,2.2222222222222223
2024-10-24 13:00:00-03:00,24.1,10.9,53,3.0277777777777777
2024-10-24 14:00:00-03:00,25.2,31.0,198,8.61111111111111
2024-10-24 15:00:00-03:00,26.2,33.6,636,9.333333333333334
2024-10-24 16:00:00-03:00,25.5,27.0,287,7.5
2024-10-24 17:00:00-03:00,25.9,27.1,335,7.527777777777778
2024-10-24 18:00:00-03:00,25.3,25.1,187,6.972222222222222
2024-10-24 19:00:00-03:00,23.9,20.4,27,5.666666666666666
2024-10-24 20:00:00-03:00,22.8,21.8,0,6.055555555555555
2024-10-24 21:00:00-03:00,21.9,24.7,0,6.861111111111111
2024-10-24 22:00:00-03:00,20.6,25.2,0,7.0
2024-10-24 23:00:00-03:00,19.2,33.5,0,9.305555555555555
2024-10-25 00:00:00-03:00,19.3,33.2,0,9.222222222222223
2024-10-25 01:00:00-03:00,19.2,32.0,0,8.88888888888889
2024-10-25 02:00:00-03:00,18.0,29.5,0,8.194444444444445
2024-10-25 03:00:00-03:00,18.3,26.2,0,7.277777777777778
2024-10-25 04:00:00-03:00,18.2,23.9,0,6.638888888888888
2024-10-25 05:00:00-03:00,18.0,23.1,0,6.416666666666667
2024-10-25 06:00:00-03:00,17.8,22.3,1,6.194444444444445
2024-10-25 07:00:00-03:00,17.9,19.5,35,5.416666666666667
2024-10-25 08:00:00-03:00,18.6,20.8,146,5.777777777777778
2024-10-25 09:00:00-03:00,19.9,21.3,389,5.916666666666667
2024-10-25 10:00:00-03:00,20.7,17.9,628,4.972222222222221
2024-10-25 11:00:00-03:00,21.3,17.1,535,4.75
2024-10-25 12:00:00-03:00,22.3,17.7,608,4.916666666666666
2024-10-25 13:00:00-03:00,23.3,18.7,699,5.194444444444444
2024-10-25 14:00:00-03:00,24.0,19.2,645,5.333333333333333
2024-10-25 15:00:00-03:00,24.5,19.9,625,5.527777777777778
2024-10-25 16:00:00-03:00,24.3,20.2,502,5.611111111111111
2024-10-25 17:00:00-03:00,23.8,18.7,382,5.194444444444444
2024-10-25 18:00:00-03:00,22.9,12.2,124,3.3888888888888884
2024-10-25 19:00:00-03:00,21.5,11.2,29,3.1111111111111107
2024-10-25 20:00:00-03:00,19.9,9.0,0,2.5
2024-10-25 21:00:00-03:00,19.5,11.0,0,3.055555555555556
2024-10-25 22:00:00-03:00,18.4,16.1,0,4.472222222222222
2024-10-25 23:00:00-03:00,17.3,26.1,0,7.25
2024-10-26 00:00:00-03:00,15.0,28.0,0,7.777777777777778
2024-10-26 01:00:00-03:00,14.4,21.0,0,5.833333333333333
2024-10-26 02:00:00-03:00,14.3,24.0,0,6.666666666666666
2024-10-26 03:00:00-03:00,13.4,21.8,0,6.055555555555555
2024-10-26 04:00:00-03:00,12.7,19.6,0,5.444444444444445
2024-10-26 05:00:00-03:00,12.4,20.1,0,5.583333333333334
2024-10-26 06:00:00-03:00,12.2,18.8,5,5.222222222222222
2024-10-26 07:00:00-03:00,13.2,21.4,124,5.944444444444444
2024-10-26 08:00:00-03:00,14.2,24.6,338,6.833333333333334
2024-10-26 09:00:00-03:00,15.1,23.1,480,6.416666666666667
2024-10-26 10:00:00-03:00,15.3,21.7,581,6.027777777777778
2024-10-26 11:00:00-03:00,16.4,19.1,775,5.305555555555556
2024-10-26 12:00:00-03:00,17.4,18.8,912,5.222222222222222
2024-10-26 13:00:00-03:00,18.2,18.1,984,5.027777777777778
2024-10-26 14:00:00-03:00,19.1,20.0,949,5.555555555555555
2024-10-26 15:00:00-03:00,18.6,19.0,594,5.277777777777778
2024-10-26 16:00:00-03:00,19.0,17.4,453,4.833333333333333
2024-10-26 17:00:00-03:00,18.7,15.4,306,4.277777777777778
2024-10-26 18:00:00-03:00,18.2,8.8,190,2.4444444444444446
2024-10-26 19:00:00-03:00,16.1,10.6,36,2.944444444444444
2024-10-26 20:00:00-03:00,14.7,7.7,0,2.138888888888889
2024-10-26 21:00:00-03:00,13.4,8.3,0,2.305555555555556
2024-10-26 22:00:00-03:00,13.1,4.3,0,1.1944444444444444
2024-10-26 23:00:00-03:00,11.9,5.5,0,1.5277777777777777
2024-10-27 00:00:00-03:00,11.8,7.7,0,2.138888888888889
2024-10-27 01:00:00-03:00,11.7,8.4,0,2.333333333333333
2024-10-27 02:00:00-03:00,11.6,8.4,0,2.333333333333333
2024-10-27 03:00:00-03:00,11.6,8.1,0,2.25
2024-10-27 04:00:00-03:00,11.8,8.4,0,2.333333333333333
2024-10-27 05:00:00-03:00,11.6,8.0,0,2.2222222222222223
2024-10-27 06:00:00-03:00,11.7,8.6,5,2.388888888888889
2024-10-27 07:00:00-03:00,13.9,11.0,130,3.055555555555556
2024-10-27 08:00:00-03:00,16.6,9.3,349,2.583333333333333
2024-10-27 09:00:00-03:00,18.8,10.1,571,2.805555555555556
2024-10-27 10:00:00-03:00,20.9,8.7,763,2.4166666666666665
2024-10-27 11:00:00-03:00,22.0,5.0,906,1.3888888888888888
2024-10-27 12:00:00-03:00,22.8,1.6,988,0.4444444444444445
2024-10-27 13:00:00-03:00,23.7,3.0,997,0.8333333333333333
2024-10-27 14:00:00-03:00,24.5,7.4,786,2.055555555555556
2024-10-27 15:00:00-03:00,23.6,12.3,505,3.416666666666667
2024-10-27 16:00:00-03:00,22.5,16.6,405,4.611111111111112
2024-10-27 17:00:00-03:00,22.0,15.7,419,4.361111111111111
2024-10-27 18:00:00-03:00,20.8,10.9,223,3.0277777777777777
2024-10-27 19:00:00-03:00,18.7,7.8,39,2.1666666666666665
2024-10-27 20:00:00-03:00,17.1,9.3,0,2.583333333333333
2024-10-27 21:00:00-03:00,16.4,10.2,0,2.833333333333333
2024-10-27 22:00:00-03:00,16.2,11.1,0,3.083333333333333
2024-10-27 23:00:00-03:00,16.3,9.7,0,2.694444444444444
2024-10-28 00:00:00-03:00,16.3,8.4,0,2.333333333333333
2024-10-28 01:00:00-03:00,15.8,7.8,0,2.1666666666666665
2024-10-28 02:00:00-03:00,15.8,7.8,0,2.1666666666666665
2024-10-28 03:00:00-03:00,15.6,9.1,0,2.5277777777777777
2024-10-28 04:00:00-03:00,15.1,8.3,0,2.305555555555556
2024-10-28 05:00:00-03:00,14.3,6.6,0,1.8333333333333333
2024-10-28 06:00:00-03:00,14.1,5.3,6,1.472222222222222
2024-10-28 07:00:00-03:00,16.7,4.3,133,1.1944444444444444
2024-10-28 08:00:00-03:00,19.2,2.1,352,0.5833333333333334
2024-10-28 09:00:00-03:00,21.2,6.5,573,1.805555555555556
2024-10-28 10:00:00-03:00,22.1,9.4,766,2.611111111111111
2024-10-28 11:00:00-03:00,22.8,12.6,909,3.5
2024-10-28 12:00:00-03:00,23.3,13.8,992,3.8333333333333335
2024-10-28 13:00:00-03:00,23.7,13.4,1006,3.7222222222222223
2024-10-28 14:00:00-03:00,24.2,12.8,950,3.555555555555556
2024-10-28 15:00:00-03:00,24.2,12.6,760,3.5
2024-10-28 16:00:00-03:00,23.6,14.7,653,4.083333333333333
2024-10-28 17:00:00-03:00,22.2,16.7,445,4.638888888888888
2024-10-28 18:00:00-03:00,21.1,13.9,225,3.861111111111111
2024-10-28 19:00:00-03:00,19.5,10.0,40,2.7777777777777777
2024-10-28 20:00:00-03:00,19.0,9.9,0,2.75
2024-10-28 21:00:00-03:00,18.8,7.6,0,2.111111111111111
2024-10-28 22:00:00-03:00,19.2,7.5,0,2.083333333333333
2024-10-28 23:00:00-03:00,19.6,8.1,0,2.25
2024-10-29 00:00:00-03:00,19.6,9.2,0,2.555555555555556
2024-10-29 01:00:00-03:00,19.6,8.3,0,2.305555555555556
2024-10-29 02:00:00-03:00,19.0,6.2,0,1.7222222222222223
2024-10-29 03:00:00-03:00,17.8,9.4,0,2.611111111111111
2024-10-29 04:00:00-03:00,17.7,8.6,0,2.388888888888889
2024-10-29 05:00:00-03:00,18.8,7.8,0,2.1666666666666665
2024-10-29 06:00:00-03:00,18.7,8.9,6,2.4722222222222223
2024-10-29 07:00:00-03:00,20.0,13.3,121,3.6944444444444446
2024-10-29 08:00:00-03:00,20.7,13.2,274,3.6666666666666665
2024-10-29 09:00:00-03:00,22.0,14.8,499,4.111111111111112
2024-10-29 10:00:00-03:00,22.9,14.2,503,3.944444444444444
2024-10-29 11:00:00-03:00,23.4,14.5,509,4.027777777777778
2024-10-29 12:00:00-03:00,23.8,14.7,815,4.083333333333333
2024-10-29 13:00:00-03:00,24.0,15.0,820,4.166666666666667
2024-10-29 14:00:00-03:00,24.0,16.4,642,4.555555555555555
2024-10-29 15:00:00-03:00,23.9,18.7,703,5.194444444444444
2024-10-29 16:00:00-03:00,23.7,19.2,528,5.333333333333333
2024-10-29 17:00:00-03:00,22.9,19.2,326,5.333333333333333
2024-10-29 18:00:00-03:00,21.8,18.5,189,5.138888888888888
2024-10-29 19:00:00-03:00,20.8,13.9,34,3.861111111111111
2024-10-29 20:00:00-03:00,20.1,12.8,0,3.555555555555556
2024-10-29 21:00:00-03:00,19.9,12.6,0,3.5
2024-10-29 22:00:00-03:00,20.0,12.4,0,3.4444444444444446
2024-10-29 23:00:00-03:00,20.1,13.6,0,3.7777777777777777
2024-10-30 00:00:00-03:00,20.0,13.1,0,3.638888888888889
2024-10-30 01:00:00-03:00,19.6,11.5,0,3.194444444444444
2024-10-30 02:00:00-03:00,19.4,10.4,0,2.888888888888889
2024-10-30 03:00:00-03:00,19.3,9.9,0,2.75
2024-10-30 04:00:00-03:00,19.2,9.0,0,2.5
2024-10-30 05:00:00-03:00,19.1,9.2,0,2.555555555555556
2024-10-30 06:00:00-03:00,19.2,9.7,6,2.694444444444444
2024-10-30 07:00:00-03:00,20.8,14.9,123,4.138888888888889
2024-10-30 08:00:00-03:00,21.7,18.7,302,5.194444444444444
2024-10-30 09:00:00-03:00,22.6,21.0,488,5.833333333333333
2024-10-30 10:00:00-03:00,23.9,22.3,712,6.194444444444445
2024-10-30 11:00:00-03:00,24.4,22.9,840,6.361111111111111
2024-10-30 12:00:00-03:00,24.7,23.7,945,6.583333333333333
2024-10-30 13:00:00-03:00,25.0,25.0,937,6.944444444444445
2024-10-30 14:00:00-03:00,24.8,25.1,853,6.972222222222222
2024-10-30 15:00:00-03:00,24.7,25.1,771,6.972222222222222
2024-10-30 16:00:00-03:00,24.3,25.5,621,7.083333333333333
2024-10-30 17:00:00-03:00,23.3,26.1,410,7.25
2024-10-30 18:00:00-03:00,22.2,24.4,213,6.777777777777777
2024-10-30 19:00:00-03:00,21.1,21.1,40,5.861111111111112
2024-10-30 20:00:00-03:00,20.7,21.1,0,5.861111111111112
2024-10-30 21:00:00-03:00,20.4,21.9,0,6.083333333333333
2024-10-30 22:00:00-03:00,20.5,22.8,0,6.333333333333333
2024-10-30 23:00:00-03:00,20.5,23.3,0,6.472222222222222
2024-10-31 00:00:00-03:00,20.4,23.6,0,6.555555555555555
2024-10-31 01:00:00-03:00,20.4,24.0,0,6.666666666666666
2024-10-31 02:00:00-03:00,20.3,24.6,0,6.833333333333334
2024-10-31 03:00:00-03:00,20.4,24.4,0,6.777777777777777
2024-10-31 04:00:00-03:00,20.3,22.1,0,6.138888888888889
2024-10-31 05:00:00-03:00,20.3,21.7,0,6.027777777777778
2024-10-31 06:00:00-03:00,20.6,22.6,4,6.277777777777778
2024-10-31 07:00:00-03:00,21.0,28.5,97,7.916666666666666
2024-10-31 08:00:00-03:00,21.7,30.2,217,8.38888888888889
2024-10-31 09:00:00-03:00,22.6,32.1,400,8.916666666666666
2024-10-31 10:00:00-03:00,23.8,33.2,586,9.222222222222223
2024-10-31 11:00:00-03:00,24.4,32.2,669,8.944444444444445
2024-10-31 12:00:00-03:00,25.3,31.8,913,8.833333333333334
2024-10-31 13:00:00-03:00,25.8,32.5,986,9.027777777777777
2024-10-31 14:00:00-03:00,25.7,32.7,936,9.083333333333334
2024-10-31 15:00:00-03:00,25.2,33.0,819,9.166666666666666
2024-10-31 16:00:00-03:00,24.7,32.1,651,8.916666666666666
2024-10-31 17:00:00-03:00,23.8,31.0,430,8.61111111111111
2024-10-31 18:00:00-03:00,22.9,26.3,213,7.305555555555555
2024-10-31 19:00:00-03:00,21.9,27.2,40,7.555555555555555
2024-10-31 20:00:00-03:00,21.5,29.2,0,8.11111111111111
2024-10-31 21:00:00-03:00,21.2,29.3,0,8.13888888888889
2024-10-31 22:00:00-03:00,20.9,26.6,0,7.388888888888889
2024-10-31 23:00:00-03:00,20.8,24.1,0,6.694444444444445
2024-11-01 00:00:00-03:00,20.7,22.9,0,6.361111111111111
2024-11-01 01:00:00-03:00,20.6,21.3,0,5.916666666666667
2024-11-01 02:00:00-03:00,20.3,17.8,0,4.944444444444445
2024-11-01 03:00:00-03:00,20.1,16.9,0,4.694444444444444
2024-11-01 04:00:00-03:00,20.0,17.7,0,4.916666666666666
2024-11-01 05:00:00-03:00,20.0,18.6,0,5.166666666666667
2024-11-01 06:00:00-03:00,20.1,19.4,7,5.388888888888888
2024-11-01 07:00:00-03:00,21.3,18.8,120,5.222222222222222
2024-11-01 08:00:00-03:00,22.8,21.6,337,6.0
2024-11-01 09:00:00-03:00,24.2,23.8,549,6.611111111111111
2024-11-01 10:00:00-03:00,25.5,23.6,726,6.555555555555555
2024-11-01 11:00:00-03:00,26.5,23.4,883,6.499999999999999
2024-11-01 12:00:00-03:00,26.9,23.7,959,6.583333333333333
2024-11-01 13:00:00-03:00,27.3,23.6,978,6.555555555555555
2024-11-01 14:00:00-03:00,27.4,23.5,922,6.527777777777778
2024-11-01 15:00:00-03:00,27.1,25.0,755,6.944444444444445
2024-11-01 16:00:00-03:00,26.2,24.5,516,6.805555555555555
2024-11-01 17:00:00-03:00,25.1,20.5,305,5.694444444444445
2024-11-01 18:00:00-03:00,24.2,16.0,124,4.444444444444445
2024-11-01 19:00:00-03:00,23.5,17.8,30,4.944444444444445
2024-11-01 20:00:00-03:00,23.0,18.7,0,5.194444444444444
2024-11-01 21:00:00-03:00,22.5,19.3,0,5.361111111111112
2024-11-01 22:00:00-03:00,22.0,14.5,0,4.027777777777778
2024-11-01 23:00:00-03:00,21.8,15.8,0,4.388888888888889
2024-11-02 00:00:00-03:00,21.7,15.8,0,4.388888888888889
2024-11-02 01:00:00-03:00,21.7,16.3,0,4.527777777777778
2024-11-02 02:00:00-03:00,21.7,15.1,0,4.194444444444445
2024-11-02 03:00:00-03:00,21.2,14.7,0,4.083333333333333
2024-11-02 04:00:00-03:00,21.0,13.0,0,3.611111111111111
2024-11-02 05:00:00-03:00,20.8,13.4,0,3.7222222222222223
2024-11-02 06:00:00-03:00,20.7,13.4,9,3.7222222222222223
2024-11-02 07:00:00-03:00,22.4,14.4,132,4.0
2024-11-02 08:00:00-03:00,24.3,16.3,325,4.527777777777778
2024-11-02 09:00:00-03:00,26.1,18.0,542,5.0
2024-11-02 10:00:00-03:00,28.8,18.4,736,5.111111111111111
2024-11-02 11:00:00-03:00,30.4,20.4,849,5.666666666666666
2024-11-02 12:00:00-03:00,31.2,19.1,909,5.305555555555556
2024-11-02 13:00:00-03:00,29.7,16.9,608,4.694444444444444
2024-11-02 14:00:00-03:00,31.4,17.5,835,4.861111111111111
2024-11-02 15:00:00-03:00,31.4,16.7,765,4.638888888888888
2024-11-02 16:00:00-03:00,30.8,9.8,492,2.7222222222222223
2024-11-02 17:00:00-03:00,28.9,10.7,329,2.972222222222222
2024-11-02 18:00:00-03:00,23.6,14.8,63,4.111111111111112
2024-11-02 19:00:00-03:00,23.4,5.7,13,1.5833333333333333
2024-11-02 20:00:00-03:00,23.3,2.9,0,0.8055555555555555
2024-11-02 21:00:00-03:00,23.1,7.1,0,1.972222222222222
2024-11-02 22:00:00-03:00,24.7,2.7,0,0.75
2024-11-02 23:00:00-03:00,24.1,4.0,0,1.1111111111111112
2024-11-03 00:00:00-03:00,23.9,2.2,0,0.6111111111111112
2024-11-03 01:00:00-03:00,23.1,5.3,0,1.472222222222222
2024-11-03 02:00:00-03:00,22.8,5.7,0,1.5833333333333333
2024-11-03 03:00:00-03:00,22.2,4.5,0,1.25
2024-11-03 04:00:00-03:00,21.9,4.8,0,1.3333333333333333
2024-11-03 05:00:00-03:00,21.6,5.3,0,1.472222222222222
2024-11-03 06:00:00-03:00,21.6,3.1,7,0.8611111111111112
2024-11-03 07:00:00-03:00,22.5,8.6,118,2.388888888888889
2024-11-03 08:00:00-03:00,23.0,12.6,286,3.5
2024-11-03 09:00:00-03:00,23.8,13.5,301,3.75
2024-11-03 10:00:00-03:00,23.5,17.4,338,4.833333333333333
2024-11-03 11:00:00-03:00,24.6,18.2,418,5.055555555555555
2024-11-03 12:00:00-03:00,24.6,18.9,462,5.249999999999999
2024-11-03 13:00:00-03:00,25.2,16.3,387,4.527777777777778
2024-11-03 14:00:00-03:00,26.0,16.7,598,4.638888888888888
2024-11-03 15:00:00-03:00,26.2,16.8,470,4.666666666666667
2024-11-03 16:00:00-03:00,25.8,18.8,500,5.222222222222222
2024-11-03 17:00:00-03:00,25.5,16.0,420,4.444444444444445
2024-11-03 18:00:00-03:00,24.3,15.7,209,4.361111111111111
2024-11-03 19:00:00-03:00,22.9,14.1,41,3.9166666666666665
2024-11-03 20:00:00-03:00,22.5,13.3,0,3.6944444444444446
2024-11-03 21:00:00-03:00,22.6,14.3,0,3.9722222222222223
2024-11-03 22:00:00-03:00,22.0,10.3,0,2.861111111111111
2024-11-03 23:00:00-03:00,22.7,12.3,0,3.416666666666667
2024-11-04 00:00:00-03:00,23.8,19.7,0,5.472222222222222
2024-11-04 01:00:00-03:00,23.2,19.0,0,5.277777777777778
2024-11-04 02:00:00-03:00,23.1,18.0,0,5.0
2024-11-04 03:00:00-03:00,23.0,18.6,0,5.166666666666667
2024-11-04 04:00:00-03:00,23.1,19.7,0,5.472222222222222
2024-11-04 05:00:00-03:00,23.2,21.7,0,6.027777777777778
2024-11-04 06:00:00-03:00,23.3,23.8,9,6.611111111111111
2024-11-04 07:00:00-03:00,24.3,25.9,129,7.194444444444444
2024-11-04 08:00:00-03:00,25.4,31.0,350,8.61111111111111
2024-11-04 09:00:00-03:00,26.6,33.5,538,9.305555555555555
2024-11-04 10:00:00-03:00,26.6,30.2,602,8.38888888888889
2024-11-04 11:00:00-03:00,26.7,29.5,577,8.194444444444445
2024-11-04 12:00:00-03:00,27.2,28.6,792,7.944444444444445
2024-11-04 13:00:00-03:00,28.0,27.0,857,7.5
2024-11-04 14:00:00-03:00,28.3,23.8,859,6.611111111111111
2024-11-04 15:00:00-03:00,27.1,24.5,669,6.805555555555555
2024-11-04 16:00:00-03:00,26.4,23.4,451,6.499999999999999
2024-11-04 17:00:00-03:00,26.6,20.8,375,5.777777777777778
2024-11-04 18:00:00-03:00,25.7,17.7,177,4.916666666666666
2024-11-04 19:00:00-03:00,24.7,16.8,41,4.666666666666667
2024-11-04 20:00:00-03:00,24.1,17.3,0,4.805555555555555
2024-11-04 21:00:00-03:00,23.6,16.2,0,4.5
2024-11-04 22:00:00-03:00,23.1,11.5,0,3.194444444444444
2024-11-04 23:00:00-03:00,22.5,7.0,0,1.9444444444444444
2024-11-05 00:00:00-03:00,22.0,5.8,0,1.611111111111111
2024-11-05 01:00:00-03:00,21.4,4.4,0,1.2222222222222223
2024-11-05 02:00:00-03:00,21.9,13.4,0,3.7222222222222223
2024-11-05 03:00:00-03:00,21.7,13.8,0,3.8333333333333335
2024-11-05 04:00:00-03:00,21.4,11.1,0,3.083333333333333
2024-11-05 05:00:00-03:00,20.6,5.1,0,1.4166666666666663
2024-11-05 06:00:00-03:00,21.1,13.0,10,3.611111111111111
2024-11-05 07:00:00-03:00,22.5,22.3,74,6.194444444444445
2024-11-05 08:00:00-03:00,21.3,20.5,45,5.694444444444445
2024-11-05 09:00:00-03:00,22.8,22.2,395,6.166666666666666
2024-11-05 10:00:00-03:00,23.8,21.6,323,6.0
2024-11-05 11:00:00-03:00,25.4,22.8,776,6.333333333333333
2024-11-05 12:00:00-03:00,26.0,23.6,822,6.555555555555555
2024-11-05 13:00:00-03:00,25.6,23.4,737,6.499999999999999
2024-11-05 14:00:00-03:00,24.8,22.8,594,6.333333333333333
2024-11-05 15:00:00-03:00,23.0,23.1,381,6.416666666666667
2024-11-05 16:00:00-03:00,22.2,23.1,249,6.416666666666667
2024-11-05 17:00:00-03:00,21.8,24.9,332,6.916666666666666
2024-11-05 18:00:00-03:00,20.8,25.1,179,6.972222222222222
2024-11-05 19:00:00-03:00,20.0,20.1,31,5.583333333333334
2024-11-05 20:00:00-03:00,19.6,16.2,0,4.5
2024-11-05 21:00:00-03:00,19.6,14.5,0,4.027777777777778
2024-11-05 22:00:00-03:00,19.5,15.1,0,4.194444444444445
2024-11-05 23:00:00-03:00,20.2,18.8,0,5.222222222222222
2024-11-06 00:00:00-03:00,20.0,18.7,0,5.194444444444444
2024-11-06 01:00:00-03:00,19.7,15.9,0,4.416666666666667
2024-11-06 02:00:00-03:00,18.9,14.0,0,3.888888888888889
2024-11-06 03:00:00-03:00,18.9,13.5,0,3.75
2024-11-06 04:00:00-03:00,19.2,14.7,0,4.083333333333333
2024-11-06 05:00:00-03:00,19.0,12.7,0,3.5277777777777777
2024-11-06 06:00:00-03:00,18.8,11.4,11,3.1666666666666665
2024-11-06 07:00:00-03:00,19.9,17.4,130,4.833333333333333
2024-11-06 08:00:00-03:00,20.8,18.6,299,5.166666666666667
2024-11-06 09:00:00-03:00,22.1,15.8,526,4.388888888888889
2024-11-06 10:00:00-03:00,21.2,15.8,184,4.388888888888889
2024-11-06 11:00:00-03:00,22.0,16.3,331,4.527777777777778
2024-11-06 12:00:00-03:00,22.7,15.1,428,4.194444444444445
2024-11-06 13:00:00-03:00,22.7,17.8,350,4.944444444444445
2024-11-06 14:00:00-03:00,22.9,19.2,394,5.333333333333333
2024-11-06 15:00:00-03:00,22.5,20.3,291,5.638888888888889
2024-11-06 16:00:00-03:00,22.1,20.7,192,5.75
2024-11-06 17:00:00-03:00,21.8,19.5,86,5.416666666666667
2024-11-06 18:00:00-03:00,21.7,16.0,42,4.444444444444445
2024-11-06 19:00:00-03:00,21.5,15.1,12,4.194444444444445
2024-11-06 20:00:00-03:00,21.6,15.2,0,4.222222222222222
2024-11-06 21:00:00-03:00,22.2,15.2,0,4.222222222222222
2024-11-06 22:00:00-03:00,22.5,18.6,0,5.166666666666667
2024-11-06 23:00:00-03:00,22.5,16.2,0,4.5
2024-11-07 00:00:00-03:00,22.2,12.7,0,3.5277777777777777
2024-11-07 01:00:00-03:00,22.0,11.0,0,3.055555555555556
2024-11-07 02:00:00-03:00,21.6,11.0,0,3.055555555555556
2024-11-07 03:00:00-03:00,21.6,11.3,0,3.138888888888889
2024-11-07 04:00:00-03:00,20.9,14.7,0,4.083333333333333
2024-11-07 05:00:00-03:00,20.0,12.8,0,3.555555555555556
2024-11-07 06:00:00-03:00,19.9,14.2,6,3.944444444444444
2024-11-07 07:00:00-03:00,20.2,17.1,24,4.75
2024-11-07 08:00:00-03:00,20.2,18.0,56,5.0
2024-11-07 09:00:00-03:00,21.1,14.2,193,3.944444444444444
2024-11-07 10:00:00-03:00,21.6,19.2,208,5.333333333333333
2024-11-07 11:00:00-03:00,22.3,18.8,292,5.222222222222222
2024-11-07 12:00:00-03:00,22.5,20.3,316,5.638888888888889
2024-11-07 13:00:00-03:00,22.4,23.7,264,6.583333333333333
2024-11-07 14:00:00-03:00,21.8,25.7,240,7.138888888888888
2024-11-07 15:00:00-03:00,20.6,26.6,111,7.388888888888889
2024-11-07 16:00:00-03:00,21.3,29.1,209,8.083333333333334
2024-11-07 17:00:00-03:00,21.1,28.9,173,8.027777777777777
2024-11-07 18:00:00-03:00,20.0,26.8,42,7.444444444444445
2024-11-07 19:00:00-03:00,19.9,24.7,9,6.861111111111111
2024-11-07 20:00:00-03:00,19.7,24.6,0,6.833333333333334
2024-11-07 21:00:00-03:00,19.5,22.8,0,6.333333333333333
2024-11-07 22:00:00-03:00,18.2,17.9,0,4.972222222222221
2024-11-07 23:00:00-03:00,18.0,18.6,0,5.166666666666667
2024-11-08 00:00:00-03:00,18.4,18.2,0,5.055555555555555
2024-11-08 01:00:00-03:00,18.5,21.4,0,5.944444444444444
2024-11-08 02:00:00-03:00,18.3,21.0,0,5.833333333333333
2024-11-08 03:00:00-03:00,17.8,19.9,0,5.527777777777778
2024-11-08 04:00:00-03:00,17.4,19.8,0,5.5
2024-11-08 05:00:00-03:00,17.2,18.4,0,5.111111111111111
2024-11-08 06:00:00-03:00,17.3,17.6,12,4.888888888888889
2024-11-08 07:00:00-03:00,18.5,20.6,156,5.722222222222222
2024-11-08 08:00:00-03:00,20.1,22.4,360,6.222222222222221
2024-11-08 09:00:00-03:00,20.8,22.8,524,6.333333333333333
2024-11-08 10:00:00-03:00,20.9,22.9,445,6.361111111111111
2024-11-08 11:00:00-03:00,20.6,20.9,312,5.805555555555555
2024-11-08 12:00:00-03:00,21.8,19.7,585,5.472222222222222
2024-11-08 13:00:00-03:00,22.8,20.4,903,5.666666666666666
2024-11-08 14:00:00-03:00,22.1,19.7,671,5.472222222222222
2024-11-08 15:00:00-03:00,21.2,19.1,672,5.305555555555556
2024-11-08 16:00:00-03:00,20.7,19.5,477,5.416666666666667
2024-11-08 17:00:00-03:00,20.3,19.0,297,5.277777777777778
2024-11-08 18:00:00-03:00,19.9,17.0,242,4.722222222222222
2024-11-08 19:00:00-03:00,18.5,11.1,58,3.083333333333333
2024-11-08 20:00:00-03:00,17.7,9.1,0,2.5277777777777777
2024-11-08 21:00:00-03:00,17.3,8.1,0,2.25
2024-11-08 22:00:00-03:00,16.8,5.8,0,1.611111111111111
2024-11-08 23:00:00-03:00,16.0,6.0,0,1.6666666666666663
2024-11-09 00:00:00-03:00,15.2,7.2,0,2.0
2024-11-09 01:00:00-03:00,15.0,6.4,0,1.777777777777778
2024-11-09 02:00:00-03:00,14.8,5.4,0,1.5
2024-11-09 03:00:00-03:00,14.6,5.5,0,1.5277777777777777
2024-11-09 04:00:00-03:00,14.5,5.4,0,1.5
2024-11-09 05:00:00-03:00,14.6,5.6,0,1.5555555555555554
2024-11-09 06:00:00-03:00,14.9,7.2,13,2.0
2024-11-09 07:00:00-03:00,17.1,6.1,153,1.6944444444444442
2024-11-09 08:00:00-03:00,19.2,6.2,384,1.7222222222222223
2024-11-09 09:00:00-03:00,20.4,6.7,576,1.8611111111111112
2024-11-09 10:00:00-03:00,21.8,9.4,769,2.611111111111111
2024-11-09 11:00:00-03:00,22.3,8.9,868,2.4722222222222223
2024-11-09 12:00:00-03:00,22.5,9.0,803,2.5
2024-11-09 13:00:00-03:00,22.4,10.6,674,2.944444444444444
2024-11-09 14:00:00-03:00,22.3,12.0,623,3.333333333333333
2024-11-09 15:00:00-03:00,22.1,13.4,527,3.7222222222222223
2024-11-09 16:00:00-03:00,21.9,13.9,494,3.861111111111111
2024-11-09 17:00:00-03:00,21.2,15.4,357,4.277777777777778
2024-11-09 18:00:00-03:00,20.2,14.9,235,4.138888888888889
2024-11-09 19:00:00-03:00,18.8,11.6,63,3.222222222222222
2024-11-09 20:00:00-03:00,18.1,11.0,0,3.055555555555556
2024-11-09 21:00:00-03:00,17.9,10.8,0,3.0
2024-11-09 22:00:00-03:00,17.7,11.2,0,3.1111111111111107
2024-11-09 23:00:00-03:00,17.3,10.1,0,2.805555555555556
2024-11-10 00:00:00-03:00,16.6,8.0,0,2.2222222222222223
2024-11-10 01:00:00-03:00,16.0,7.7,0,2.138888888888889
2024-11-10 02:00:00-03:00,15.1,10.1,0,2.805555555555556
2024-11-10 03:00:00-03:00,14.7,9.4,0,2.611111111111111
2024-11-10 04:00:00-03:00,13.6,8.8,0,2.4444444444444446
2024-11-10 05:00:00-03:00,13.2,7.5,0,2.083333333333333
2024-11-10 06:00:00-03:00,14.3,3.7,15,1.027777777777778
2024-11-10 07:00:00-03:00,17.0,3.6,162,1.0
2024-11-10 08:00:00-03:00,19.4,3.0,347,0.8333333333333333
2024-11-10 09:00:00-03:00,21.3,12.7,564,3.5277777777777777
2024-11-10 10:00:00-03:00,22.5,12.4,758,3.4444444444444446
2024-11-10 11:00:00-03:00,23.3,15.2,934,4.222222222222222
2024-11-10 12:00:00-03:00,23.7,17.8,1028,4.944444444444445
2024-11-10 13:00:00-03:00,23.8,19.2,1041,5.333333333333333
2024-11-10 14:00:00-03:00,24.0,20.4,988,5.666666666666666
2024-11-10 15:00:00-03:00,24.3,20.4,870,5.666666666666666
2024-11-10 16:00:00-03:00,24.3,20.5,704,5.694444444444445
2024-11-10 17:00:00-03:00,24.0,20.4,494,5.666666666666666
2024-11-10 18:00:00-03:00,23.0,18.3,266,5.083333333333333
2024-11-10 19:00:00-03:00,21.6,16.1,66,4.472222222222222
2024-11-10 20:00:00-03:00,21.1,15.6,0,4.333333333333333
2024-11-10 21:00:00-03:00,20.6,13.0,0,3.611111111111111
2024-11-10 22:00:00-03:00,20.4,14.9,0,4.138888888888889
2024-11-10 23:00:00-03:00,20.0,14.1,0,3.9166666666666665
2024-11-11 00:00:00-03:00,19.5,13.3,0,3.6944444444444446
2024-11-11 01:00:00-03:00,18.6,10.0,0,2.7777777777777777
2024-11-11 02:00:00-03:00,17.8,8.5,0,2.361111111111111
2024-11-11 03:00:00-03:00,16.9,6.8,0,1.8888888888888888
2024-11-11 04:00:00-03:00,15.5,9.5,0,2.638888888888889
2024-11-11 05:00:00-03:00,15.1,8.6,0,2.388888888888889
2024-11-11 06:00:00-03:00,15.9,4.2,16,1.1666666666666667
2024-11-11 07:00:00-03:00,18.4,4.8,168,1.3333333333333333
2024-11-11 08:00:00-03:00,20.9,2.5,387,0.6944444444444444
2024-11-11 09:00:00-03:00,23.7,2.7,600,0.75
2024-11-11 10:00:00-03:00,25.3,10.8,654,3.0
2024-11-11 11:00:00-03:00,25.1,19.1,568,5.305555555555556
2024-11-11 12:00:00-03:00,24.5,21.3,530,5.916666666666667
2024-11-11 13:00:00-03:00,23.3,25.0,350,6.944444444444445
2024-11-11 14:00:00-03:00,21.9,18.7,118,5.194444444444444
2024-11-11 15:00:00-03:00,22.0,19.6,314,5.444444444444445
2024-11-11 16:00:00-03:00,20.2,15.0,51,4.166666666666667
2024-11-11 17:00:00-03:00,19.9,5.4,66,1.5
2024-11-11 18:00:00-03:00,19.4,4.8,27,1.3333333333333333
2024-11-11 19:00:00-03:00,18.7,12.8,5,3.555555555555556
2024-11-11 20:00:00-03:00,18.1,13.9,0,3.861111111111111
2024-11-11 21:00:00-03:00,18.0,15.8,0,4.388888888888889
2024-11-11 22:00:00-03:00,17.4,18.8,0,5.222222222222222
2024-11-11 23:00:00-03:00,16.9,19.1,0,5.305555555555556
2024-11-12 00:00:00-03:00,16.2,26.2,0,7.277777777777778
2024-11-12 01:00:00-03:00,16.1,23.2,0,6.444444444444444
2024-11-12 02:00:00-03:00,15.0,21.7,0,6.027777777777778
2024-11-12 03:00:00-03:00,14.0,23.8,0,6.611111111111111
2024-11-12 04:00:00-03:00,13.6,24.4,0,6.777777777777777
2024-11-12 05:00:00-03:00,12.8,22.7,0,6.305555555555555
2024-11-12 06:00:00-03:00,12.6,21.6,17,6.0
2024-11-12 07:00:00-03:00,14.0,22.4,178,6.222222222222221
2024-11-12 08:00:00-03:00,15.3,26.5,405,7.361111111111111
2024-11-12 09:00:00-03:00,16.4,25.1,624,6.972222222222222
2024-11-12 10:00:00-03:00,18.3,21.0,763,5.833333333333333
2024-11-12 11:00:00-03:00,19.5,19.9,871,5.527777777777778
2024-11-12 12:00:00-03:00,20.1,17.4,891,4.833333333333333
2024-11-12 13:00:00-03:00,20.6,15.3,818,4.25
2024-11-12 14:00:00-03:00,20.8,16.0,777,4.444444444444445
2024-11-12 15:00:00-03:00,20.0,15.7,468,4.361111111111111
2024-11-12 16:00:00-03:00,20.1,14.8,459,4.111111111111112
2024-11-12 17:00:00-03:00,19.8,13.0,366,3.611111111111111
2024-11-12 18:00:00-03:00,19.2,8.9,147,2.4722222222222223
2024-11-12 19:00:00-03:00,18.1,8.2,49,2.2777777777777777
2024-11-12 20:00:00-03:00,17.2,6.1,0,1.6944444444444442
2024-11-12 21:00:00-03:00,16.3,7.8,0,2.1666666666666665
2024-11-12 22:00:00-03:00,14.7,3.0,0,0.8333333333333333
2024-11-12 23:00:00-03:00,14.4,0.9,0,0.25
2024-11-13 00:00:00-03:00,13.3,1.9,0,0.5277777777777778
2024-11-13 01:00:00-03:00,12.3,4.6,0,1.2777777777777777
2024-11-13 02:00:00-03:00,11.8,5.9,0,1.6388888888888888
2024-11-13 03:00:00-03:00,11.4,5.9,0,1.6388888888888888
2024-11-13 04:00:00-03:00,11.3,6.4,0,1.777777777777778
2024-11-13 05:00:00-03:00,11.1,6.6,0,1.8333333333333333
2024-11-13 06:00:00-03:00,12.2,8.3,18,2.305555555555556
2024-11-13 07:00:00-03:00,15.0,8.1,176,2.25
2024-11-13 08:00:00-03:00,18.4,8.4,398,2.333333333333333
2024-11-13 09:00:00-03:00,20.7,14.5,617,4.027777777777778
2024-11-13 10:00:00-03:00,22.6,15.7,779,4.361111111111111
2024-11-13 11:00:00-03:00,24.1,16.6,946,4.611111111111112
2024-11-13 12:00:00-03:00,24.9,18.5,973,5.138888888888888
2024-11-13 13:00:00-03:00,24.9,18.9,819,5.249999999999999
2024-11-13 14:00:00-03:00,24.5,18.2,525,5.055555555555555
2024-11-13 15:00:00-03:00,24.3,16.7,368,4.638888888888888
2024-11-13 16:00:00-03:00,23.9,15.2,307,4.222222222222222
2024-11-13 17:00:00-03:00,23.8,14.9,374,4.138888888888889
2024-11-13 18:00:00-03:00,22.6,7.3,197,2.0277777777777777
2024-11-13 19:00:00-03:00,20.5,6.3,59,1.75
2024-11-13 20:00:00-03:00,19.5,13.3,0,3.6944444444444446
2024-11-13 21:00:00-03:00,17.7,7.8,0,2.1666666666666665
2024-11-13 22:00:00-03:00,17.8,10.1,0,2.805555555555556
2024-11-13 23:00:00-03:00,16.5,6.0,0,1.6666666666666663
2024-11-14 00:00:00-03:00,16.0,5.3,0,1.472222222222222
2024-11-14 01:00:00-03:00,15.6,4.3,0,1.1944444444444444
2024-11-14 02:00:00-03:00,15.2,2.8,0,0.7777777777777777
2024-11-14 03:00:00-03:00,14.2,3.7,0,1.027777777777778
2024-11-14 04:00:00-03:00,14.2,5.8,0,1.611111111111111
2024-11-14 05:00:00-03:00,13.9,5.6,0,1.5555555555555554
2024-11-14 06:00:00-03:00,14.3,5.5,18,1.5277777777777777
2024-11-14 07:00:00-03:00,17.2,3.9,171,1.0833333333333333
2024-11-14 08:00:00-03:00,19.7,4.1,394,1.1388888888888888
2024-11-14 09:00:00-03:00,21.5,4.6,611,1.2777777777777777
2024-11-14 10:00:00-03:00,23.3,4.7,799,1.3055555555555556
2024-11-14 11:00:00-03:00,24.3,5.7,938,1.5833333333333333
2024-11-14 12:00:00-03:00,25.3,5.2,995,1.4444444444444444
2024-11-14 13:00:00-03:00,25.3,8.7,866,2.4166666666666665
2024-11-14 14:00:00-03:00,25.3,11.2,907,3.1111111111111107
2024-11-14 15:00:00-03:00,24.6,14.1,726,3.9166666666666665
2024-11-14 16:00:00-03:00,24.0,14.2,652,3.944444444444444
2024-11-14 17:00:00-03:00,23.2,13.7,494,3.8055555555555554
2024-11-14 18:00:00-03:00,21.9,12.6,272,3.5
2024-11-14 19:00:00-03:00,20.3,10.2,72,2.833333333333333
2024-11-14 20:00:00-03:00,19.2,11.3,0,3.138888888888889
2024-11-14 21:00:00-03:00,19.0,11.0,0,3.055555555555556
2024-11-14 22:00:00-03:00,19.4,10.2,0,2.833333333333333
2024-11-14 23:00:00-03:00,19.3,9.8,0,2.7222222222222223
2024-11-15 00:00:00-03:00,19.2,9.6,0,2.6666666666666665
2024-11-15 01:00:00-03:00,19.2,9.2,0,2.555555555555556
2024-11-15 02:00:00-03:00,18.9,8.2,0,2.2777777777777777
2024-11-15 03:00:00-03:00,18.7,8.2,0,2.2777777777777777
2024-11-15 04:00:00-03:00,18.2,7.4,0,2.055555555555556
2024-11-15 05:00:00-03:00,17.4,6.8,0,1.8888888888888888
2024-11-15 06:00:00-03:00,17.7,8.0,19,2.2222222222222223
2024-11-15 07:00:00-03:00,20.2,9.8,177,2.7222222222222223
2024-11-15 08:00:00-03:00,22.5,15.0,400,4.166666666666667
2024-11-15 09:00:00-03:00,23.6,18.4,611,5.111111111111111
2024-11-15 10:00:00-03:00,24.5,20.2,806,5.611111111111111
2024-11-15 11:00:00-03:00,25.2,20.4,945,5.666666666666666
2024-11-15 12:00:00-03:00,25.9,20.5,1028,5.694444444444445
2024-11-15 13:00:00-03:00,26.3,21.2,1038,5.888888888888888
2024-11-15 14:00:00-03:00,26.3,20.8,930,5.777777777777778
2024-11-15 15:00:00-03:00,26.2,20.3,808,5.638888888888889
2024-11-15 16:00:00-03:00,25.8,20.4,672,5.666666666666666
2024-11-15 17:00:00-03:00,24.8,20.0,488,5.555555555555555
2024-11-15 18:00:00-03:00,23.7,17.0,271,4.722222222222222
2024-11-15 19:00:00-03:00,22.5,17.0,74,4.722222222222222
2024-11-15 20:00:00-03:00,21.7,16.8,0,4.666666666666667
2024-11-15 21:00:00-03:00,21.3,16.5,0,4.583333333333333
2024-11-15 22:00:00-03:00,21.1,17.8,0,4.944444444444445
2024-11-15 23:00:00-03:00,20.8,17.9,0,4.972222222222221
2024-11-16 00:00:00-03:00,20.6,17.1,0,4.75
2024-11-16 01:00:00-03:00,20.7,16.9,0,4.694444444444444
2024-11-16 02:00:00-03:00,20.6,16.4,0,4.555555555555555
2024-11-16 03:00:00-03:00,20.5,16.6,0,4.611111111111112
2024-11-16 04:00:00-03:00,20.4,16.1,0,4.472222222222222
2024-11-16 05:00:00-03:00,20.2,14.3,0,3.9722222222222223
2024-11-16 06:00:00-03:00,20.4,13.6,18,3.7777777777777777
2024-11-16 07:00:00-03:00,21.8,19.1,166,5.305555555555556
2024-11-16 08:00:00-03:00,23.4,13.7,365,3.8055555555555554
2024-11-16 09:00:00-03:00,25.3,12.6,600,3.5
2024-11-16 10:00:00-03:00,27.6,12.8,787,3.555555555555556
2024-11-16 11:00:00-03:00,28.6,13.6,925,3.7777777777777777
2024-11-16 12:00:00-03:00,29.1,14.8,1004,4.111111111111112
2024-11-16 13:00:00-03:00,29.3,15.2,1015,4.222222222222222
2024-11-16 14:00:00-03:00,29.3,15.9,892,4.416666666666667
2024-11-16 15:00:00-03:00,29.1,16.4,741,4.555555555555555
2024-11-16 16:00:00-03:00,28.6,17.4,625,4.833333333333333
2024-11-16 17:00:00-03:00,27.5,17.9,465,4.972222222222221
2024-11-16 18:00:00-03:00,25.9,16.8,260,4.666666666666667
2024-11-16 19:00:00-03:00,24.5,18.0,74,5.0
2024-11-16 20:00:00-03:00,23.6,17.5,0,4.861111111111111
2024-11-16 21:00:00-03:00,23.0,17.5,0,4.861111111111111
2024-11-16 22:00:00-03:00,22.7,16.6,0,4.611111111111112
2024-11-16 23:00:00-03:00,22.3,16.0,0,4.444444444444445
2024-11-17 00:00:00-03:00,22.0,15.4,0,4.277777777777778
2024-11-17 01:00:00-03:00,21.7,14.9,0,4.138888888888889
2024-11-17 02:00:00-03:00,21.9,13.4,0,3.7222222222222223
2024-11-17 03:00:00-03:00,22.0,13.0,0,3.611111111111111
2024-11-17 04:00:00-03:00,21.9,11.2,0,3.1111111111111107
2024-11-17 05:00:00-03:00,21.9,10.4,0,2.888888888888889
2024-11-17 06:00:00-03:00,21.9,10.3,10,2.861111111111111
2024-11-17 07:00:00-03:00,22.7,11.8,115,3.2777777777777777
2024-11-17 08:00:00-03:00,24.7,9.3,361,2.583333333333333
2024-11-17 09:00:00-03:00,27.2,10.4,600,2.888888888888889
2024-11-17 10:00:00-03:00,29.1,9.8,780,2.7222222222222223
2024-11-17 11:00:00-03:00,30.4,10.2,862,2.833333333333333
2024-11-17 12:00:00-03:00,31.2,10.7,900,2.972222222222222
2024-11-17 13:00:00-03:00,31.4,13.0,867,3.611111111111111
2024-11-17 14:00:00-03:00,31.2,6.1,848,1.6944444444444442
2024-11-17 15:00:00-03:00,30.6,12.5,658,3.4722222222222223
2024-11-17 16:00:00-03:00,27.7,13.6,353,3.7777777777777777
2024-11-17 17:00:00-03:00,25.3,8.0,257,2.2222222222222223
2024-11-17 18:00:00-03:00,23.5,6.0,59,1.6666666666666663
2024-11-17 19:00:00-03:00,23.4,6.0,38,1.6666666666666663
2024-11-17 20:00:00-03:00,23.0,6.1,0,1.6944444444444442
2024-11-17 21:00:00-03:00,22.9,8.4,0,2.333333333333333
2024-11-17 22:00:00-03:00,22.6,6.0,0,1.6666666666666663
2024-11-17 23:00:00-03:00,22.2,2.9,0,0.8055555555555555
2024-11-18 00:00:00-03:00,22.4,5.2,0,1.4444444444444444
2024-11-18 01:00:00-03:00,22.2,2.6,0,0.7222222222222222
2024-11-18 02:00:00-03:00,21.9,1.7,0,0.4722222222222222
2024-11-18 03:00:00-03:00,22.0,5.1,0,1.4166666666666663
2024-11-18 04:00:00-03:00,21.8,6.0,0,1.6666666666666663
2024-11-18 05:00:00-03:00,21.6,8.9,0,2.4722222222222223
2024-11-18 06:00:00-03:00,21.0,11.4,13,3.1666666666666665
2024-11-18 07:00:00-03:00,21.5,10.8,109,3.0
2024-11-18 08:00:00-03:00,22.0,10.7,167,2.972222222222222
2024-11-18 09:00:00-03:00,22.2,11.0,158,3.055555555555556
2024-11-18 10:00:00-03:00,24.5,14.3,400,3.9722222222222223
2024-11-18 11:00:00-03:00,24.8,13.9,311,3.861111111111111
2024-11-18 12:00:00-03:00,26.8,14.8,668,4.111111111111112
2024-11-18 13:00:00-03:00,24.7,16.4,369,4.555555555555555
2024-11-18 14:00:00-03:00,24.7,19.1,541,5.305555555555556
2024-11-18 15:00:00-03:00,23.4,22.2,356,6.166666666666666
2024-11-18 16:00:00-03:00,22.5,21.6,268,6.0
2024-11-18 17:00:00-03:00,21.7,21.7,152,6.027777777777778
2024-11-18 18:00:00-03:00,21.1,20.0,116,5.555555555555555
2024-11-18 19:00:00-03:00,20.6,16.2,27,4.5
2024-11-18 20:00:00-03:00,20.2,14.4,0,4.0
2024-11-18 21:00:00-03:00,19.9,13.7,0,3.8055555555555554
2024-11-18 22:00:00-03:00,18.8,8.3,0,2.305555555555556
2024-11-18 23:00:00-03:00,18.9,8.8,0,2.4444444444444446
2024-11-19 00:00:00-03:00,18.3,8.5,0,2.361111111111111
2024-11-19 01:00:00-03:00,18.2,9.0,0,2.5
2024-11-19 02:00:00-03:00,17.7,6.2,0,1.7222222222222223
2024-11-19 03:00:00-03:00,17.9,8.4,0,2.333333333333333
2024-11-19 04:00:00-03:00,18.3,10.1,0,2.805555555555556
2024-11-19 05:00:00-03:00,17.7,10.0,0,2.7777777777777777
2024-11-19 06:00:00-03:00,18.0,9.6,12,2.6666666666666665
2024-11-19 07:00:00-03:00,19.2,12.2,80,3.3888888888888884
2024-11-19 08:00:00-03:00,20.7,15.8,344,4.388888888888889
2024-11-19 09:00:00-03:00,20.7,17.0,247,4.722222222222222
2024-11-19 10:00:00-03:00,20.5,18.2,222,5.055555555555555
2024-11-19 11:00:00-03:00,20.7,18.1,317,5.027777777777778
2024-11-19 12:00:00-03:00,22.1,17.7,747,4.916666666666666
2024-11-19 13:00:00-03:00,22.0,18.4,669,5.111111111111111
2024-11-19 14:00:00-03:00,21.8,19.4,638,5.388888888888888
2024-11-19 15:00:00-03:00,21.6,19.5,588,5.416666666666667
2024-11-19 16:00:00-03:00,21.0,18.7,397,5.194444444444444
2024-11-19 17:00:00-03:00,20.4,19.1,180,5.305555555555556
2024-11-19 18:00:00-03:00,20.0,17.1,72,4.75
2024-11-19 19:00:00-03:00,19.8,15.7,28,4.361111111111111
2024-11-19 20:00:00-03:00,19.5,16.8,0,4.666666666666667
2024-11-19 21:00:00-03:00,19.4,18.0,0,5.0
2024-11-19 22:00:00-03:00,18.9,15.5,0,4.305555555555555
2024-11-19 23:00:00-03:00,18.8,15.5,0,4.305555555555555
2024-11-20 00:00:00-03:00,18.9,15.1,0,4.194444444444445
2024-11-20 01:00:00-03:00,19.2,15.2,0,4.222222222222222
2024-11-20 02:00:00-03:00,19.6,15.5,0,4.305555555555555
2024-11-20 03:00:00-03:00,19.8,17.0,0,4.722222222222222
2024-11-20 04:00:00-03:00,19.7,14.7,0,4.083333333333333
2024-11-20 05:00:00-03:00,19.2,14.6,0,4.055555555555555
2024-11-20 06:00:00-03:00,18.8,15.8,6,4.388888888888889
2024-11-20 07:00:00-03:00,18.3,16.2,18,4.5
2024-11-20 08:00:00-03:00,18.2,17.6,75,4.888888888888889
2024-11-20 09:00:00-03:00,18.1,17.4,102,4.833333333333333
2024-11-20 10:00:00-03:00,20.5,19.5,398,5.416666666666667
2024-11-20 11:00:00-03:00,21.4,20.2,556,5.611111111111111
2024-11-20 12:00:00-03:00,22.6,21.6,918,6.0
2024-11-20 13:00:00-03:00,23.0,22.7,931,6.305555555555555
2024-11-20 14:00:00-03:00,22.5,22.2,775,6.166666666666666
2024-11-20 15:00:00-03:00,21.6,20.5,453,5.694444444444445
2024-11-20 16:00:00-03:00,21.8,20.4,568,5.666666666666666
2024-11-20 17:00:00-03:00,21.3,20.2,419,5.611111111111111
2024-11-20 18:00:00-03:00,20.4,19.4,252,5.388888888888888
2024-11-20 19:00:00-03:00,19.5,16.1,68,4.472222222222222
2024-11-20 20:00:00-03:00,18.8,15.0,1,4.166666666666667
2024-11-20 21:00:00-03:00,18.7,13.7,0,3.8055555555555554
2024-11-20 22:00:00-03:00,18.4,13.1,0,3.638888888888889
2024-11-20 23:00:00-03:00,18.6,13.0,0,3.611111111111111
2024-11-21 00:00:00-03:00,18.4,12.5,0,3.4722222222222223
2024-11-21 01:00:00-03:00,18.7,13.7,0,3.8055555555555554
2024-11-21 02:00:00-03:00,18.8,15.0,0,4.166666666666667
2024-11-21 03:00:00-03:00,18.7,15.5,0,4.305555555555555
2024-11-21 04:00:00-03:00,18.7,15.7,0,4.361111111111111
2024-11-21 05:00:00-03:00,18.6,15.2,0,4.222222222222222
2024-11-21 06:00:00-03:00,18.9,15.6,21,4.333333333333333
2024-11-21 07:00:00-03:00,20.1,18.1,176,5.027777777777778
2024-11-21 08:00:00-03:00,21.0,20.8,393,5.777777777777778
2024-11-21 09:00:00-03:00,21.9,21.9,568,6.083333333333333
2024-11-21 10:00:00-03:00,22.3,23.7,475,6.583333333333333
2024-11-21 11:00:00-03:00,22.1,22.3,305,6.194444444444445
2024-11-21 12:00:00-03:00,22.4,21.7,313,6.027777777777778
2024-11-21 13:00:00-03:00,22.5,21.9,408,6.083333333333333
2024-11-21 14:00:00-03:00,22.9,24.1,517,6.694444444444445
2024-11-21 15:00:00-03:00,22.2,25.5,330,7.083333333333333
2024-11-21 16:00:00-03:00,20.2,22.6,262,6.277777777777778
2024-11-21 17:00:00-03:00,19.7,20.8,142,5.777777777777778
2024-11-21 18:00:00-03:00,18.9,17.9,44,4.972222222222221
2024-11-21 19:00:00-03:00,18.8,16.6,18,4.611111111111112
2024-11-21 20:00:00-03:00,19.0,16.7,0,4.638888888888888
2024-11-21 21:00:00-03:00,19.5,19.4,0,5.388888888888888
2024-11-21 22:00:00-03:00,19.7,17.4,0,4.833333333333333
2024-11-21 23:00:00-03:00,19.6,17.2,0,4.777777777777778
2024-11-22 00:00:00-03:00,19.6,16.8,0,4.666666666666667
2024-11-22 01:00:00-03:00,19.2,17.1,0,4.75
2024-11-22 02:00:00-03:00,19.3,18.6,0,5.166666666666667
2024-11-22 03:00:00-03:00,19.3,17.0,0,4.722222222222222
2024-11-22 04:00:00-03:00,19.1,15.4,0,4.277777777777778
2024-11-22 05:00:00-03:00,19.3,14.9,0,4.138888888888889
2024-11-22 06:00:00-03:00,19.6,16.2,8,4.5
2024-11-22 07:00:00-03:00,20.5,16.3,155,4.527777777777778
2024-11-22 08:00:00-03:00,20.6,18.6,169,5.166666666666667
2024-11-22 09:00:00-03:00,20.3,17.0,101,4.722222222222222
2024-11-22 10:00:00-03:00,20.4,18.0,169,5.0
2024-11-22 11:00:00-03:00,21.1,19.4,297,5.388888888888888
2024-11-22 12:00:00-03:00,21.5,18.9,345,5.249999999999999
2024-11-22 13:00:00-03:00,21.8,19.8,393,5.5
2024-11-22 14:00:00-03:00,22.1,19.2,446,5.333333333333333
2024-11-22 15:00:00-03:00,22.0,19.7,565,5.472222222222222
2024-11-22 16:00:00-03:00,21.3,19.8,305,5.5
2024-11-22 17:00:00-03:00,21.2,20.3,424,5.638888888888889
2024-11-22 18:00:00-03:00,20.6,18.4,227,5.111111111111111
2024-11-22 19:00:00-03:00,19.8,15.9,81,4.416666666666667
2024-11-22 20:00:00-03:00,19.3,16.2,1,4.5
2024-11-22 21:00:00-03:00,18.9,14.1,0,3.9166666666666665
2024-11-22 22:00:00-03:00,19.0,15.4,0,4.277777777777778
2024-11-22 23:00:00-03:00,18.9,17.5,0,4.861111111111111
2024-11-23 00:00:00-03:00,18.5,14.3,0,3.9722222222222223
2024-11-23 01:00:00-03:00,18.5,16.3,0,4.527777777777778
2024-11-23 02:00:00-03:00,18.2,16.1,0,4.472222222222222
2024-11-23 03:00:00-03:00,18.5,17.5,0,4.861111111111111
2024-11-23 04:00:00-03:00,18.2,17.6,0,4.888888888888889
2024-11-23 05:00:00-03:00,18.2,18.0,0,5.0
2024-11-23 06:00:00-03:00,18.6,17.2,14,4.777777777777778
2024-11-23 07:00:00-03:00,19.6,18.6,135,5.166666666666667
2024-11-23 08:00:00-03:00,20.8,21.0,289,5.833333333333333
2024-11-23 09:00:00-03:00,22.0,22.6,484,6.277777777777778
2024-11-23 10:00:00-03:00,23.2,23.0,709,6.388888888888888
2024-11-23 11:00:00-03:00,23.8,22.8,837,6.333333333333333
2024-11-23 12:00:00-03:00,24.5,22.9,976,6.361111111111111
2024-11-23 13:00:00-03:00,24.7,22.9,1019,6.361111111111111
2024-11-23 14:00:00-03:00,24.7,23.3,960,6.472222222222222
2024-11-23 15:00:00-03:00,24.7,24.0,865,6.666666666666666
2024-11-23 16:00:00-03:00,24.2,25.0,673,6.944444444444445
2024-11-23 17:00:00-03:00,22.9,24.5,387,6.805555555555555
2024-11-23 18:00:00-03:00,22.3,21.9,269,6.083333333333333
2024-11-23 19:00:00-03:00,21.3,19.9,85,5.527777777777778
2024-11-23 20:00:00-03:00,20.8,20.0,1,5.555555555555555
2024-11-23 21:00:00-03:00,20.6,20.3,0,5.638888888888889
2024-11-23 22:00:00-03:00,20.7,19.8,0,5.5
2024-11-23 23:00:00-03:00,20.5,19.0,0,5.277777777777778
2024-11-24 00:00:00-03:00,20.3,17.8,0,4.944444444444445
2024-11-24 01:00:00-03:00,20.1,17.3,0,4.805555555555555
2024-11-24 02:00:00-03:00,20.0,17.3,0,4.805555555555555
2024-11-24 03:00:00-03:00,19.9,17.3,0,4.805555555555555
2024-11-24 04:00:00-03:00,19.8,17.3,0,4.805555555555555
2024-11-24 05:00:00-03:00,19.6,17.2,0,4.777777777777778
2024-11-24 06:00:00-03:00,19.9,17.7,22,4.916666666666666
2024-11-24 07:00:00-03:00,21.2,23.6,168,6.555555555555555
2024-11-24 08:00:00-03:00,22.2,24.6,325,6.833333333333334
2024-11-24 09:00:00-03:00,22.8,21.3,351,5.916666666666667
2024-11-24 10:00:00-03:00,25.2,20.9,691,5.805555555555555
2024-11-24 11:00:00-03:00,25.2,19.6,562,5.444444444444445
2024-11-24 12:00:00-03:00,26.4,20.4,986,5.666666666666666
2024-11-24 13:00:00-03:00,26.8,20.2,1046,5.611111111111111
2024-11-24 14:00:00-03:00,27.4,19.0,983,5.277777777777778
2024-11-24 15:00:00-03:00,26.7,19.2,742,5.333333333333333
2024-11-24 16:00:00-03:00,26.3,21.1,679,5.861111111111112
2024-11-24 17:00:00-03:00,25.4,22.3,510,6.194444444444445
2024-11-24 18:00:00-03:00,23.9,21.6,296,6.0
2024-11-24 19:00:00-03:00,22.7,21.6,95,6.0
2024-11-24 20:00:00-03:00,21.9,21.7,1,6.027777777777778
2024-11-24 21:00:00-03:00,21.4,20.8,0,5.777777777777778
2024-11-24 22:00:00-03:00,21.4,20.4,0,5.666666666666666
2024-11-24 23:00:00-03:00,21.0,19.7,0,5.472222222222222
2024-11-25 00:00:00-03:00,20.6,18.6,0,5.166666666666667
2024-11-25 01:00:00-03:00,20.4,17.9,0,4.972222222222221
2024-11-25 02:00:00-03:00,20.3,16.2,0,4.5
2024-11-25 03:00:00-03:00,20.0,14.1,0,3.9166666666666665
2024-11-25 04:00:00-03:00,20.0,12.3,0,3.416666666666667
2024-11-25 05:00:00-03:00,20.0,11.2,0,3.1111111111111107
2024-11-25 06:00:00-03:00,20.2,11.9,14,3.305555555555556
2024-11-25 07:00:00-03:00,21.4,10.4,118,2.888888888888889
2024-11-25 08:00:00-03:00,22.0,11.2,149,3.1111111111111107
2024-11-25 09:00:00-03:00,24.1,13.0,358,3.611111111111111
2024-11-25 10:00:00-03:00,25.8,8.4,398,2.333333333333333
2024-11-25 11:00:00-03:00,26.3,9.9,379,2.75
2024-11-25 12:00:00-03:00,26.2,9.7,273,2.694444444444444
2024-11-25 13:00:00-03:00,26.7,9.9,269,2.75
2024-11-25 14:00:00-03:00,27.2,6.0,215,1.6666666666666663
2024-11-25 15:00:00-03:00,28.0,6.1,260,1.6944444444444442
2024-11-25 16:00:00-03:00,28.5,4.3,343,1.1944444444444444
2024-11-25 17:00:00-03:00,28.2,2.0,190,0.5555555555555556
2024-11-25 18:00:00-03:00,27.4,2.6,165,0.7222222222222222
2024-11-25 19:00:00-03:00,25.5,2.1,43,0.5833333333333334
2024-11-25 20:00:00-03:00,24.6,2.8,1,0.7777777777777777
2024-11-25 21:00:00-03:00,24.1,0.6,0,0.1666666666666666
2024-11-25 22:00:00-03:00,22.0,4.3,0,1.1944444444444444
2024-11-25 23:00:00-03:00,22.4,8.2,0,2.2777777777777777
2024-11-26 00:00:00-03:00,21.9,7.0,0,1.9444444444444444
2024-11-26 01:00:00-03:00,20.8,4.8,0,1.3333333333333333
2024-11-26 02:00:00-03:00,21.1,6.9,0,1.9166666666666667
2024-11-26 03:00:00-03:00,21.1,2.0,0,0.5555555555555556
2024-11-26 04:00:00-03:00,21.0,3.7,0,1.027777777777778
2024-11-26 05:00:00-03:00,20.7,2.9,0,0.8055555555555555
2024-11-26 06:00:00-03:00,21.1,6.1,20,1.6944444444444442
2024-11-26 07:00:00-03:00,22.8,4.4,170,1.2222222222222223
2024-11-26 08:00:00-03:00,24.8,4.2,352,1.1666666666666667
2024-11-26 09:00:00-03:00,26.9,4.5,589,1.25
2024-11-26 10:00:00-03:00,26.5,3.1,417,0.8611111111111112
2024-11-26 11:00:00-03:00,28.5,5.1,811,1.4166666666666663
2024-11-26 12:00:00-03:00,26.0,12.2,252,3.3888888888888884
2024-11-26 13:00:00-03:00,25.4,3.3,549,0.9166666666666666
2024-11-26 14:00:00-03:00,26.9,3.6,570,1.0
2024-11-26 15:00:00-03:00,24.7,11.7,296,3.25
2024-11-26 16:00:00-03:00,26.0,10.0,416,2.7777777777777777
2024-11-26 17:00:00-03:00,26.6,10.8,415,3.0
2024-11-26 18:00:00-03:00,26.0,8.2,151,2.2777777777777777
2024-11-26 19:00:00-03:00,24.8,6.2,23,1.7222222222222223
2024-11-26 20:00:00-03:00,23.5,4.6,1,1.2777777777777777
2024-11-26 21:00:00-03:00,22.6,3.9,0,1.0833333333333333
2024-11-26 22:00:00-03:00,21.9,3.8,0,1.0555555555555556
2024-11-26 23:00:00-03:00,21.8,5.6,0,1.5555555555555554
2024-11-27 00:00:00-03:00,21.8,7.1,0,1.972222222222222
2024-11-27 01:00:00-03:00,21.4,8.4,0,2.333333333333333
2024-11-27 02:00:00-03:00,21.2,9.0,0,2.5
2024-11-27 03:00:00-03:00,21.0,7.8,0,2.1666666666666665
2024-11-27 04:00:00-03:00,20.8,9.0,0,2.5
2024-11-27 05:00:00-03:00,20.7,7.9,0,2.1944444444444446
2024-11-27 06:00:00-03:00,21.1,6.8,22,1.8888888888888888
2024-11-27 07:00:00-03:00,22.5,9.5,171,2.638888888888889
2024-11-27 08:00:00-03:00,24.0,10.4,271,2.888888888888889
2024-11-27 09:00:00-03:00,25.9,9.2,470,2.555555555555556
2024-11-27 10:00:00-03:00,26.4,1.0,436,0.2777777777777778
2024-11-27 11:00:00-03:00,27.5,3.4,514,0.9444444444444444
2024-11-27 12:00:00-03:00,28.5,3.5,545,0.9722222222222222
2024-11-27 13:00:00-03:00,29.6,3.0,523,0.8333333333333333
2024-11-27 14:00:00-03:00,30.3,3.6,596,1.0
2024-11-27 15:00:00-03:00,25.3,11.9,179,3.305555555555556
2024-11-27 16:00:00-03:00,25.5,6.3,572,1.75
2024-11-27 17:00:00-03:00,23.4,13.2,241,3.6666666666666665
2024-11-27 18:00:00-03:00,22.4,6.2,93,1.7222222222222223
2024-11-27 19:00:00-03:00,22.6,4.4,23,1.2222222222222223
2024-11-27 20:00:00-03:00,21.9,4.2,1,1.1666666666666667
2024-11-27 21:00:00-03:00,21.8,3.3,0,0.9166666666666666
2024-11-27 22:00:00-03:00,21.2,6.4,0,1.777777777777778
2024-11-27 23:00:00-03:00,21.1,9.3,0,2.583333333333333
2024-11-28 00:00:00-03:00,20.4,11.6,0,3.222222222222222
2024-11-28 01:00:00-03:00,20.1,7.1,0,1.972222222222222
2024-11-28 02:00:00-03:00,19.9,6.0,0,1.6666666666666663
2024-11-28 03:00:00-03:00,19.8,5.7,0,1.5833333333333333
2024-11-28 04:00:00-03:00,19.1,11.9,0,3.305555555555556
2024-11-28 05:00:00-03:00,18.8,9.9,0,2.75
2024-11-28 06:00:00-03:00,19.0,9.5,12,2.638888888888889
2024-11-28 07:00:00-03:00,21.0,9.2,172,2.555555555555556
2024-11-28 08:00:00-03:00,23.2,13.6,338,3.7777777777777777
2024-11-28 09:00:00-03:00,24.1,15.3,348,4.25
2024-11-28 10:00:00-03:00,24.3,18.3,351,5.083333333333333
2024-11-28 11:00:00-03:00,24.6,17.4,464,4.833333333333333
2024-11-28 12:00:00-03:00,25.4,19.1,712,5.305555555555556
2024-11-28 13:00:00-03:00,25.2,18.9,606,5.249999999999999
2024-11-28 14:00:00-03:00,25.2,17.1,668,4.75
2024-11-28 15:00:00-03:00,24.3,16.4,477,4.555555555555555
2024-11-28 16:00:00-03:00,23.6,16.2,324,4.5
2024-11-28 17:00:00-03:00,22.7,15.7,163,4.361111111111111
2024-11-28 18:00:00-03:00,22.2,15.3,122,4.25
2024-11-28 19:00:00-03:00,21.7,13.2,49,3.6666666666666665
2024-11-28 20:00:00-03:00,20.7,11.4,2,3.1666666666666665
2024-11-28 21:00:00-03:00,20.0,11.7,0,3.25
2024-11-28 22:00:00-03:00,19.8,9.8,0,2.7222222222222223
2024-11-28 23:00:00-03:00,19.7,9.5,0,2.638888888888889
2024-11-29 00:00:00-03:00,19.5,9.1,0,2.5277777777777777
2024-11-29 01:00:00-03:00,19.4,9.1,0,2.5277777777777777
2024-11-29 02:00:00-03:00,20.5,10.0,0,2.7777777777777777
2024-11-29 03:00:00-03:00,20.5,8.4,0,2.333333333333333
2024-11-29 04:00:00-03:00,20.3,9.1,0,2.5277777777777777
2024-11-29 05:00:00-03:00,19.7,7.6,0,2.111111111111111
2024-11-29 06:00:00-03:00,19.9,8.3,24,2.305555555555556
2024-11-29 07:00:00-03:00,21.9,11.2,176,3.1111111111111107
2024-11-29 08:00:00-03:00,23.1,12.3,375,3.416666666666667
2024-11-29 09:00:00-03:00,24.3,11.4,579,3.1666666666666665
2024-11-29 10:00:00-03:00,24.3,11.1,644,3.083333333333333
2024-11-29 11:00:00-03:00,24.6,10.1,536,2.805555555555556
2024-11-29 12:00:00-03:00,25.8,7.8,787,2.1666666666666665
2024-11-29 13:00:00-03:00,25.2,8.8,417,2.4444444444444446
2024-11-29 14:00:00-03:00,26.3,7.2,761,2.0
2024-11-29 15:00:00-03:00,26.7,6.7,639,1.8611111111111112
2024-11-29 16:00:00-03:00,27.2,8.0,642,2.2222222222222223
2024-11-29 17:00:00-03:00,26.5,9.4,428,2.611111111111111
2024-11-29 18:00:00-03:00,25.1,10.9,239,3.0277777777777777
2024-11-29 19:00:00-03:00,24.0,7.5,51,2.083333333333333
2024-11-29 20:00:00-03:00,23.1,9.5,2,2.638888888888889
2024-11-29 21:00:00-03:00,21.9,3.8,0,1.0555555555555556
2024-11-29 22:00:00-03:00,22.6,7.4,0,2.055555555555556
2024-11-29 23:00:00-03:00,22.2,8.6,0,2.388888888888889
2024-11-30 00:00:00-03:00,22.3,9.6,0,2.6666666666666665
2024-11-30 01:00:00-03:00,21.7,4.5,0,1.25
2024-11-30 02:00:00-03:00,21.4,8.4,0,2.333333333333333
2024-11-30 03:00:00-03:00,21.0,11.2,0,3.1111111111111107
2024-11-30 04:00:00-03:00,20.6,9.7,0,2.694444444444444
2024-11-30 05:00:00-03:00,20.6,9.3,0,2.583333333333333
2024-11-30 06:00:00-03:00,20.7,9.2,12,2.555555555555556
2024-11-30 07:00:00-03:00,21.0,10.3,66,2.861111111111111
2024-11-30 08:00:00-03:00,21.5,10.8,141,3.0
2024-11-30 09:00:00-03:00,22.4,10.8,298,3.0
2024-11-30 10:00:00-03:00,22.7,11.3,279,3.138888888888889
2024-11-30 11:00:00-03:00,23.6,9.6,416,2.6666666666666665
2024-11-30 12:00:00-03:00,24.8,9.9,749,2.75
2024-11-30 13:00:00-03:00,25.6,11.1,914,3.083333333333333
2024-11-30 14:00:00-03:00,25.5,13.9,964,3.861111111111111
2024-11-30 15:00:00-03:00,24.2,15.9,902,4.416666666666667
2024-11-30 16:00:00-03:00,23.5,14.0,725,3.888888888888889
2024-11-30 17:00:00-03:00,22.6,15.1,535,4.194444444444445
2024-11-30 18:00:00-03:00,21.3,14.5,318,4.027777777777778
2024-11-30 19:00:00-03:00,20.2,12.3,90,3.416666666666667
2024-11-30 20:00:00-03:00,19.6,9.8,3,2.7222222222222223
2024-11-30 21:00:00-03:00,19.6,9.2,0,2.555555555555556
2024-11-30 22:00:00-03:00,18.9,7.9,0,2.1944444444444446
2024-11-30 23:00:00-03:00,19.1,8.4,0,2.333333333333333
2024-12-01 00:00:00-03:00,19.2,6.7,0,1.8611111111111112
2024-12-01 01:00:00-03:00,19.3,9.7,0,2.694444444444444
2024-12-01 02:00:00-03:00,19.2,10.1,0,2.805555555555556
2024-12-01 03:00:00-03:00,19.2,11.1,0,3.083333333333333
2024-12-01 04:00:00-03:00,19.4,12.5,0,3.4722222222222223
2024-12-01 05:00:00-03:00,19.1,12.6,0,3.5
2024-12-01 06:00:00-03:00,19.8,13.4,13,3.7222222222222223
2024-12-01 07:00:00-03:00,20.8,12.9,76,3.583333333333333
2024-12-01 08:00:00-03:00,22.5,21.3,393,5.916666666666667
2024-12-01 09:00:00-03:00,23.4,21.8,383,6.055555555555555
2024-12-01 10:00:00-03:00,24.3,23.3,545,6.472222222222222
2024-12-01 11:00:00-03:00,24.6,20.5,556,5.694444444444445
2024-12-01 12:00:00-03:00,24.0,22.1,363,6.138888888888889
2024-12-01 13:00:00-03:00,23.4,18.0,247,5.0
2024-12-01 14:00:00-03:00,24.5,20.7,429,5.75
2024-12-01 15:00:00-03:00,24.7,21.8,438,6.055555555555555
2024-12-01 16:00:00-03:00,25.1,19.9,355,5.527777777777778
2024-12-01 17:00:00-03:00,24.2,14.0,113,3.888888888888889
2024-12-01 18:00:00-03:00,23.4,20.8,22,5.777777777777778
2024-12-01 19:00:00-03:00,22.7,15.8,13,4.388888888888889
2024-12-01 20:00:00-03:00,22.9,14.2,1,3.944444444444444
2024-12-01 21:00:00-03:00,23.1,14.4,0,4.0
2024-12-01 22:00:00-03:00,22.4,5.4,0,1.5
2024-12-01 23:00:00-03:00,22.6,9.2,0,2.555555555555556
2024-12-02 00:00:00-03:00,22.5,15.4,0,4.277777777777778
2024-12-02 01:00:00-03:00,22.5,22.4,0,6.222222222222221
2024-12-02 02:00:00-03:00,21.3,27.3,0,7.583333333333333
2024-12-02 03:00:00-03:00,19.6,21.6,0,6.0
2024-12-02 04:00:00-03:00,18.9,20.6,0,5.722222222222222
2024-12-02 05:00:00-03:00,18.0,18.4,0,5.111111111111111
2024-12-02 06:00:00-03:00,17.9,17.9,25,4.972222222222221
2024-12-02 07:00:00-03:00,19.1,14.6,194,4.055555555555555
2024-12-02 08:00:00-03:00,20.4,17.3,424,4.805555555555555
2024-12-02 09:00:00-03:00,21.9,16.3,645,4.527777777777778
2024-12-02 10:00:00-03:00,23.1,17.0,723,4.722222222222222
2024-12-02 11:00:00-03:00,24.1,17.0,844,4.722222222222222
2024-12-02 12:00:00-03:00,25.4,18.8,1051,5.222222222222222
2024-12-02 13:00:00-03:00,26.0,21.0,1054,5.833333333333333
2024-12-02 14:00:00-03:00,25.5,21.0,760,5.833333333333333
2024-12-02 15:00:00-03:00,26.1,22.2,810,6.166666666666666
2024-12-02 16:00:00-03:00,25.8,21.7,638,6.027777777777778
2024-12-02 17:00:00-03:00,25.1,20.0,453,5.555555555555555
2024-12-02 18:00:00-03:00,24.1,13.2,316,3.6666666666666665
2024-12-02 19:00:00-03:00,22.3,9.7,115,2.694444444444444
2024-12-02 20:00:00-03:00,20.7,8.5,4,2.361111111111111
2024-12-02 21:00:00-03:00,19.1,6.9,0,1.9166666666666667
2024-12-02 22:00:00-03:00,17.8,6.7,0,1.8611111111111112
2024-12-02 23:00:00-03:00,16.8,6.6,0,1.8333333333333333
2024-12-03 00:00:00-03:00,15.8,3.8,0,1.0555555555555556
2024-12-03 01:00:00-03:00,15.4,4.7,0,1.3055555555555556
2024-12-03 02:00:00-03:00,15.2,4.4,0,1.2222222222222223
2024-12-03 03:00:00-03:00,14.6,3.8,0,1.0555555555555556
2024-12-03 04:00:00-03:00,14.4,5.3,0,1.472222222222222
2024-12-03 05:00:00-03:00,13.8,5.5,0,1.5277777777777777
2024-12-03 06:00:00-03:00,14.8,7.5,26,2.083333333333333
2024-12-03 07:00:00-03:00,17.3,6.9,195,1.9166666666666667
2024-12-03 08:00:00-03:00,19.7,11.7,422,3.25
2024-12-03 09:00:00-03:00,20.6,19.6,643,5.444444444444445
2024-12-03 10:00:00-03:00,21.1,20.4,834,5.666666666666666
2024-12-03 11:00:00-03:00,21.8,17.6,979,4.888888888888889
2024-12-03 12:00:00-03:00,22.6,16.1,1058,4.472222222222222
2024-12-03 13:00:00-03:00,23.2,15.7,1074,4.361111111111111
2024-12-03 14:00:00-03:00,23.5,15.6,1035,4.333333333333333
2024-12-03 15:00:00-03:00,23.4,13.8,932,3.8333333333333335
2024-12-03 16:00:00-03:00,23.0,12.2,765,3.3888888888888884
2024-12-03 17:00:00-03:00,22.1,12.9,552,3.583333333333333
2024-12-03 18:00:00-03:00,21.0,11.3,337,3.138888888888889
2024-12-03 19:00:00-03:00,19.3,10.1,112,2.805555555555556
2024-12-03 20:00:00-03:00,17.2,15.1,4,4.194444444444445
2024-12-03 21:00:00-03:00,16.8,12.5,0,3.4722222222222223
2024-12-03 22:00:00-03:00,15.6,9.3,0,2.583333333333333
2024-12-03 23:00:00-03:00,14.8,6.1,0,1.6944444444444442
2024-12-04 00:00:00-03:00,13.8,5.0,0,1.3888888888888888
2024-12-04 01:00:00-03:00,13.3,4.4,0,1.2222222222222223
2024-12-04 02:00:00-03:00,13.2,5.2,0,1.4444444444444444
2024-12-04 03:00:00-03:00,12.8,4.7,0,1.3055555555555556
2024-12-04 04:00:00-03:00,12.5,3.9,0,1.0833333333333333
2024-12-04 05:00:00-03:00,12.4,3.1,0,0.8611111111111112
2024-12-04 06:00:00-03:00,13.4,2.7,26,0.75
2024-12-04 07:00:00-03:00,16.6,2.3,195,0.6388888888888888
2024-12-04 08:00:00-03:00,18.7,3.1,422,0.8611111111111112
2024-12-04 09:00:00-03:00,20.0,5.4,643,1.5
2024-12-04 10:00:00-03:00,20.9,4.1,838,1.1388888888888888
2024-12-04 11:00:00-03:00,21.9,5.4,982,1.5
2024-12-04 12:00:00-03:00,22.7,7.1,1068,1.972222222222222
2024-12-04 13:00:00-03:00,23.2,9.3,1089,2.583333333333333
2024-12-04 14:00:00-03:00,23.4,10.4,1043,2.888888888888889
2024-12-04 15:00:00-03:00,23.3,10.4,935,2.888888888888889
2024-12-04 16:00:00-03:00,22.8,11.2,774,3.1111111111111107
2024-12-04 17:00:00-03:00,22.1,11.0,570,3.055555555555556
2024-12-04 18:00:00-03:00,21.1,11.8,343,3.2777777777777777
2024-12-04 19:00:00-03:00,19.6,10.0,125,2.7777777777777777
2024-12-04 20:00:00-03:00,18.6,10.1,5,2.805555555555556
2024-12-04 21:00:00-03:00,18.4,10.1,0,2.805555555555556
2024-12-04 22:00:00-03:00,17.7,6.0,0,1.6666666666666663
2024-12-04 23:00:00-03:00,17.3,5.4,0,1.5
2024-12-05 00:00:00-03:00,17.3,5.1,0,1.4166666666666663
2024-12-05 01:00:00-03:00,17.2,6.6,0,1.8333333333333333
2024-12-05 02:00:00-03:00,17.7,6.8,0,1.8888888888888888
2024-12-05 03:00:00-03:00,16.3,5.6,0,1.5555555555555554
2024-12-05 04:00:00-03:00,15.9,5.8,0,1.611111111111111
2024-12-05 05:00:00-03:00,15.1,5.2,0,1.4444444444444444
2024-12-05 06:00:00-03:00,16.1,3.6,25,1.0
2024-12-05 07:00:00-03:00,19.0,1.0,191,0.2777777777777778
2024-12-05 08:00:00-03:00,21.9,3.6,413,1.0
2024-12-05 09:00:00-03:00,23.8,5.8,633,1.611111111111111
2024-12-05 10:00:00-03:00,25.4,4.4,826,1.2222222222222223
2024-12-05 11:00:00-03:00,26.5,4.6,970,1.2777777777777777
2024-12-05 12:00:00-03:00,27.5,5.2,1056,1.4444444444444444
2024-12-05 13:00:00-03:00,28.1,6.0,1076,1.6666666666666663
2024-12-05 14:00:00-03:00,28.3,7.3,1030,2.0277777777777777
2024-12-05 15:00:00-03:00,28.2,8.4,923,2.333333333333333
2024-12-05 16:00:00-03:00,27.7,9.9,761,2.75
2024-12-05 17:00:00-03:00,26.8,11.4,559,3.1666666666666665
2024-12-05 18:00:00-03:00,25.4,13.1,337,3.638888888888889
2024-12-05 19:00:00-03:00,23.8,10.3,124,2.861111111111111
2024-12-05 20:00:00-03:00,22.5,10.8,5,3.0
2024-12-05 21:00:00-03:00,22.2,11.0,0,3.055555555555556
2024-12-05 22:00:00-03:00,22.7,11.4,0,3.1666666666666665
2024-12-05 23:00:00-03:00,22.7,12.0,0,3.333333333333333
2024-12-06 00:00:00-03:00,22.4,13.2,0,3.6666666666666665
2024-12-06 01:00:00-03:00,21.9,13.6,0,3.7777777777777777
2024-12-06 02:00:00-03:00,21.4,11.3,0,3.138888888888889
2024-12-06 03:00:00-03:00,20.8,10.1,0,2.805555555555556
2024-12-06 04:00:00-03:00,20.5,11.2,0,3.1111111111111107
2024-12-06 05:00:00-03:00,20.8,16.3,0,4.527777777777778
2024-12-06 06:00:00-03:00,21.4,13.8,7,3.8333333333333335
2024-12-06 07:00:00-03:00,21.9,13.9,47,3.861111111111111
2024-12-06 08:00:00-03:00,23.1,14.1,109,3.9166666666666665
2024-12-06 09:00:00-03:00,22.3,10.2,80,2.833333333333333
2024-12-06 10:00:00-03:00,22.1,13.1,92,3.638888888888889
2024-12-06 11:00:00-03:00,22.0,22.6,120,6.277777777777778
2024-12-06 12:00:00-03:00,22.1,24.2,138,6.722222222222221
2024-12-06 13:00:00-03:00,22.6,23.5,60,6.527777777777778
2024-12-06 14:00:00-03:00,26.3,19.5,864,5.416666666666667
2024-12-06 15:00:00-03:00,27.2,22.7,839,6.305555555555555
2024-12-06 16:00:00-03:00,27.2,22.3,669,6.194444444444445
2024-12-06 17:00:00-03:00,26.8,19.7,313,5.472222222222222
2024-12-06 18:00:00-03:00,26.4,15.7,208,4.361111111111111
2024-12-06 19:00:00-03:00,25.3,13.0,70,3.611111111111111
2024-12-06 20:00:00-03:00,23.0,12.9,5,3.583333333333333
2024-12-06 21:00:00-03:00,22.0,11.6,0,3.222222222222222
2024-12-06 22:00:00-03:00,19.2,4.7,0,1.3055555555555556
2024-12-06 23:00:00-03:00,18.6,3.2,0,0.888888888888889
2024-12-07 00:00:00-03:00,18.1,2.9,0,0.8055555555555555
2024-12-07 01:00:00-03:00,18.0,1.4,0,0.3888888888888888
2024-12-07 02:00:00-03:00,17.1,2.8,0,0.7777777777777777
2024-12-07 03:00:00-03:00,17.1,6.1,0,1.6944444444444442
2024-12-07 04:00:00-03:00,16.9,6.8,0,1.8888888888888888
2024-12-07 05:00:00-03:00,16.9,6.9,0,1.9166666666666667
2024-12-07 06:00:00-03:00,18.2,9.4,14,2.611111111111111
2024-12-07 07:00:00-03:00,19.6,9.4,60,2.611111111111111
2024-12-07 08:00:00-03:00,21.2,16.1,375,4.472222222222222
2024-12-07 09:00:00-03:00,21.6,16.0,513,4.444444444444445
2024-12-07 10:00:00-03:00,22.6,10.1,752,2.805555555555556
2024-12-07 11:00:00-03:00,24.0,8.2,828,2.2777777777777777
2024-12-07 12:00:00-03:00,25.0,10.2,902,2.833333333333333
2024-12-07 13:00:00-03:00,25.4,12.5,893,3.4722222222222223
2024-12-07 14:00:00-03:00,24.8,16.3,844,4.527777777777778
2024-12-07 15:00:00-03:00,23.9,16.2,704,4.5
2024-12-07 16:00:00-03:00,23.3,14.1,635,3.9166666666666665
2024-12-07 17:00:00-03:00,22.0,15.8,497,4.388888888888889
2024-12-07 18:00:00-03:00,19.8,17.3,263,4.805555555555555
2024-12-07 19:00:00-03:00,17.8,17.5,111,4.861111111111111
2024-12-07 20:00:00-03:00,16.3,15.9,6,4.416666666666667
2024-12-07 21:00:00-03:00,15.9,12.7,0,3.5277777777777777
2024-12-07 22:00:00-03:00,15.1,7.6,0,2.111111111111111
2024-12-07 23:00:00-03:00,14.4,6.0,0,1.6666666666666663
2024-12-08 00:00:00-03:00,14.4,8.6,0,2.388888888888889
2024-12-08 01:00:00-03:00,14.3,10.1,0,2.805555555555556
2024-12-08 02:00:00-03:00,14.1,9.9,0,2.75
2024-12-08 03:00:00-03:00,13.7,9.2,0,2.555555555555556
2024-12-08 04:00:00-03:00,13.2,7.9,0,2.1944444444444446
2024-12-08 05:00:00-03:00,12.6,5.8,0,1.611111111111111
2024-12-08 06:00:00-03:00,13.4,5.4,25,1.5
2024-12-08 07:00:00-03:00,15.5,6.0,192,1.6666666666666663
2024-12-08 08:00:00-03:00,17.0,12.3,416,3.416666666666667
2024-12-08 09:00:00-03:00,18.2,10.4,639,2.888888888888889
2024-12-08 10:00:00-03:00,19.4,7.5,837,2.083333333333333
2024-12-08 11:00:00-03:00,20.5,7.3,982,2.0277777777777777
2024-12-08 12:00:00-03:00,22.1,6.2,1002,1.7222222222222223
2024-12-08 13:00:00-03:00,22.8,5.6,894,1.5555555555555554
2024-12-08 14:00:00-03:00,23.3,8.4,919,2.333333333333333
2024-12-08 15:00:00-03:00,21.8,17.0,711,4.722222222222222
2024-12-08 16:00:00-03:00,19.4,18.3,430,5.083333333333333
2024-12-08 17:00:00-03:00,20.1,12.9,438,3.583333333333333
2024-12-08 18:00:00-03:00,18.3,16.8,257,4.666666666666667
2024-12-08 19:00:00-03:00,17.5,15.5,106,4.305555555555555
2024-12-08 20:00:00-03:00,16.7,13.5,6,3.75
2024-12-08 21:00:00-03:00,15.8,10.0,0,2.7777777777777777
2024-12-08 22:00:00-03:00,15.0,6.3,0,1.75
2024-12-08 23:00:00-03:00,14.2,5.9,0,1.6388888888888888
2024-12-09 00:00:00-03:00,14.0,4.8,0,1.3333333333333333
2024-12-09 01:00:00-03:00,13.9,4.3,0,1.1944444444444444
2024-12-09 02:00:00-03:00,13.6,5.6,0,1.5555555555555554
2024-12-09 03:00:00-03:00,13.3,6.0,0,1.6666666666666663
2024-12-09 04:00:00-03:00,13.1,5.7,0,1.5833333333333333
2024-12-09 05:00:00-03:00,12.9,5.5,0,1.5277777777777777
2024-12-09 06:00:00-03:00,14.2,6.1,25,1.6944444444444442
2024-12-09 07:00:00-03:00,17.1,7.1,194,1.972222222222222
2024-12-09 08:00:00-03:00,19.0,10.0,420,2.7777777777777777
2024-12-09 09:00:00-03:00,20.0,11.5,641,3.194444444444444
2024-12-09 10:00:00-03:00,21.2,11.6,829,3.222222222222222
2024-12-09 11:00:00-03:00,22.1,12.4,972,3.4444444444444446
2024-12-09 12:00:00-03:00,22.9,13.3,927,3.6944444444444446
2024-12-09 13:00:00-03:00,22.4,15.8,789,4.388888888888889
2024-12-09 14:00:00-03:00,21.2,17.7,422,4.916666666666666
2024-12-09 15:00:00-03:00,21.2,16.2,366,4.5
2024-12-09 16:00:00-03:00,21.0,16.4,357,4.555555555555555
2024-12-09 17:00:00-03:00,21.1,14.8,411,4.111111111111112
2024-12-09 18:00:00-03:00,20.5,12.1,176,3.3611111111111107
2024-12-09 19:00:00-03:00,20.1,8.3,51,2.305555555555556
2024-12-09 20:00:00-03:00,19.8,7.0,3,1.9444444444444444
2024-12-09 21:00:00-03:00,19.7,10.4,0,2.888888888888889
2024-12-09 22:00:00-03:00,19.5,11.7,0,3.25
2024-12-09 23:00:00-03:00,19.4,11.1,0,3.083333333333333
2024-12-10 00:00:00-03:00,19.6,9.9,0,2.75
2024-12-10 01:00:00-03:00,19.7,9.0,0,2.5
2024-12-10 02:00:00-03:00,19.6,8.5,0,2.361111111111111
2024-12-10 03:00:00-03:00,18.9,7.6,0,2.111111111111111
2024-12-10 04:00:00-03:00,18.6,7.1,0,1.972222222222222
2024-12-10 05:00:00-03:00,18.5,6.9,0,1.9166666666666667
2024-12-10 06:00:00-03:00,18.6,9.4,9,2.611111111111111
2024-12-10 07:00:00-03:00,19.5,11.4,135,3.1666666666666665
2024-12-10 08:00:00-03:00,20.1,13.0,182,3.611111111111111
2024-12-10 09:00:00-03:00,20.2,13.5,199,3.75
2024-12-10 10:00:00-03:00,21.3,11.0,407,3.055555555555556
2024-12-10 11:00:00-03:00,22.6,11.1,775,3.083333333333333
2024-12-10 12:00:00-03:00,22.8,12.3,669,3.416666666666667
2024-12-10 13:00:00-03:00,23.6,14.4,870,4.0
2024-12-10 14:00:00-03:00,23.7,16.0,776,4.444444444444445
2024-12-10 15:00:00-03:00,23.7,16.8,748,4.666666666666667
2024-12-10 16:00:00-03:00,23.4,15.7,556,4.361111111111111
2024-12-10 17:00:00-03:00,22.6,15.4,363,4.277777777777778
2024-12-10 18:00:00-03:00,21.8,14.5,217,4.027777777777778
2024-12-10 19:00:00-03:00,21.0,10.5,98,2.9166666666666665
2024-12-10 20:00:00-03:00,20.1,10.7,7,2.972222222222222
2024-12-10 21:00:00-03:00,19.4,10.7,0,2.972222222222222
2024-12-10 22:00:00-03:00,19.2,10.3,0,2.861111111111111
2024-12-10 23:00:00-03:00,19.0,9.1,0,2.5277777777777777
2024-12-11 00:00:00-03:00,18.7,7.8,0,2.1666666666666665
2024-12-11 01:00:00-03:00,18.5,6.5,0,1.805555555555556
2024-12-11 02:00:00-03:00,18.2,5.9,0,1.6388888888888888
2024-12-11 03:00:00-03:00,18.1,6.1,0,1.6944444444444442
2024-12-11 04:00:00-03:00,17.8,5.8,0,1.611111111111111
2024-12-11 05:00:00-03:00,17.6,5.6,0,1.5555555555555554
2024-12-11 06:00:00-03:00,18.3,6.9,18,1.9166666666666667
2024-12-11 07:00:00-03:00,20.1,8.2,137,2.2777777777777777
2024-12-11 08:00:00-03:00,21.5,12.5,314,3.4722222222222223
2024-12-11 09:00:00-03:00,22.6,14.8,551,4.111111111111112
2024-12-11 10:00:00-03:00,23.9,15.5,774,4.305555555555555
2024-12-11 11:00:00-03:00,24.3,15.7,891,4.361111111111111
2024-12-11 12:00:00-03:00,24.4,16.6,949,4.611111111111112
2024-12-11 13:00:00-03:00,24.8,16.6,1052,4.611111111111112
2024-12-11 14:00:00-03:00,25.0,15.5,1020,4.305555555555555
2024-12-11 15:00:00-03:00,25.3,14.9,917,4.138888888888889
2024-12-11 16:00:00-03:00,24.5,16.2,752,4.5
2024-12-11 17:00:00-03:00,23.4,16.3,548,4.527777777777778
2024-12-11 18:00:00-03:00,22.6,16.9,348,4.694444444444444
2024-12-11 19:00:00-03:00,21.3,14.4,138,4.0
2024-12-11 20:00:00-03:00,20.7,16.1,8,4.472222222222222
2024-12-11 21:00:00-03:00,20.4,15.9,0,4.416666666666667
2024-12-11 22:00:00-03:00,20.6,15.7,0,4.361111111111111
2024-12-11 23:00:00-03:00,20.6,15.4,0,4.277777777777778
2024-12-12 00:00:00-03:00,20.7,15.7,0,4.361111111111111
2024-12-12 01:00:00-03:00,20.7,16.7,0,4.638888888888888
2024-12-12 02:00:00-03:00,20.2,15.3,0,4.25
2024-12-12 03:00:00-03:00,20.0,14.3,0,3.9722222222222223
2024-12-12 04:00:00-03:00,19.8,14.4,0,4.0
2024-12-12 05:00:00-03:00,19.6,14.4,0,4.0
2024-12-12 06:00:00-03:00,19.9,14.5,21,4.027777777777778
2024-12-12 07:00:00-03:00,21.2,15.4,153,4.277777777777778
2024-12-12 08:00:00-03:00,22.4,20.7,334,5.75
2024-12-12 09:00:00-03:00,23.3,21.6,555,6.0
2024-12-12 10:00:00-03:00,24.0,19.8,596,5.5
2024-12-12 11:00:00-03:00,24.8,18.3,722,5.083333333333333
2024-12-12 12:00:00-03:00,25.5,17.7,854,4.916666666666666
2024-12-12 13:00:00-03:00,26.1,16.5,833,4.583333333333333
2024-12-12 14:00:00-03:00,26.4,19.2,919,5.333333333333333
2024-12-12 15:00:00-03:00,26.3,19.9,893,5.527777777777778
2024-12-12 16:00:00-03:00,26.0,20.6,729,5.722222222222222
2024-12-12 17:00:00-03:00,24.8,22.4,487,6.222222222222221
2024-12-12 18:00:00-03:00,23.7,21.1,315,5.861111111111112
2024-12-12 19:00:00-03:00,22.7,19.1,126,5.305555555555556
2024-12-12 20:00:00-03:00,22.0,16.9,8,4.694444444444444
2024-12-12 21:00:00-03:00,21.9,16.9,0,4.694444444444444
2024-12-12 22:00:00-03:00,21.8,18.0,0,5.0
2024-12-12 23:00:00-03:00,21.7,17.3,0,4.805555555555555
2024-12-13 00:00:00-03:00,21.6,17.3,0,4.805555555555555
2024-12-13 01:00:00-03:00,21.6,17.1,0,4.75
2024-12-13 02:00:00-03:00,21.2,16.3,0,4.527777777777778
2024-12-13 03:00:00-03:00,21.2,16.5,0,4.583333333333333
2024-12-13 04:00:00-03:00,21.1,16.1,0,4.472222222222222
2024-12-13 05:00:00-03:00,20.9,15.4,0,4.277777777777778
2024-12-13 06:00:00-03:00,21.3,14.4,18,4.0
2024-12-13 07:00:00-03:00,22.3,20.4,112,5.666666666666666
2024-12-13 08:00:00-03:00,23.4,23.1,310,6.416666666666667
2024-12-13 09:00:00-03:00,24.0,23.1,401,6.416666666666667
2024-12-13 10:00:00-03:00,23.3,18.1,247,5.027777777777778
2024-12-13 11:00:00-03:00,24.8,19.7,537,5.472222222222222
2024-12-13 12:00:00-03:00,25.7,21.3,606,5.916666666666667
2024-12-13 13:00:00-03:00,25.4,19.6,478,5.444444444444445
2024-12-13 14:00:00-03:00,25.7,17.4,539,4.833333333333333
2024-12-13 15:00:00-03:00,25.8,18.2,481,5.055555555555555
2024-12-13 16:00:00-03:00,25.4,16.7,396,4.638888888888888
2024-12-13 17:00:00-03:00,24.5,13.4,198,3.7222222222222223
2024-12-13 18:00:00-03:00,23.2,16.5,86,4.583333333333333
2024-12-13 19:00:00-03:00,21.7,14.5,28,4.027777777777778
2024-12-13 20:00:00-03:00,21.1,12.2,1,3.3888888888888884
2024-12-13 21:00:00-03:00,21.4,12.2,0,3.3888888888888884
2024-12-13 22:00:00-03:00,21.1,16.9,0,4.694444444444444
2024-12-13 23:00:00-03:00,21.2,16.8,0,4.666666666666667
2024-12-14 00:00:00-03:00,21.3,15.7,0,4.361111111111111
2024-12-14 01:00:00-03:00,21.2,13.7,0,3.8055555555555554
2024-12-14 02:00:00-03:00,20.9,13.6,0,3.7777777777777777
2024-12-14 03:00:00-03:00,20.6,7.6,0,2.111111111111111
2024-12-14 04:00:00-03:00,20.5,3.4,0,0.9444444444444444
2024-12-14 05:00:00-03:00,20.6,4.7,0,1.3055555555555556
2024-12-14 06:00:00-03:00,20.4,10.3,11,2.861111111111111
2024-12-14 07:00:00-03:00,21.3,12.1,143,3.3611111111111107
2024-12-14 08:00:00-03:00,22.5,12.1,311,3.3611111111111107
2024-12-14 09:00:00-03:00,24.2,13.8,465,3.8333333333333335
2024-12-14 10:00:00-03:00,24.3,16.1,630,4.472222222222222
2024-12-14 11:00:00-03:00,25.1,18.9,705,5.249999999999999
2024-12-14 12:00:00-03:00,25.2,19.9,467,5.527777777777778
2024-12-14 13:00:00-03:00,26.6,21.4,585,5.944444444444444
2024-12-14 14:00:00-03:00,26.6,20.7,462,5.75
2024-12-14 15:00:00-03:00,26.8,25.0,787,6.944444444444445
2024-12-14 16:00:00-03:00,26.2,22.6,523,6.277777777777778
2024-12-14 17:00:00-03:00,26.0,20.6,481,5.722222222222222
2024-12-14 18:00:00-03:00,25.1,20.0,321,5.555555555555555
2024-12-14 19:00:00-03:00,23.4,18.5,128,5.138888888888888
2024-12-14 20:00:00-03:00,22.0,15.3,9,4.25
2024-12-14 21:00:00-03:00,21.2,16.8,0,4.666666666666667
2024-12-14 22:00:00-03:00,21.0,24.5,0,6.805555555555555
2024-12-14 23:00:00-03:00,20.4,23.5,0,6.527777777777778
2024-12-15 00:00:00-03:00,20.4,25.8,0,7.166666666666667
2024-12-15 01:00:00-03:00,19.9,25.4,0,7.055555555555555
2024-12-15 02:00:00-03:00,19.7,25.4,0,7.055555555555555
2024-12-15 03:00:00-03:00,19.7,26.7,0,7.416666666666666
2024-12-15 04:00:00-03:00,19.5,25.9,0,7.194444444444444
2024-12-15 05:00:00-03:00,19.3,26.1,0,7.25
2024-12-15 06:00:00-03:00,19.0,24.8,4,6.888888888888889
2024-12-15 07:00:00-03:00,18.9,26.4,42,7.333333333333333
2024-12-15 08:00:00-03:00,19.6,23.8,98,6.611111111111111
2024-12-15 09:00:00-03:00,21.1,17.6,277,4.888888888888889
2024-12-15 10:00:00-03:00,18.3,30.4,278,8.444444444444445
2024-12-15 11:00:00-03:00,19.6,19.9,165,5.527777777777778
2024-12-15 12:00:00-03:00,20.7,23.7,120,6.583333333333333
2024-12-15 13:00:00-03:00,21.9,25.8,451,7.166666666666667
2024-12-15 14:00:00-03:00,21.5,33.0,374,9.166666666666666
2024-12-15 15:00:00-03:00,21.4,28.8,268,8.0
2024-12-15 16:00:00-03:00,22.1,27.9,377,7.749999999999999
2024-12-15 17:00:00-03:00,22.6,23.3,250,6.472222222222222
2024-12-15 18:00:00-03:00,21.3,25.6,295,7.111111111111112
2024-12-15 19:00:00-03:00,20.3,19.6,99,5.444444444444445
2024-12-15 20:00:00-03:00,19.2,20.2,6,5.611111111111111
2024-12-15 21:00:00-03:00,19.2,20.1,0,5.583333333333334
2024-12-15 22:00:00-03:00,19.0,18.2,0,5.055555555555555
2024-12-15 23:00:00-03:00,18.8,17.8,0,4.944444444444445
2024-12-16 00:00:00-03:00,18.6,18.2,0,5.055555555555555
2024-12-16 01:00:00-03:00,18.6,15.5,0,4.305555555555555
2024-12-16 02:00:00-03:00,18.6,14.2,0,3.944444444444444
2024-12-16 03:00:00-03:00,18.5,13.9,0,3.861111111111111
2024-12-16 04:00:00-03:00,18.1,13.4,0,3.7222222222222223
2024-12-16 05:00:00-03:00,18.0,11.8,0,3.2777777777777777
2024-12-16 06:00:00-03:00,18.3,12.0,13,3.333333333333333
2024-12-16 07:00:00-03:00,19.0,13.7,64,3.8055555555555554
2024-12-16 08:00:00-03:00,20.7,16.1,252,4.472222222222222
2024-12-16 09:00:00-03:00,21.8,15.8,285,4.388888888888889
2024-12-16 10:00:00-03:00,21.1,15.5,402,4.305555555555555
2024-12-16 11:00:00-03:00,22.2,13.2,340,3.6666666666666665
2024-12-16 12:00:00-03:00,22.6,18.5,409,5.138888888888888
2024-12-16 13:00:00-03:00,22.4,12.8,691,3.555555555555556
2024-12-16 14:00:00-03:00,23.4,23.2,855,6.444444444444444
2024-12-16 15:00:00-03:00,23.2,15.9,483,4.416666666666667
2024-12-16 16:00:00-03:00,23.9,19.5,720,5.416666666666667
2024-12-16 17:00:00-03:00,23.1,19.1,482,5.305555555555556
2024-12-16 18:00:00-03:00,22.1,18.3,337,5.083333333333333
2024-12-16 19:00:00-03:00,20.7,13.3,131,3.6944444444444446
2024-12-16 20:00:00-03:00,19.5,10.6,10,2.944444444444444
2024-12-16 21:00:00-03:00,18.6,8.7,0,2.4166666666666665
2024-12-16 22:00:00-03:00,17.4,5.6,0,1.5555555555555554
2024-12-16 23:00:00-03:00,16.6,5.9,0,1.6388888888888888
2024-12-17 00:00:00-03:00,16.3,6.3,0,1.75
2024-12-17 01:00:00-03:00,16.3,7.9,0,2.1944444444444446
2024-12-17 02:00:00-03:00,16.5,9.1,0,2.5277777777777777
2024-12-17 03:00:00-03:00,16.3,8.2,0,2.2777777777777777
2024-12-17 04:00:00-03:00,16.0,7.3,0,2.0277777777777777
2024-12-17 05:00:00-03:00,16.1,7.3,0,2.0277777777777777
2024-12-17 06:00:00-03:00,16.5,7.9,19,2.1944444444444446
2024-12-17 07:00:00-03:00,18.6,6.8,178,1.8888888888888888
2024-12-17 08:00:00-03:00,20.9,8.0,400,2.2222222222222223
2024-12-17 09:00:00-03:00,22.4,10.6,611,2.944444444444444
2024-12-17 10:00:00-03:00,23.5,9.9,662,2.75
2024-12-17 11:00:00-03:00,23.9,11.3,829,3.138888888888889
2024-12-17 12:00:00-03:00,23.1,12.3,595,3.416666666666667
2024-12-17 13:00:00-03:00,23.3,13.0,819,3.611111111111111
2024-12-17 14:00:00-03:00,23.3,14.1,788,3.9166666666666665
2024-12-17 15:00:00-03:00,23.2,16.1,732,4.472222222222222
2024-12-17 16:00:00-03:00,23.1,15.4,639,4.277777777777778
2024-12-17 17:00:00-03:00,22.5,15.1,498,4.194444444444445
2024-12-17 18:00:00-03:00,21.5,15.1,277,4.194444444444445
2024-12-17 19:00:00-03:00,20.6,12.8,126,3.555555555555556
2024-12-17 20:00:00-03:00,19.5,10.3,10,2.861111111111111
2024-12-17 21:00:00-03:00,19.0,9.9,0,2.75
2024-12-17 22:00:00-03:00,19.1,9.8,0,2.7222222222222223
2024-12-17 23:00:00-03:00,18.7,8.1,0,2.25
2024-12-18 00:00:00-03:00,18.6,8.8,0,2.4444444444444446
2024-12-18 01:00:00-03:00,18.6,10.5,0,2.9166666666666665
2024-12-18 02:00:00-03:00,18.7,9.4,0,2.611111111111111
2024-12-18 03:00:00-03:00,18.5,6.2,0,1.7222222222222223
2024-12-18 04:00:00-03:00,18.1,7.3,0,2.0277777777777777
2024-12-18 05:00:00-03:00,18.4,7.7,0,2.138888888888889
2024-12-18 06:00:00-03:00,18.6,6.5,16,1.805555555555556
2024-12-18 07:00:00-03:00,20.1,8.9,146,2.4722222222222223
2024-12-18 08:00:00-03:00,21.0,13.6,355,3.7777777777777777
2024-12-18 09:00:00-03:00,22.0,13.9,430,3.861111111111111
2024-12-18 10:00:00-03:00,23.1,16.9,642,4.694444444444444
2024-12-18 11:00:00-03:00,23.7,16.5,754,4.583333333333333
2024-12-18 12:00:00-03:00,24.1,16.4,754,4.555555555555555
2024-12-18 13:00:00-03:00,24.9,16.5,798,4.583333333333333
2024-12-18 14:00:00-03:00,25.2,17.0,855,4.722222222222222
2024-12-18 15:00:00-03:00,24.7,18.3,620,5.083333333333333
2024-12-18 16:00:00-03:00,24.9,19.1,708,5.305555555555556
2024-12-18 17:00:00-03:00,24.1,18.3,528,5.083333333333333
2024-12-18 18:00:00-03:00,23.6,16.6,361,4.611111111111112
2024-12-18 19:00:00-03:00,22.3,18.0,149,5.0
2024-12-18 20:00:00-03:00,21.5,17.3,12,4.805555555555555
2024-12-18 21:00:00-03:00,21.3,15.9,0,4.416666666666667
2024-12-18 22:00:00-03:00,21.6,15.3,0,4.25
2024-12-18 23:00:00-03:00,21.4,14.6,0,4.055555555555555
2024-12-19 00:00:00-03:00,21.0,13.5,0,3.75
2024-12-19 01:00:00-03:00,20.6,12.2,0,3.3888888888888884
2024-12-19 02:00:00-03:00,20.6,11.9,0,3.305555555555556
2024-12-19 03:00:00-03:00,20.3,9.8,0,2.7222222222222223
2024-12-19 04:00:00-03:00,20.2,7.9,0,2.1944444444444446
2024-12-19 05:00:00-03:00,20.1,8.7,0,2.4166666666666665
2024-12-19 06:00:00-03:00,20.7,8.3,7,2.305555555555556
2024-12-19 07:00:00-03:00,21.8,10.9,97,3.0277777777777777
2024-12-19 08:00:00-03:00,22.7,8.2,179,2.2777777777777777
2024-12-19 09:00:00-03:00,24.0,6.5,368,1.805555555555556
2024-12-19 10:00:00-03:00,24.6,5.1,317,1.4166666666666663
2024-12-19 11:00:00-03:00,25.7,4.5,448,1.25
2024-12-19 12:00:00-03:00,26.3,3.9,417,1.0833333333333333
2024-12-19 13:00:00-03:00,26.9,1.0,444,0.2777777777777778
2024-12-19 14:00:00-03:00,25.5,8.4,304,2.333333333333333
2024-12-19 15:00:00-03:00,25.4,5.1,288,1.4166666666666663
2024-12-19 16:00:00-03:00,25.1,1.6,144,0.4444444444444445
2024-12-19 17:00:00-03:00,25.0,4.6,177,1.2777777777777777
2024-12-19 18:00:00-03:00,21.8,10.3,69,2.861111111111111
2024-12-19 19:00:00-03:00,21.3,4.5,11,1.25
2024-12-19 20:00:00-03:00,21.2,5.3,3,1.472222222222222
2024-12-19 21:00:00-03:00,21.2,6.6,0,1.8333333333333333
2024-12-19 22:00:00-03:00,20.8,8.1,0,2.25
2024-12-19 23:00:00-03:00,20.9,7.7,0,2.138888888888889
2024-12-20 00:00:00-03:00,20.5,4.3,0,1.1944444444444444
2024-12-20 01:00:00-03:00,19.7,8.8,0,2.4444444444444446
2024-12-20 02:00:00-03:00,19.3,9.1,0,2.5277777777777777
2024-12-20 03:00:00-03:00,19.3,10.2,0,2.833333333333333
2024-12-20 04:00:00-03:00,19.1,8.9,0,2.4722222222222223
2024-12-20 05:00:00-03:00,18.8,8.3,0,2.305555555555556
2024-12-20 06:00:00-03:00,19.1,7.9,18,2.1944444444444446
2024-12-20 07:00:00-03:00,20.5,8.2,166,2.2777777777777777
2024-12-20 08:00:00-03:00,22.6,13.1,379,3.638888888888889
2024-12-20 09:00:00-03:00,24.5,19.5,552,5.416666666666667
2024-12-20 10:00:00-03:00,26.0,15.7,726,4.361111111111111
2024-12-20 11:00:00-03:00,27.2,15.3,835,4.25
2024-12-20 12:00:00-03:00,28.0,16.2,864,4.5
2024-12-20 13:00:00-03:00,29.0,15.4,934,4.277777777777778
2024-12-20 14:00:00-03:00,29.3,14.4,876,4.0
2024-12-20 15:00:00-03:00,30.1,11.9,808,3.305555555555556
2024-12-20 16:00:00-03:00,30.3,12.6,713,3.5
2024-12-20 17:00:00-03:00,29.8,11.0,542,3.055555555555556
2024-12-20 18:00:00-03:00,28.8,6.3,344,1.75
2024-12-20 19:00:00-03:00,27.2,2.5,133,0.6944444444444444
2024-12-20 20:00:00-03:00,25.3,0.6,11,0.1666666666666666
2024-12-20 21:00:00-03:00,24.2,0.6,0,0.1666666666666666
2024-12-20 22:00:00-03:00,22.6,6.2,0,1.7222222222222223
2024-12-20 23:00:00-03:00,22.7,17.8,0,4.944444444444445
2024-12-21 00:00:00-03:00,21.1,18.6,0,5.166666666666667
2024-12-21 01:00:00-03:00,20.2,15.3,0,4.25
2024-12-21 02:00:00-03:00,19.4,13.9,0,3.861111111111111
2024-12-21 03:00:00-03:00,19.1,12.6,0,3.5
2024-12-21 04:00:00-03:00,18.3,9.7,0,2.694444444444444
2024-12-21 05:00:00-03:00,17.7,9.0,0,2.5
2024-12-21 06:00:00-03:00,17.5,7.2,18,2.0
2024-12-21 07:00:00-03:00,18.8,9.9,168,2.75
2024-12-21 08:00:00-03:00,20.1,10.1,380,2.805555555555556
2024-12-21 09:00:00-03:00,21.3,8.0,599,2.2222222222222223
2024-12-21 10:00:00-03:00,22.6,8.1,789,2.25
2024-12-21 11:00:00-03:00,23.6,9.2,937,2.555555555555556
2024-12-21 12:00:00-03:00,24.1,10.4,1028,2.888888888888889
2024-12-21 13:00:00-03:00,24.2,12.3,1053,3.416666666666667
2024-12-21 14:00:00-03:00,23.6,14.3,1000,3.9722222222222223
2024-12-21 15:00:00-03:00,22.2,16.2,736,4.5
2024-12-21 16:00:00-03:00,21.8,16.3,670,4.527777777777778
2024-12-21 17:00:00-03:00,20.2,15.6,234,4.333333333333333
2024-12-21 18:00:00-03:00,19.2,15.3,80,4.25
2024-12-21 19:00:00-03:00,18.9,12.6,30,3.5
2024-12-21 20:00:00-03:00,18.7,11.2,2,3.1111111111111107
2024-12-21 21:00:00-03:00,18.5,11.9,0,3.305555555555556
2024-12-21 22:00:00-03:00,18.1,11.2,0,3.1111111111111107
2024-12-21 23:00:00-03:00,17.6,11.7,0,3.25
2024-12-22 00:00:00-03:00,16.5,7.9,0,2.1944444444444446
2024-12-22 01:00:00-03:00,16.3,4.9,0,1.3611111111111112
2024-12-22 02:00:00-03:00,16.2,7.2,0,2.0
2024-12-22 03:00:00-03:00,16.1,7.2,0,2.0
2024-12-22 04:00:00-03:00,15.6,9.2,0,2.555555555555556
2024-12-22 05:00:00-03:00,14.8,9.7,0,2.694444444444444
2024-12-22 06:00:00-03:00,14.6,8.6,16,2.388888888888889
2024-12-22 07:00:00-03:00,16.4,7.1,166,1.972222222222222
2024-12-22 08:00:00-03:00,18.9,7.8,384,2.1666666666666665
2024-12-22 09:00:00-03:00,20.6,13.0,588,3.611111111111111
2024-12-22 10:00:00-03:00,21.1,15.2,570,4.222222222222222
2024-12-22 11:00:00-03:00,21.7,14.8,673,4.111111111111112
2024-12-22 12:00:00-03:00,22.6,14.3,916,3.9722222222222223
2024-12-22 13:00:00-03:00,23.1,13.2,1044,3.6666666666666665
2024-12-22 14:00:00-03:00,23.1,13.4,1013,3.7222222222222223
2024-12-22 15:00:00-03:00,22.9,12.9,940,3.583333333333333
2024-12-22 16:00:00-03:00,22.5,12.7,791,3.5277777777777777
2024-12-22 17:00:00-03:00,21.6,13.4,597,3.7222222222222223
2024-12-22 18:00:00-03:00,20.5,12.5,381,3.4722222222222223
2024-12-22 19:00:00-03:00,19.1,8.4,164,2.333333333333333
2024-12-22 20:00:00-03:00,17.3,7.1,15,1.972222222222222
2024-12-22 21:00:00-03:00,17.3,8.2,0,2.2777777777777777
2024-12-22 22:00:00-03:00,17.0,7.9,0,2.1944444444444446
2024-12-22 23:00:00-03:00,17.2,8.5,0,2.361111111111111
2024-12-23 00:00:00-03:00,16.7,6.7,0,1.8611111111111112
2024-12-23 01:00:00-03:00,16.4,6.4,0,1.777777777777778
2024-12-23 02:00:00-03:00,16.6,7.7,0,2.138888888888889
2024-12-23 03:00:00-03:00,16.2,7.1,0,1.972222222222222
2024-12-23 04:00:00-03:00,14.9,6.0,0,1.6666666666666663
2024-12-23 05:00:00-03:00,14.0,5.1,0,1.4166666666666663
2024-12-23 06:00:00-03:00,14.3,3.2,18,0.888888888888889
2024-12-23 07:00:00-03:00,17.2,2.5,172,0.6944444444444444
2024-12-23 08:00:00-03:00,20.0,3.2,392,0.888888888888889
2024-12-23 09:00:00-03:00,21.8,9.1,612,2.5277777777777777
2024-12-23 10:00:00-03:00,23.6,10.6,805,2.944444444444444
2024-12-23 11:00:00-03:00,24.4,11.6,954,3.222222222222222
2024-12-23 12:00:00-03:00,24.9,13.8,1048,3.8333333333333335
2024-12-23 13:00:00-03:00,25.1,15.2,1078,4.222222222222222
2024-12-23 14:00:00-03:00,25.1,15.9,1045,4.416666666666667
2024-12-23 15:00:00-03:00,25.0,16.4,947,4.555555555555555
2024-12-23 16:00:00-03:00,24.6,16.4,794,4.555555555555555
2024-12-23 17:00:00-03:00,24.1,15.9,600,4.416666666666667
2024-12-23 18:00:00-03:00,23.4,15.2,379,4.222222222222222
2024-12-23 19:00:00-03:00,22.2,13.7,161,3.8055555555555554
2024-12-23 20:00:00-03:00,21.1,14.1,15,3.9166666666666665
2024-12-23 21:00:00-03:00,20.7,14.6,0,4.055555555555555
2024-12-23 22:00:00-03:00,20.7,15.2,0,4.222222222222222
2024-12-23 23:00:00-03:00,20.5,16.4,0,4.555555555555555
2024-12-24 00:00:00-03:00,20.6,17.3,0,4.805555555555555
2024-12-24 01:00:00-03:00,20.5,16.4,0,4.555555555555555
2024-12-24 02:00:00-03:00,20.2,14.6,0,4.055555555555555
2024-12-24 03:00:00-03:00,20.2,15.2,0,4.222222222222222
2024-12-24 04:00:00-03:00,20.1,15.0,0,4.166666666666667
2024-12-24 05:00:00-03:00,20.2,14.6,0,4.055555555555555
2024-12-24 06:00:00-03:00,20.4,14.5,15,4.027777777777778
2024-12-24 07:00:00-03:00,21.9,15.9,154,4.416666666666667
2024-12-24 08:00:00-03:00,22.8,21.6,340,6.0
2024-12-24 09:00:00-03:00,24.0,18.7,509,5.194444444444444
2024-12-24 10:00:00-03:00,25.9,17.9,763,4.972222222222221
2024-12-24 11:00:00-03:00,27.6,14.3,844,3.9722222222222223
2024-12-24 12:00:00-03:00,28.1,11.8,922,3.2777777777777777
2024-12-24 13:00:00-03:00,28.4,8.0,887,2.2222222222222223
2024-12-24 14:00:00-03:00,28.0,7.9,718,2.1944444444444446
2024-12-24 15:00:00-03:00,27.3,11.7,760,3.25
2024-12-24 16:00:00-03:00,26.4,13.2,581,3.6666666666666665
2024-12-24 17:00:00-03:00,25.1,11.2,303,3.1111111111111107
2024-12-24 18:00:00-03:00,24.9,4.9,161,1.3611111111111112
2024-12-24 19:00:00-03:00,24.1,6.1,91,1.6944444444444442
2024-12-24 20:00:00-03:00,21.7,10.5,9,2.9166666666666665
2024-12-24 21:00:00-03:00,20.2,10.3,0,2.861111111111111
2024-12-24 22:00:00-03:00,20.6,7.7,0,2.138888888888889
2024-12-24 23:00:00-03:00,20.6,4.3,0,1.1944444444444444
2024-12-25 00:00:00-03:00,20.3,1.8,0,0.5
2024-12-25 01:00:00-03:00,20.2,2.2,0,0.6111111111111112
2024-12-25 02:00:00-03:00,20.1,5.3,0,1.472222222222222
2024-12-25 03:00:00-03:00,19.6,13.1,0,3.638888888888889
2024-12-25 04:00:00-03:00,19.2,16.5,0,4.583333333333333
2024-12-25 05:00:00-03:00,18.9,15.0,0,4.166666666666667
2024-12-25 06:00:00-03:00,18.6,15.2,5,4.222222222222222
2024-12-25 07:00:00-03:00,18.7,14.4,40,4.0
2024-12-25 08:00:00-03:00,20.1,18.8,271,5.222222222222222
2024-12-25 09:00:00-03:00,20.1,19.3,210,5.361111111111112
2024-12-25 10:00:00-03:00,21.0,19.7,250,5.472222222222222
2024-12-25 11:00:00-03:00,23.2,19.9,880,5.527777777777778
2024-12-25 12:00:00-03:00,23.9,20.1,975,5.583333333333334
2024-12-25 13:00:00-03:00,24.2,20.1,1010,5.583333333333334
2024-12-25 14:00:00-03:00,24.8,19.2,974,5.333333333333333
2024-12-25 15:00:00-03:00,25.0,18.9,887,5.249999999999999
2024-12-25 16:00:00-03:00,24.1,18.7,759,5.194444444444444
2024-12-25 17:00:00-03:00,23.3,14.0,466,3.888888888888889
2024-12-25 18:00:00-03:00,22.7,14.2,310,3.944444444444444
2024-12-25 19:00:00-03:00,21.4,8.4,139,2.333333333333333
2024-12-25 20:00:00-03:00,19.7,4.6,12,1.2777777777777777
2024-12-25 21:00:00-03:00,19.1,6.3,0,1.75
2024-12-25 22:00:00-03:00,18.7,8.8,0,2.4444444444444446
2024-12-25 23:00:00-03:00,18.1,9.1,0,2.5277777777777777
2024-12-26 00:00:00-03:00,17.4,9.9,0,2.75
2024-12-26 01:00:00-03:00,16.9,9.9,0,2.75
2024-12-26 02:00:00-03:00,16.6,10.6,0,2.944444444444444
2024-12-26 03:00:00-03:00,16.5,12.1,0,3.3611111111111107
2024-12-26 04:00:00-03:00,16.3,13.3,0,3.6944444444444446
2024-12-26 05:00:00-03:00,16.1,14.5,0,4.027777777777778
2024-12-26 06:00:00-03:00,16.2,14.9,14,4.138888888888889
2024-12-26 07:00:00-03:00,17.4,15.3,105,4.25
2024-12-26 08:00:00-03:00,18.7,18.9,285,5.249999999999999
2024-12-26 09:00:00-03:00,19.2,21.6,249,6.0
2024-12-26 10:00:00-03:00,21.1,20.7,530,5.75
2024-12-26 11:00:00-03:00,21.6,21.8,471,6.055555555555555
2024-12-26 12:00:00-03:00,23.5,22.4,850,6.222222222222221
2024-12-26 13:00:00-03:00,24.3,22.8,796,6.333333333333333
2024-12-26 14:00:00-03:00,24.7,22.8,775,6.333333333333333
2024-12-26 15:00:00-03:00,25.2,22.2,722,6.166666666666666
2024-12-26 16:00:00-03:00,25.5,21.6,704,6.0
2024-12-26 17:00:00-03:00,25.3,19.0,514,5.277777777777778
2024-12-26 18:00:00-03:00,24.6,17.3,342,4.805555555555555
2024-12-26 19:00:00-03:00,23.2,13.0,136,3.611111111111111
2024-12-26 20:00:00-03:00,21.6,8.6,14,2.388888888888889
2024-12-26 21:00:00-03:00,19.7,5.6,0,1.5555555555555554
2024-12-26 22:00:00-03:00,19.6,7.8,0,2.1666666666666665
2024-12-26 23:00:00-03:00,19.0,7.5,0,2.083333333333333
2024-12-27 00:00:00-03:00,18.5,7.2,0,2.0
2024-12-27 01:00:00-03:00,18.0,7.2,0,2.0
2024-12-27 02:00:00-03:00,17.6,7.6,0,2.111111111111111
2024-12-27 03:00:00-03:00,17.2,8.5,0,2.361111111111111
2024-12-27 04:00:00-03:00,16.9,9.0,0,2.5
2024-12-27 05:00:00-03:00,16.6,10.1,0,2.805555555555556
2024-12-27 06:00:00-03:00,16.8,11.6,14,3.222222222222222
2024-12-27 07:00:00-03:00,18.6,15.4,155,4.277777777777778
2024-12-27 08:00:00-03:00,20.0,16.6,327,4.611111111111112
2024-12-27 09:00:00-03:00,20.7,16.2,292,4.5
2024-12-27 10:00:00-03:00,22.9,17.5,596,4.861111111111111
2024-12-27 11:00:00-03:00,24.0,17.2,704,4.777777777777778
2024-12-27 12:00:00-03:00,24.8,17.2,664,4.777777777777778
2024-12-27 13:00:00-03:00,25.8,17.8,769,4.944444444444445
2024-12-27 14:00:00-03:00,26.0,17.0,669,4.722222222222222
2024-12-27 15:00:00-03:00,26.3,17.6,598,4.888888888888889
2024-12-27 16:00:00-03:00,25.5,18.4,500,5.111111111111111
2024-12-27 17:00:00-03:00,24.7,17.5,424,4.861111111111111
2024-12-27 18:00:00-03:00,24.0,14.9,313,4.138888888888889
2024-12-27 19:00:00-03:00,23.0,8.9,112,2.4722222222222223
2024-12-27 20:00:00-03:00,21.5,6.9,14,1.9166666666666667
2024-12-27 21:00:00-03:00,20.0,5.3,0,1.472222222222222
2024-12-27 22:00:00-03:00,20.1,7.5,0,2.083333333333333
2024-12-27 23:00:00-03:00,18.9,5.2,0,1.4444444444444444
2024-12-28 00:00:00-03:00,18.5,5.4,0,1.5
2024-12-28 01:00:00-03:00,17.7,4.7,0,1.3055555555555556
2024-12-28 02:00:00-03:00,17.3,4.2,0,1.1666666666666667
2024-12-28 03:00:00-03:00,17.9,4.0,0,1.1111111111111112
2024-12-28 04:00:00-03:00,17.6,4.6,0,1.2777777777777777
2024-12-28 05:00:00-03:00,16.9,5.5,0,1.5277777777777777
2024-12-28 06:00:00-03:00,17.4,7.7,13,2.138888888888889
2024-12-28 07:00:00-03:00,19.1,10.7,147,2.972222222222222
2024-12-28 08:00:00-03:00,20.4,13.8,313,3.8333333333333335
2024-12-28 09:00:00-03:00,21.4,13.5,408,3.75
2024-12-28 10:00:00-03:00,22.8,13.0,601,3.611111111111111
2024-12-28 11:00:00-03:00,23.3,13.6,527,3.7777777777777777
2024-12-28 12:00:00-03:00,24.4,12.2,692,3.3888888888888884
2024-12-28 13:00:00-03:00,24.9,11.1,645,3.083333333333333
2024-12-28 14:00:00-03:00,25.1,11.2,688,3.1111111111111107
2024-12-28 15:00:00-03:00,25.0,9.8,409,2.7222222222222223
2024-12-28 16:00:00-03:00,24.6,10.9,360,3.0277777777777777
2024-12-28 17:00:00-03:00,23.5,13.0,304,3.611111111111111
2024-12-28 18:00:00-03:00,22.2,11.9,154,3.305555555555556
2024-12-28 19:00:00-03:00,20.8,7.9,76,2.1944444444444446
2024-12-28 20:00:00-03:00,20.3,7.2,12,2.0
2024-12-28 21:00:00-03:00,19.8,9.4,0,2.611111111111111
2024-12-28 22:00:00-03:00,19.4,9.4,0,2.611111111111111
2024-12-28 23:00:00-03:00,19.0,8.7,0,2.4166666666666665
2024-12-29 00:00:00-03:00,18.7,7.2,0,2.0
2024-12-29 01:00:00-03:00,18.4,5.8,0,1.611111111111111
2024-12-29 02:00:00-03:00,18.3,5.9,0,1.6388888888888888
2024-12-29 03:00:00-03:00,18.3,6.4,0,1.777777777777778
2024-12-29 04:00:00-03:00,18.2,5.1,0,1.4166666666666663
2024-12-29 05:00:00-03:00,18.3,5.8,0,1.611111111111111
2024-12-29 06:00:00-03:00,18.3,6.9,9,1.9166666666666667
2024-12-29 07:00:00-03:00,19.8,6.8,134,1.8888888888888888
2024-12-29 08:00:00-03:00,21.4,9.5,324,2.638888888888889
2024-12-29 09:00:00-03:00,22.6,10.3,527,2.861111111111111
2024-12-29 10:00:00-03:00,24.1,10.6,732,2.944444444444444
2024-12-29 11:00:00-03:00,24.6,11.3,787,3.138888888888889
2024-12-29 12:00:00-03:00,25.1,11.7,875,3.25
2024-12-29 13:00:00-03:00,25.5,11.6,934,3.222222222222222
2024-12-29 14:00:00-03:00,25.7,12.3,950,3.416666666666667
2024-12-29 15:00:00-03:00,25.1,13.9,770,3.861111111111111
2024-12-29 16:00:00-03:00,24.0,14.5,516,4.027777777777778
2024-12-29 17:00:00-03:00,23.2,15.0,399,4.166666666666667
2024-12-29 18:00:00-03:00,22.5,15.5,326,4.305555555555555
2024-12-29 19:00:00-03:00,21.2,13.5,161,3.75
2024-12-29 20:00:00-03:00,20.1,11.8,16,3.2777777777777777
2024-12-29 21:00:00-03:00,19.7,11.3,0,3.138888888888889
2024-12-29 22:00:00-03:00,19.2,9.9,0,2.75
2024-12-29 23:00:00-03:00,18.8,7.7,0,2.138888888888889
2024-12-30 00:00:00-03:00,18.6,6.6,0,1.8333333333333333
2024-12-30 01:00:00-03:00,19.3,7.0,0,1.9444444444444444
2024-12-30 02:00:00-03:00,19.1,6.9,0,1.9166666666666667
2024-12-30 03:00:00-03:00,19.1,7.0,0,1.9444444444444444
2024-12-30 04:00:00-03:00,18.8,6.7,0,1.8611111111111112
2024-12-30 05:00:00-03:00,18.6,6.6,0,1.8333333333333333
2024-12-30 06:00:00-03:00,19.0,7.1,10,1.972222222222222
2024-12-30 07:00:00-03:00,20.5,9.8,132,2.7222222222222223
2024-12-30 08:00:00-03:00,21.4,10.7,324,2.972222222222222
2024-12-30 09:00:00-03:00,22.3,11.2,480,3.1111111111111107
2024-12-30 10:00:00-03:00,24.4,12.9,704,3.583333333333333
2024-12-30 11:00:00-03:00,25.3,13.7,803,3.8055555555555554
2024-12-30 12:00:00-03:00,25.5,13.6,788,3.7777777777777777
2024-12-30 13:00:00-03:00,26.1,13.6,791,3.7777777777777777
2024-12-30 14:00:00-03:00,26.4,12.9,841,3.583333333333333
2024-12-30 15:00:00-03:00,26.3,14.8,803,4.111111111111112
2024-12-30 16:00:00-03:00,24.7,16.0,356,4.444444444444445
2024-12-30 17:00:00-03:00,24.6,15.1,425,4.194444444444445
2024-12-30 18:00:00-03:00,23.7,16.1,310,4.472222222222222
2024-12-30 19:00:00-03:00,22.9,13.8,115,3.8333333333333335
2024-12-30 20:00:00-03:00,22.0,13.6,15,3.7777777777777777
2024-12-30 21:00:00-03:00,21.6,13.3,0,3.6944444444444446
2024-12-30 22:00:00-03:00,21.3,12.3,0,3.416666666666667
2024-12-30 23:00:00-03:00,21.3,12.3,0,3.416666666666667
2024-12-31 00:00:00-03:00,21.4,12.0,0,3.333333333333333
2024-12-31 01:00:00-03:00,21.2,9.9,0,2.75
2024-12-31 02:00:00-03:00,20.7,8.7,0,2.4166666666666665
2024-12-31 03:00:00-03:00,20.5,9.7,0,2.694444444444444
2024-12-31 04:00:00-03:00,20.4,10.5,0,2.9166666666666665
2024-12-31 05:00:00-03:00,20.3,9.0,0,2.5
2024-12-31 06:00:00-03:00,20.4,10.6,10,2.944444444444444
2024-12-31 07:00:00-03:00,21.9,15.3,123,4.25
2024-12-31 08:00:00-03:00,22.9,19.1,315,5.305555555555556
2024-12-31 09:00:00-03:00,23.6,19.4,424,5.388888888888888
2024-12-31 10:00:00-03:00,24.8,19.8,628,5.5
2024-12-31 11:00:00-03:00,25.5,20.6,813,5.722222222222222
2024-12-31 12:00:00-03:00,25.5,21.2,847,5.888888888888888
2024-12-31 13:00:00-03:00,26.0,21.8,926,6.055555555555555
2024-12-31 14:00:00-03:00,26.2,22.2,910,6.166666666666666
2024-12-31 15:00:00-03:00,26.0,21.7,859,6.027777777777778
2024-12-31 16:00:00-03:00,25.6,22.5,665,6.25
2024-12-31 17:00:00-03:00,25.0,22.3,552,6.194444444444445
2024-12-31 18:00:00-03:00,24.4,21.7,331,6.027777777777778
2024-12-31 19:00:00-03:00,23.5,17.2,145,4.777777777777778
2024-12-31 20:00:00-03:00,23.1,16.1,13,4.472222222222222
2024-12-31 21:00:00-03:00,22.7,16.1,0,4.472222222222222
2024-12-31 22:00:00-03:00,22.3,15.7,0,4.361111111111111
2024-12-31 23:00:00-03:00,22.0,15.6,0,4.333333333333333
2025-01-01 00:00:00-03:00,21.9,15.4,0,4.277777777777778
2025-01-01 01:00:00-03:00,21.8,14.7,0,4.083333333333333
2025-01-01 02:00:00-03:00,21.8,14.9,0,4.138888888888889
2025-01-01 03:00:00-03:00,21.7,13.9,0,3.861111111111111
2025-01-01 04:00:00-03:00,21.6,13.4,0,3.7222222222222223
2025-01-01 05:00:00-03:00,21.5,12.3,0,3.416666666666667
2025-01-01 06:00:00-03:00,21.6,11.4,8,3.1666666666666665
2025-01-01 07:00:00-03:00,22.6,17.2,110,4.777777777777778
2025-01-01 08:00:00-03:00,23.4,17.8,254,4.944444444444445
2025-01-01 09:00:00-03:00,24.5,18.0,393,5.0
2025-01-01 10:00:00-03:00,26.4,15.1,649,4.194444444444445
2025-01-01 11:00:00-03:00,27.2,14.2,790,3.944444444444444
2025-01-01 12:00:00-03:00,28.3,14.2,947,3.944444444444444
2025-01-01 13:00:00-03:00,29.1,11.1,968,3.083333333333333
2025-01-01 14:00:00-03:00,29.2,9.7,828,2.694444444444444
2025-01-01 15:00:00-03:00,26.2,13.9,426,3.861111111111111
2025-01-01 16:00:00-03:00,27.5,13.1,554,3.638888888888889
2025-01-01 17:00:00-03:00,25.9,12.1,469,3.3611111111111107
2025-01-01 18:00:00-03:00,25.7,12.0,213,3.333333333333333
2025-01-01 19:00:00-03:00,24.7,8.6,72,2.388888888888889
2025-01-01 20:00:00-03:00,22.9,4.7,12,1.3055555555555556
2025-01-01 21:00:00-03:00,22.4,1.6,0,0.4444444444444445
2025-01-01 22:00:00-03:00,21.7,5.0,0,1.3888888888888888
2025-01-01 23:00:00-03:00,21.5,4.1,0,1.1388888888888888
2025-01-02 00:00:00-03:00,21.3,2.7,0,0.75
2025-01-02 01:00:00-03:00,21.2,5.1,0,1.4166666666666663
2025-01-02 02:00:00-03:00,20.5,4.1,0,1.1388888888888888
2025-01-02 03:00:00-03:00,20.3,4.8,0,1.3333333333333333
2025-01-02 04:00:00-03:00,20.4,7.8,0,2.1666666666666665
2025-01-02 05:00:00-03:00,20.3,8.1,0,2.25
2025-01-02 06:00:00-03:00,20.5,7.1,8,1.972222222222222
2025-01-02 07:00:00-03:00,21.8,7.5,127,2.083333333333333
2025-01-02 08:00:00-03:00,23.8,10.8,343,3.0
2025-01-02 09:00:00-03:00,25.9,11.0,571,3.055555555555556
2025-01-02 10:00:00-03:00,28.8,8.3,768,2.305555555555556
2025-01-02 11:00:00-03:00,30.4,8.8,919,2.4444444444444446
2025-01-02 12:00:00-03:00,29.8,9.8,766,2.7222222222222223
2025-01-02 13:00:00-03:00,25.9,17.8,888,4.944444444444445
2025-01-02 14:00:00-03:00,27.2,7.7,507,2.138888888888889
2025-01-02 15:00:00-03:00,28.3,11.2,502,3.1111111111111107
2025-01-02 16:00:00-03:00,28.5,7.1,618,1.972222222222222
2025-01-02 17:00:00-03:00,28.5,8.6,523,2.388888888888889
2025-01-02 18:00:00-03:00,27.8,8.2,348,2.2777777777777777
2025-01-02 19:00:00-03:00,26.4,3.6,145,1.0
2025-01-02 20:00:00-03:00,25.0,5.9,16,1.6388888888888888
2025-01-02 21:00:00-03:00,23.2,15.5,0,4.305555555555555
2025-01-02 22:00:00-03:00,22.2,7.5,0,2.083333333333333
2025-01-02 23:00:00-03:00,21.4,12.1,0,3.3611111111111107
2025-01-03 00:00:00-03:00,20.2,9.0,0,2.5
2025-01-03 01:00:00-03:00,19.6,9.3,0,2.583333333333333
2025-01-03 02:00:00-03:00,18.7,6.1,0,1.6944444444444442
2025-01-03 03:00:00-03:00,18.6,8.3,0,2.305555555555556
2025-01-03 04:00:00-03:00,18.2,9.4,0,2.611111111111111
2025-01-03 05:00:00-03:00,17.7,10.3,0,2.861111111111111
2025-01-03 06:00:00-03:00,17.3,11.1,10,3.083333333333333
2025-01-03 07:00:00-03:00,18.6,10.1,148,2.805555555555556
2025-01-03 08:00:00-03:00,20.4,11.8,370,3.2777777777777777
2025-01-03 09:00:00-03:00,21.9,14.5,596,4.027777777777778
2025-01-03 10:00:00-03:00,23.1,17.8,796,4.944444444444445
2025-01-03 11:00:00-03:00,24.2,19.4,949,5.388888888888888
2025-01-03 12:00:00-03:00,25.1,20.0,1047,5.555555555555555
2025-01-03 13:00:00-03:00,25.9,20.1,1082,5.583333333333334
2025-01-03 14:00:00-03:00,26.5,20.3,1051,5.638888888888889
2025-01-03 15:00:00-03:00,26.8,23.3,955,6.472222222222222
2025-01-03 16:00:00-03:00,26.5,22.8,711,6.333333333333333
2025-01-03 17:00:00-03:00,26.1,19.4,496,5.388888888888888
2025-01-03 18:00:00-03:00,25.7,15.9,363,4.416666666666667
2025-01-03 19:00:00-03:00,24.1,11.7,100,3.25
2025-01-03 20:00:00-03:00,23.1,10.2,14,2.833333333333333
2025-01-03 21:00:00-03:00,21.1,9.5,0,2.638888888888889
2025-01-03 22:00:00-03:00,19.8,7.4,0,2.055555555555556
2025-01-03 23:00:00-03:00,18.1,4.0,0,1.1111111111111112
2025-01-04 00:00:00-03:00,18.2,9.4,0,2.611111111111111
2025-01-04 01:00:00-03:00,18.0,12.8,0,3.555555555555556
2025-01-04 02:00:00-03:00,17.2,12.1,0,3.3611111111111107
2025-01-04 03:00:00-03:00,16.7,11.5,0,3.194444444444444
2025-01-04 04:00:00-03:00,16.4,11.4,0,3.1666666666666665
2025-01-04 05:00:00-03:00,16.3,12.1,0,3.3611111111111107
2025-01-04 06:00:00-03:00,16.4,13.0,9,3.611111111111111
2025-01-04 07:00:00-03:00,17.9,13.1,143,3.638888888888889
2025-01-04 08:00:00-03:00,19.4,17.1,340,4.75
2025-01-04 09:00:00-03:00,21.4,20.6,562,5.722222222222222
2025-01-04 10:00:00-03:00,23.1,21.7,685,6.027777777777778
2025-01-04 11:00:00-03:00,24.7,23.0,842,6.388888888888888
2025-01-04 12:00:00-03:00,25.8,23.7,895,6.583333333333333
2025-01-04 13:00:00-03:00,26.4,23.5,929,6.527777777777778
2025-01-04 14:00:00-03:00,25.9,22.0,793,6.111111111111111
2025-01-04 15:00:00-03:00,25.2,18.9,406,5.249999999999999
2025-01-04 16:00:00-03:00,25.9,18.8,603,5.222222222222222
2025-01-04 17:00:00-03:00,25.3,15.7,414,4.361111111111111
2025-01-04 18:00:00-03:00,25.1,14.6,379,4.055555555555555
2025-01-04 19:00:00-03:00,23.2,10.4,164,2.888888888888889
2025-01-04 20:00:00-03:00,20.9,10.9,18,3.0277777777777777
2025-01-04 21:00:00-03:00,19.8,10.6,0,2.944444444444444
2025-01-04 22:00:00-03:00,19.0,7.9,0,2.1944444444444446
2025-01-04 23:00:00-03:00,18.0,6.2,0,1.7222222222222223
2025-01-05 00:00:00-03:00,17.4,6.4,0,1.777777777777778
2025-01-05 01:00:00-03:00,17.3,7.1,0,1.972222222222222
2025-01-05 02:00:00-03:00,17.2,7.0,0,1.9444444444444444
2025-01-05 03:00:00-03:00,17.2,6.3,0,1.75
2025-01-05 04:00:00-03:00,16.7,6.7,0,1.8611111111111112
2025-01-05 05:00:00-03:00,16.5,9.2,0,2.555555555555556
2025-01-05 06:00:00-03:00,16.1,9.9,8,2.75
2025-01-05 07:00:00-03:00,17.6,9.4,139,2.611111111111111
2025-01-05 08:00:00-03:00,19.5,11.7,337,3.25
2025-01-05 09:00:00-03:00,21.4,11.1,526,3.083333333333333
2025-01-05 10:00:00-03:00,22.6,11.1,608,3.083333333333333
2025-01-05 11:00:00-03:00,23.8,12.1,756,3.3611111111111107
2025-01-05 12:00:00-03:00,24.7,12.7,819,3.5277777777777777
2025-01-05 13:00:00-03:00,25.4,12.8,894,3.555555555555556
2025-01-05 14:00:00-03:00,26.3,12.0,956,3.333333333333333
2025-01-05 15:00:00-03:00,26.1,10.1,766,2.805555555555556
2025-01-05 16:00:00-03:00,25.5,12.0,519,3.333333333333333
2025-01-05 17:00:00-03:00,24.7,13.4,452,3.7222222222222223
2025-01-05 18:00:00-03:00,23.2,13.2,227,3.6666666666666665
2025-01-05 19:00:00-03:00,22.0,10.6,122,2.944444444444444
2025-01-05 20:00:00-03:00,20.3,10.9,17,3.0277777777777777
2025-01-05 21:00:00-03:00,19.4,10.4,0,2.888888888888889
2025-01-05 22:00:00-03:00,18.5,7.2,0,2.0
2025-01-05 23:00:00-03:00,17.4,5.3,0,1.472222222222222
2025-01-06 00:00:00-03:00,17.0,5.1,0,1.4166666666666663
2025-01-06 01:00:00-03:00,16.8,6.3,0,1.75
2025-01-06 02:00:00-03:00,16.4,5.7,0,1.5833333333333333
2025-01-06 03:00:00-03:00,16.2,6.3,0,1.75
2025-01-06 04:00:00-03:00,16.3,6.5,0,1.805555555555556
2025-01-06 05:00:00-03:00,16.3,6.7,0,1.8611111111111112
2025-01-06 06:00:00-03:00,16.5,7.5,8,2.083333333333333
2025-01-06 07:00:00-03:00,18.2,7.0,127,1.9444444444444444
2025-01-06 08:00:00-03:00,20.5,8.8,336,2.4444444444444446
2025-01-06 09:00:00-03:00,22.2,10.2,495,2.833333333333333
2025-01-06 10:00:00-03:00,23.0,9.4,601,2.611111111111111
2025-01-06 11:00:00-03:00,23.8,10.0,776,2.7777777777777777
2025-01-06 12:00:00-03:00,24.5,11.0,812,3.055555555555556
2025-01-06 13:00:00-03:00,24.9,11.5,841,3.194444444444444
2025-01-06 14:00:00-03:00,24.9,12.5,713,3.4722222222222223
2025-01-06 15:00:00-03:00,24.5,13.4,602,3.7222222222222223
2025-01-06 16:00:00-03:00,23.7,13.8,352,3.8333333333333335
2025-01-06 17:00:00-03:00,23.6,14.6,527,4.055555555555555
2025-01-06 18:00:00-03:00,22.3,15.4,284,4.277777777777778
2025-01-06 19:00:00-03:00,21.2,11.2,166,3.1111111111111107
2025-01-06 20:00:00-03:00,19.9,9.5,17,2.638888888888889
2025-01-06 21:00:00-03:00,19.0,7.5,0,2.083333333333333
2025-01-06 22:00:00-03:00,17.7,4.8,0,1.3333333333333333
2025-01-06 23:00:00-03:00,17.4,5.0,0,1.3888888888888888
2025-01-07 00:00:00-03:00,17.2,5.9,0,1.6388888888888888
2025-01-07 01:00:00-03:00,16.8,4.7,0,1.3055555555555556
2025-01-07 02:00:00-03:00,16.7,1.6,0,0.4444444444444445
2025-01-07 03:00:00-03:00,15.7,2.1,0,0.5833333333333334
2025-01-07 04:00:00-03:00,14.9,3.7,0,1.027777777777778
2025-01-07 05:00:00-03:00,14.9,4.6,0,1.2777777777777777
2025-01-07 06:00:00-03:00,15.1,6.7,7,1.8611111111111112
2025-01-07 07:00:00-03:00,17.5,6.1,129,1.6944444444444442
2025-01-07 08:00:00-03:00,20.3,5.9,333,1.6388888888888888
2025-01-07 09:00:00-03:00,22.0,6.4,533,1.777777777777778
2025-01-07 10:00:00-03:00,23.3,7.9,658,2.1944444444444446
2025-01-07 11:00:00-03:00,23.8,7.5,643,2.083333333333333
2025-01-07 12:00:00-03:00,23.9,7.6,533,2.111111111111111
2025-01-07 13:00:00-03:00,24.6,7.7,604,2.138888888888889
2025-01-07 14:00:00-03:00,25.7,8.5,874,2.361111111111111
2025-01-07 15:00:00-03:00,25.8,11.1,886,3.083333333333333
2025-01-07 16:00:00-03:00,24.8,13.2,650,3.6666666666666665
2025-01-07 17:00:00-03:00,23.7,13.4,521,3.7222222222222223
2025-01-07 18:00:00-03:00,22.5,13.9,390,3.861111111111111
2025-01-07 19:00:00-03:00,21.3,11.0,175,3.055555555555556
2025-01-07 20:00:00-03:00,19.9,9.8,18,2.7222222222222223
2025-01-07 21:00:00-03:00,19.6,8.5,0,2.361111111111111
2025-01-07 22:00:00-03:00,19.2,7.3,0,2.0277777777777777
2025-01-07 23:00:00-03:00,19.8,10.5,0,2.9166666666666665
2025-01-08 00:00:00-03:00,19.5,7.2,0,2.0
2025-01-08 01:00:00-03:00,19.6,7.0,0,1.9444444444444444
2025-01-08 02:00:00-03:00,19.1,6.0,0,1.6666666666666663
2025-01-08 03:00:00-03:00,18.4,5.8,0,1.611111111111111
2025-01-08 04:00:00-03:00,18.7,5.7,0,1.5833333333333333
2025-01-08 05:00:00-03:00,19.0,6.4,0,1.777777777777778
2025-01-08 06:00:00-03:00,18.8,8.0,6,2.2222222222222223
2025-01-08 07:00:00-03:00,20.3,9.5,108,2.638888888888889
2025-01-08 08:00:00-03:00,21.7,11.1,302,3.083333333333333
2025-01-08 09:00:00-03:00,23.0,10.7,546,2.972222222222222
2025-01-08 10:00:00-03:00,24.4,10.5,691,2.9166666666666665
2025-01-08 11:00:00-03:00,25.2,11.5,795,3.194444444444444
2025-01-08 12:00:00-03:00,25.7,12.5,851,3.4722222222222223
2025-01-08 13:00:00-03:00,26.1,13.4,877,3.7222222222222223
2025-01-08 14:00:00-03:00,26.1,14.1,815,3.9166666666666665
2025-01-08 15:00:00-03:00,25.3,16.1,622,4.472222222222222
2025-01-08 16:00:00-03:00,24.3,16.3,384,4.527777777777778
2025-01-08 17:00:00-03:00,24.5,15.9,612,4.416666666666667
2025-01-08 18:00:00-03:00,24.0,14.5,398,4.027777777777778
2025-01-08 19:00:00-03:00,22.4,13.6,169,3.7777777777777777
2025-01-08 20:00:00-03:00,21.6,12.4,15,3.4444444444444446
2025-01-08 21:00:00-03:00,21.0,13.7,0,3.8055555555555554
2025-01-08 22:00:00-03:00,20.9,13.5,0,3.75
2025-01-08 23:00:00-03:00,21.1,12.9,0,3.583333333333333
2025-01-09 00:00:00-03:00,20.8,11.1,0,3.083333333333333
2025-01-09 01:00:00-03:00,20.5,10.3,0,2.861111111111111
2025-01-09 02:00:00-03:00,20.3,10.5,0,2.9166666666666665
2025-01-09 03:00:00-03:00,20.1,8.6,0,2.388888888888889
2025-01-09 04:00:00-03:00,20.0,8.1,0,2.25
2025-01-09 05:00:00-03:00,19.7,8.6,0,2.388888888888889
2025-01-09 06:00:00-03:00,19.0,6.1,6,1.6944444444444442
2025-01-09 07:00:00-03:00,21.2,9.2,111,2.555555555555556
2025-01-09 08:00:00-03:00,22.9,14.4,308,4.0
2025-01-09 09:00:00-03:00,23.9,17.3,544,4.805555555555555
2025-01-09 10:00:00-03:00,25.2,16.2,707,4.5
2025-01-09 11:00:00-03:00,25.7,14.7,840,4.083333333333333
2025-01-09 12:00:00-03:00,26.2,14.8,966,4.111111111111112
2025-01-09 13:00:00-03:00,26.6,14.5,1075,4.027777777777778
2025-01-09 14:00:00-03:00,26.7,14.3,1046,3.9722222222222223
2025-01-09 15:00:00-03:00,26.8,13.5,964,3.75
2025-01-09 16:00:00-03:00,26.9,14.1,816,3.9166666666666665
2025-01-09 17:00:00-03:00,25.8,17.1,616,4.75
2025-01-09 18:00:00-03:00,24.7,16.4,331,4.555555555555555
2025-01-09 19:00:00-03:00,23.5,14.5,164,4.027777777777778
2025-01-09 20:00:00-03:00,22.6,14.5,18,4.027777777777778
2025-01-09 21:00:00-03:00,22.2,13.3,0,3.6944444444444446
2025-01-09 22:00:00-03:00,22.0,10.8,0,3.0
2025-01-09 23:00:00-03:00,21.8,11.8,0,3.2777777777777777
2025-01-10 00:00:00-03:00,22.2,12.4,0,3.4444444444444446
2025-01-10 01:00:00-03:00,21.7,12.0,0,3.333333333333333
2025-01-10 02:00:00-03:00,21.3,10.3,0,2.861111111111111
2025-01-10 03:00:00-03:00,21.4,8.6,0,2.388888888888889
2025-01-10 04:00:00-03:00,20.8,7.5,0,2.083333333333333
2025-01-10 05:00:00-03:00,19.7,6.3,0,1.75
2025-01-10 06:00:00-03:00,19.9,6.0,5,1.6666666666666663
2025-01-10 07:00:00-03:00,22.1,10.3,103,2.861111111111111
2025-01-10 08:00:00-03:00,23.3,15.8,295,4.388888888888889
2025-01-10 09:00:00-03:00,24.1,17.4,525,4.833333333333333
2025-01-10 10:00:00-03:00,25.4,17.3,729,4.805555555555555
2025-01-10 11:00:00-03:00,25.9,17.7,878,4.916666666666666
2025-01-10 12:00:00-03:00,26.6,17.2,999,4.777777777777778
2025-01-10 13:00:00-03:00,27.4,16.6,1031,4.611111111111112
2025-01-10 14:00:00-03:00,27.4,18.2,1002,5.055555555555555
2025-01-10 15:00:00-03:00,26.5,19.6,879,5.444444444444445
2025-01-10 16:00:00-03:00,25.4,18.4,579,5.111111111111111
2025-01-10 17:00:00-03:00,25.0,18.8,562,5.222222222222222
2025-01-10 18:00:00-03:00,24.0,19.1,294,5.305555555555556
2025-01-10 19:00:00-03:00,22.9,16.9,139,4.694444444444444
2025-01-10 20:00:00-03:00,22.1,15.0,17,4.166666666666667
2025-01-10 21:00:00-03:00,21.6,14.1,0,3.9166666666666665
2025-01-10 22:00:00-03:00,21.2,12.6,0,3.5
2025-01-10 23:00:00-03:00,20.9,11.5,0,3.194444444444444
2025-01-11 00:00:00-03:00,20.5,10.9,0,3.0277777777777777
2025-01-11 01:00:00-03:00,20.0,10.4,0,2.888888888888889
2025-01-11 02:00:00-03:00,20.0,9.2,0,2.555555555555556
2025-01-11 03:00:00-03:00,19.9,8.4,0,2.333333333333333
2025-01-11 04:00:00-03:00,19.3,8.9,0,2.4722222222222223
2025-01-11 05:00:00-03:00,19.2,8.4,0,2.333333333333333
2025-01-11 06:00:00-03:00,19.4,7.2,5,2.0
2025-01-11 07:00:00-03:00,20.9,8.3,116,2.305555555555556
2025-01-11 08:00:00-03:00,22.2,11.0,303,3.055555555555556
2025-01-11 09:00:00-03:00,23.1,13.4,484,3.7222222222222223
2025-01-11 10:00:00-03:00,25.0,14.5,712,4.027777777777778
2025-01-11 11:00:00-03:00,25.7,14.8,866,4.111111111111112
2025-01-11 12:00:00-03:00,25.9,16.1,897,4.472222222222222
2025-01-11 13:00:00-03:00,26.1,17.2,960,4.777777777777778
2025-01-11 14:00:00-03:00,26.2,18.1,962,5.027777777777778
2025-01-11 15:00:00-03:00,25.8,17.9,837,4.972222222222221
2025-01-11 16:00:00-03:00,25.1,18.2,766,5.055555555555555
2025-01-11 17:00:00-03:00,24.4,17.5,585,4.861111111111111
2025-01-11 18:00:00-03:00,23.4,17.2,372,4.777777777777778
2025-01-11 19:00:00-03:00,22.3,13.3,163,3.6944444444444446
2025-01-11 20:00:00-03:00,21.2,10.7,18,2.972222222222222
2025-01-11 21:00:00-03:00,20.2,7.7,0,2.138888888888889
2025-01-11 22:00:00-03:00,20.2,8.6,0,2.388888888888889
2025-01-11 23:00:00-03:00,19.7,6.9,0,1.9166666666666667
2025-01-12 00:00:00-03:00,20.0,7.2,0,2.0
2025-01-12 01:00:00-03:00,19.7,6.7,0,1.8611111111111112
2025-01-12 02:00:00-03:00,18.9,5.3,0,1.472222222222222
2025-01-12 03:00:00-03:00,18.6,4.0,0,1.1111111111111112
2025-01-12 04:00:00-03:00,18.5,2.4,0,0.6666666666666666
2025-01-12 05:00:00-03:00,18.5,1.8,0,0.5
2025-01-12 06:00:00-03:00,18.4,3.7,4,1.027777777777778
2025-01-12 07:00:00-03:00,20.5,5.0,113,1.3888888888888888
2025-01-12 08:00:00-03:00,22.2,9.7,328,2.694444444444444
2025-01-12 09:00:00-03:00,23.3,11.5,528,3.194444444444444
2025-01-12 10:00:00-03:00,24.7,12.4,684,3.4444444444444446
2025-01-12 11:00:00-03:00,25.4,13.2,835,3.6666666666666665
2025-01-12 12:00:00-03:00,25.9,14.2,903,3.944444444444444
2025-01-12 13:00:00-03:00,26.3,14.9,993,4.138888888888889
2025-01-12 14:00:00-03:00,26.5,15.1,990,4.194444444444445
2025-01-12 15:00:00-03:00,26.1,15.2,866,4.222222222222222
2025-01-12 16:00:00-03:00,25.5,15.7,742,4.361111111111111
2025-01-12 17:00:00-03:00,24.5,15.4,556,4.277777777777778
2025-01-12 18:00:00-03:00,23.6,14.9,389,4.138888888888889
2025-01-12 19:00:00-03:00,22.6,11.2,169,3.1111111111111107
2025-01-12 20:00:00-03:00,21.8,11.0,16,3.055555555555556
2025-01-12 21:00:00-03:00,21.4,10.0,0,2.7777777777777777
2025-01-12 22:00:00-03:00,20.9,9.3,0,2.583333333333333
2025-01-12 23:00:00-03:00,21.0,9.7,0,2.694444444444444
2025-01-13 00:00:00-03:00,20.3,9.5,0,2.638888888888889
2025-01-13 01:00:00-03:00,20.7,9.4,0,2.611111111111111
2025-01-13 02:00:00-03:00,20.2,9.2,0,2.555555555555556
2025-01-13 03:00:00-03:00,20.0,8.9,0,2.4722222222222223
2025-01-13 04:00:00-03:00,19.4,7.7,0,2.138888888888889
2025-01-13 05:00:00-03:00,19.2,6.8,0,1.8888888888888888
2025-01-13 06:00:00-03:00,19.3,5.8,4,1.611111111111111
2025-01-13 07:00:00-03:00,21.3,5.6,82,1.5555555555555554
2025-01-13 08:00:00-03:00,22.7,7.3,254,2.0277777777777777
2025-01-13 09:00:00-03:00,23.8,12.6,435,3.5
2025-01-13 10:00:00-03:00,24.6,14.1,641,3.9166666666666665
2025-01-13 11:00:00-03:00,25.2,15.0,827,4.166666666666667
2025-01-13 12:00:00-03:00,25.5,16.5,929,4.583333333333333
2025-01-13 13:00:00-03:00,25.4,16.7,910,4.638888888888888
2025-01-13 14:00:00-03:00,25.4,17.3,921,4.805555555555555
2025-01-13 15:00:00-03:00,25.2,18.4,836,5.111111111111111
2025-01-13 16:00:00-03:00,25.1,18.0,730,5.0
2025-01-13 17:00:00-03:00,24.5,18.0,567,5.0
2025-01-13 18:00:00-03:00,23.7,16.4,361,4.555555555555555
2025-01-13 19:00:00-03:00,22.7,14.8,160,4.111111111111112
2025-01-13 20:00:00-03:00,21.9,12.4,17,3.4444444444444446
2025-01-13 21:00:00-03:00,21.6,13.0,0,3.611111111111111
2025-01-13 22:00:00-03:00,21.3,12.7,0,3.5277777777777777
2025-01-13 23:00:00-03:00,21.1,11.4,0,3.1666666666666665
2025-01-14 00:00:00-03:00,20.8,9.7,0,2.694444444444444
2025-01-14 01:00:00-03:00,20.6,9.6,0,2.6666666666666665
2025-01-14 02:00:00-03:00,20.2,9.1,0,2.5277777777777777
2025-01-14 03:00:00-03:00,20.1,9.3,0,2.583333333333333
2025-01-14 04:00:00-03:00,19.8,7.0,0,1.9444444444444444
2025-01-14 05:00:00-03:00,19.6,6.1,0,1.6944444444444442
2025-01-14 06:00:00-03:00,19.5,5.6,4,1.5555555555555554
2025-01-14 07:00:00-03:00,21.8,7.7,110,2.138888888888889
2025-01-14 08:00:00-03:00,23.3,13.3,309,3.6944444444444446
2025-01-14 09:00:00-03:00,24.2,14.9,514,4.138888888888889
2025-01-14 10:00:00-03:00,25.2,15.0,653,4.166666666666667
2025-01-14 11:00:00-03:00,26.2,15.4,878,4.277777777777778
2025-01-14 12:00:00-03:00,26.6,16.1,974,4.472222222222222
2025-01-14 13:00:00-03:00,26.5,16.5,967,4.583333333333333
2025-01-14 14:00:00-03:00,26.5,17.3,904,4.805555555555555
2025-01-14 15:00:00-03:00,26.4,18.1,830,5.027777777777778
2025-01-14 16:00:00-03:00,25.8,19.1,759,5.305555555555556
2025-01-14 17:00:00-03:00,25.6,19.3,605,5.361111111111112
2025-01-14 18:00:00-03:00,24.9,19.0,369,5.277777777777778
2025-01-14 19:00:00-03:00,23.6,17.0,160,4.722222222222222
2025-01-14 20:00:00-03:00,22.8,18.2,17,5.055555555555555
2025-01-14 21:00:00-03:00,22.6,17.1,0,4.75
2025-01-14 22:00:00-03:00,22.4,15.3,0,4.25
2025-01-14 23:00:00-03:00,22.2,14.9,0,4.138888888888889
2025-01-15 00:00:00-03:00,22.1,14.6,0,4.055555555555555
2025-01-15 01:00:00-03:00,21.9,12.9,0,3.583333333333333
2025-01-15 02:00:00-03:00,21.7,11.7,0,3.25
2025-01-15 03:00:00-03:00,21.7,13.2,0,3.6666666666666665
2025-01-15 04:00:00-03:00,21.9,13.4,0,3.7222222222222223
2025-01-15 05:00:00-03:00,21.7,11.6,0,3.222222222222222
2025-01-15 06:00:00-03:00,21.7,11.6,3,3.222222222222222
2025-01-15 07:00:00-03:00,23.1,14.0,100,3.888888888888889
2025-01-15 08:00:00-03:00,24.4,17.1,288,4.75
2025-01-15 09:00:00-03:00,25.6,14.8,500,4.111111111111112
2025-01-15 10:00:00-03:00,26.8,15.8,670,4.388888888888889
2025-01-15 11:00:00-03:00,27.4,13.6,692,3.7777777777777777
2025-01-15 12:00:00-03:00,27.9,13.1,848,3.638888888888889
2025-01-15 13:00:00-03:00,27.9,13.6,759,3.7777777777777777
2025-01-15 14:00:00-03:00,28.6,14.3,925,3.9722222222222223
2025-01-15 15:00:00-03:00,28.5,15.3,876,4.25
2025-01-15 16:00:00-03:00,28.2,15.9,752,4.416666666666667
2025-01-15 17:00:00-03:00,27.8,16.2,590,4.5
2025-01-15 18:00:00-03:00,27.0,15.7,371,4.361111111111111
2025-01-15 19:00:00-03:00,26.1,13.5,163,3.75
2025-01-15 20:00:00-03:00,25.3,14.8,17,4.111111111111112
2025-01-15 21:00:00-03:00,24.8,14.7,0,4.083333333333333
2025-01-15 22:00:00-03:00,24.0,13.2,0,3.6666666666666665
2025-01-15 23:00:00-03:00,23.6,12.8,0,3.555555555555556
2025-01-16 00:00:00-03:00,23.4,12.9,0,3.583333333333333
2025-01-16 01:00:00-03:00,23.3,12.3,0,3.416666666666667
2025-01-16 02:00:00-03:00,23.3,12.7,0,3.5277777777777777
2025-01-16 03:00:00-03:00,23.1,11.8,0,3.2777777777777777
2025-01-16 04:00:00-03:00,23.1,11.5,0,3.194444444444444
2025-01-16 05:00:00-03:00,23.0,11.2,0,3.1111111111111107
2025-01-16 06:00:00-03:00,23.1,10.8,3,3.0
2025-01-16 07:00:00-03:00,24.3,11.7,99,3.25
2025-01-16 08:00:00-03:00,25.6,15.2,289,4.222222222222222
2025-01-16 09:00:00-03:00,27.0,13.8,491,3.8333333333333335
2025-01-16 10:00:00-03:00,28.2,12.1,702,3.3611111111111107
2025-01-16 11:00:00-03:00,28.9,11.7,846,3.25
2025-01-16 12:00:00-03:00,29.4,12.5,986,3.4722222222222223
2025-01-16 13:00:00-03:00,29.4,12.9,961,3.583333333333333
2025-01-16 14:00:00-03:00,28.8,13.9,892,3.861111111111111
2025-01-16 15:00:00-03:00,28.8,12.6,453,3.5
2025-01-16 16:00:00-03:00,28.6,12.3,404,3.416666666666667
2025-01-16 17:00:00-03:00,28.4,11.8,317,3.2777777777777777
2025-01-16 18:00:00-03:00,27.8,11.7,205,3.25
2025-01-16 19:00:00-03:00,26.8,11.6,87,3.222222222222222
2025-01-16 20:00:00-03:00,26.3,13.0,11,3.611111111111111
2025-01-16 21:00:00-03:00,25.7,15.1,0,4.194444444444445
2025-01-16 22:00:00-03:00,25.0,14.7,0,4.083333333333333
2025-01-16 23:00:00-03:00,24.8,14.3,0,3.9722222222222223
2025-01-17 00:00:00-03:00,24.6,13.4,0,3.7222222222222223
2025-01-17 01:00:00-03:00,24.2,14.5,0,4.027777777777778
2025-01-17 02:00:00-03:00,24.1,13.8,0,3.8333333333333335
2025-01-17 03:00:00-03:00,23.9,9.9,0,2.75
2025-01-17 04:00:00-03:00,23.6,8.1,0,2.25
2025-01-17 05:00:00-03:00,23.1,5.4,0,1.5
2025-01-17 06:00:00-03:00,22.6,7.6,2,2.111111111111111
2025-01-17 07:00:00-03:00,23.5,4.5,90,1.25
2025-01-17 08:00:00-03:00,25.2,7.6,284,2.111111111111111
2025-01-17 09:00:00-03:00,26.3,5.1,347,1.4166666666666663
2025-01-17 10:00:00-03:00,28.8,7.5,671,2.083333333333333
2025-01-17 11:00:00-03:00,29.9,3.1,807,0.8611111111111112
2025-01-17 12:00:00-03:00,29.4,2.2,909,0.6111111111111112
2025-01-17 13:00:00-03:00,26.9,12.2,696,3.3888888888888884
2025-01-17 14:00:00-03:00,27.0,2.5,448,0.6944444444444444
2025-01-17 15:00:00-03:00,26.8,2.8,337,0.7777777777777777
2025-01-17 16:00:00-03:00,26.7,1.0,200,0.2777777777777778
2025-01-17 17:00:00-03:00,26.7,1.7,314,0.4722222222222222
2025-01-17 18:00:00-03:00,27.0,5.0,355,1.3888888888888888
2025-01-17 19:00:00-03:00,25.1,3.4,156,0.9444444444444444
2025-01-17 20:00:00-03:00,24.1,1.5,15,0.4166666666666666
2025-01-17 21:00:00-03:00,23.9,4.1,0,1.1388888888888888
2025-01-17 22:00:00-03:00,22.9,2.4,0,0.6666666666666666
2025-01-17 23:00:00-03:00,22.6,2.9,0,0.8055555555555555
2025-01-18 00:00:00-03:00,22.5,5.9,0,1.6388888888888888
2025-01-18 01:00:00-03:00,22.5,8.4,0,2.333333333333333
2025-01-18 02:00:00-03:00,22.8,7.7,0,2.138888888888889
2025-01-18 03:00:00-03:00,22.9,6.7,0,1.8611111111111112
2025-01-18 04:00:00-03:00,23.1,6.2,0,1.7222222222222223
2025-01-18 05:00:00-03:00,23.2,8.8,0,2.4444444444444446
2025-01-18 06:00:00-03:00,22.9,10.3,1,2.861111111111111
2025-01-18 07:00:00-03:00,22.8,9.8,33,2.7222222222222223
2025-01-18 08:00:00-03:00,23.5,10.0,116,2.7777777777777777
2025-01-18 09:00:00-03:00,24.9,10.0,262,2.7777777777777777
2025-01-18 10:00:00-03:00,26.9,12.4,650,3.4444444444444446
2025-01-18 11:00:00-03:00,28.0,12.2,767,3.3888888888888884
2025-01-18 12:00:00-03:00,28.8,13.6,876,3.7777777777777777
2025-01-18 13:00:00-03:00,28.6,13.9,972,3.861111111111111
2025-01-18 14:00:00-03:00,28.5,13.5,758,3.75
2025-01-18 15:00:00-03:00,29.0,13.9,880,3.861111111111111
2025-01-18 16:00:00-03:00,28.3,15.0,741,4.166666666666667
2025-01-18 17:00:00-03:00,27.0,14.8,575,4.111111111111112
2025-01-18 18:00:00-03:00,26.2,13.0,358,3.611111111111111
2025-01-18 19:00:00-03:00,25.0,10.4,153,2.888888888888889
2025-01-18 20:00:00-03:00,24.0,8.1,15,2.25
2025-01-18 21:00:00-03:00,23.7,6.4,0,1.777777777777778
2025-01-18 22:00:00-03:00,23.3,6.9,0,1.9166666666666667
2025-01-18 23:00:00-03:00,22.9,4.7,0,1.3055555555555556
2025-01-19 00:00:00-03:00,22.7,4.1,0,1.1388888888888888
2025-01-19 01:00:00-03:00,23.1,4.3,0,1.1944444444444444
2025-01-19 02:00:00-03:00,23.2,4.2,0,1.1666666666666667
2025-01-19 03:00:00-03:00,22.9,3.1,0,0.8611111111111112
2025-01-19 04:00:00-03:00,23.0,4.9,0,1.3611111111111112
2025-01-19 05:00:00-03:00,22.9,4.3,0,1.1944444444444444
2025-01-19 06:00:00-03:00,22.9,2.9,1,0.8055555555555555
2025-01-19 07:00:00-03:00,23.6,3.3,77,0.9166666666666666
2025-01-19 08:00:00-03:00,24.0,4.5,80,1.25
2025-01-19 09:00:00-03:00,24.8,5.1,166,1.4166666666666663
2025-01-19 10:00:00-03:00,26.7,4.2,548,1.1666666666666667
2025-01-19 11:00:00-03:00,28.1,2.3,680,0.6388888888888888
2025-01-19 12:00:00-03:00,29.1,1.6,626,0.4444444444444445
2025-01-19 13:00:00-03:00,29.8,1.4,694,0.3888888888888888
2025-01-19 14:00:00-03:00,28.6,12.9,822,3.583333333333333
2025-01-19 15:00:00-03:00,27.1,8.2,527,2.2777777777777777
2025-01-19 16:00:00-03:00,27.5,9.7,551,2.694444444444444
2025-01-19 17:00:00-03:00,25.2,12.3,314,3.416666666666667
2025-01-19 18:00:00-03:00,25.0,8.3,111,2.305555555555556
2025-01-19 19:00:00-03:00,24.0,4.9,77,1.3611111111111112
2025-01-19 20:00:00-03:00,23.7,5.5,4,1.5277777777777777
2025-01-19 21:00:00-03:00,23.3,8.1,0,2.25
2025-01-19 22:00:00-03:00,22.3,7.0,0,1.9444444444444444
2025-01-19 23:00:00-03:00,22.1,6.0,0,1.6666666666666663
2025-01-20 00:00:00-03:00,21.7,2.1,0,0.5833333333333334
2025-01-20 01:00:00-03:00,22.1,2.7,0,0.75
2025-01-20 02:00:00-03:00,21.9,8.3,0,2.305555555555556
2025-01-20 03:00:00-03:00,21.8,4.7,0,1.3055555555555556
2025-01-20 04:00:00-03:00,21.8,8.8,0,2.4444444444444446
2025-01-20 05:00:00-03:00,21.6,10.9,0,3.0277777777777777
2025-01-20 06:00:00-03:00,21.7,9.0,1,2.5
2025-01-20 07:00:00-03:00,21.7,9.8,36,2.7222222222222223
2025-01-20 08:00:00-03:00,22.9,9.6,263,2.6666666666666665
2025-01-20 09:00:00-03:00,23.3,10.2,223,2.833333333333333
2025-01-20 10:00:00-03:00,26.4,4.8,590,1.3333333333333333
2025-01-20 11:00:00-03:00,25.0,10.1,238,2.805555555555556
2025-01-20 12:00:00-03:00,24.6,5.5,742,1.5277777777777777
2025-01-20 13:00:00-03:00,24.5,4.8,706,1.3333333333333333
2025-01-20 14:00:00-03:00,24.8,3.6,598,1.0
2025-01-20 15:00:00-03:00,23.1,11.1,425,3.083333333333333
2025-01-20 16:00:00-03:00,26.2,10.3,660,2.861111111111111
2025-01-20 17:00:00-03:00,25.7,11.9,581,3.305555555555556
2025-01-20 18:00:00-03:00,24.4,10.6,227,2.944444444444444
2025-01-20 19:00:00-03:00,23.0,12.2,126,3.3888888888888884
2025-01-20 20:00:00-03:00,22.2,11.9,12,3.305555555555556
2025-01-20 21:00:00-03:00,21.4,18.0,0,5.0
2025-01-20 22:00:00-03:00,21.7,9.7,0,2.694444444444444
2025-01-20 23:00:00-03:00,21.5,11.8,0,3.2777777777777777
2025-01-21 00:00:00-03:00,21.2,15.9,0,4.416666666666667
2025-01-21 01:00:00-03:00,20.6,10.5,0,2.9166666666666665
2025-01-21 02:00:00-03:00,21.0,10.1,0,2.805555555555556
2025-01-21 03:00:00-03:00,20.9,11.1,0,3.083333333333333
2025-01-21 04:00:00-03:00,20.1,8.9,0,2.4722222222222223
2025-01-21 05:00:00-03:00,20.3,8.1,0,2.25
2025-01-21 06:00:00-03:00,20.3,8.7,1,2.4166666666666665
2025-01-21 07:00:00-03:00,21.1,9.5,64,2.638888888888889
2025-01-21 08:00:00-03:00,21.9,7.6,164,2.111111111111111
2025-01-21 09:00:00-03:00,22.6,9.8,429,2.7222222222222223
2025-01-21 10:00:00-03:00,25.6,11.7,548,3.25
2025-01-21 11:00:00-03:00,22.9,9.4,314,2.611111111111111
2025-01-21 12:00:00-03:00,25.4,5.8,583,1.611111111111111
2025-01-21 13:00:00-03:00,26.6,11.6,855,3.222222222222222
2025-01-21 14:00:00-03:00,23.4,9.0,701,2.5
2025-01-21 15:00:00-03:00,26.5,9.1,732,2.5277777777777777
2025-01-21 16:00:00-03:00,25.8,12.9,661,3.583333333333333
2025-01-21 17:00:00-03:00,25.3,13.8,498,3.8333333333333335
2025-01-21 18:00:00-03:00,24.4,12.8,243,3.555555555555556
2025-01-21 19:00:00-03:00,23.7,11.5,150,3.194444444444444
2025-01-21 20:00:00-03:00,22.9,8.7,13,2.4166666666666665
2025-01-21 21:00:00-03:00,22.6,8.6,0,2.388888888888889
2025-01-21 22:00:00-03:00,22.6,8.9,0,2.4722222222222223
2025-01-21 23:00:00-03:00,22.3,8.6,0,2.388888888888889
2025-01-22 00:00:00-03:00,21.9,5.2,0,1.4444444444444444
2025-01-22 01:00:00-03:00,21.5,2.0,0,0.5555555555555556
2025-01-22 02:00:00-03:00,21.4,1.2,0,0.3333333333333333
2025-01-22 03:00:00-03:00,20.4,3.6,0,1.0
2025-01-22 04:00:00-03:00,20.4,5.0,0,1.3888888888888888
2025-01-22 05:00:00-03:00,20.1,4.5,0,1.25
2025-01-22 06:00:00-03:00,19.7,3.8,1,1.0555555555555556
2025-01-22 07:00:00-03:00,20.8,3.1,80,0.8611111111111112
2025-01-22 08:00:00-03:00,23.3,1.9,286,0.5277777777777778
2025-01-22 09:00:00-03:00,25.5,5.4,520,1.5
2025-01-22 10:00:00-03:00,27.1,3.5,685,0.9722222222222222
2025-01-22 11:00:00-03:00,28.3,3.5,810,0.9722222222222222
2025-01-22 12:00:00-03:00,29.2,3.1,891,0.8611111111111112
2025-01-22 13:00:00-03:00,30.1,1.7,926,0.4722222222222222
2025-01-22 14:00:00-03:00,30.7,1.4,926,0.3888888888888888
2025-01-22 15:00:00-03:00,31.0,2.5,862,0.6944444444444444
2025-01-22 16:00:00-03:00,30.5,5.2,677,1.4444444444444444
2025-01-22 17:00:00-03:00,29.2,10.3,563,2.861111111111111
2025-01-22 18:00:00-03:00,28.0,10.2,354,2.833333333333333
2025-01-22 19:00:00-03:00,27.0,6.3,161,1.75
2025-01-22 20:00:00-03:00,25.6,10.6,15,2.944444444444444
2025-01-22 21:00:00-03:00,25.0,8.8,0,2.4444444444444446
2025-01-22 22:00:00-03:00,24.8,10.0,0,2.7777777777777777
2025-01-22 23:00:00-03:00,24.6,9.2,0,2.555555555555556
2025-01-23 00:00:00-03:00,24.2,8.2,0,2.2777777777777777
2025-01-23 01:00:00-03:00,23.8,7.5,0,2.083333333333333
2025-01-23 02:00:00-03:00,23.3,8.5,0,2.361111111111111
2025-01-23 03:00:00-03:00,22.8,7.4,0,2.055555555555556
2025-01-23 04:00:00-03:00,22.0,5.1,0,1.4166666666666663
2025-01-23 05:00:00-03:00,21.5,4.2,0,1.1666666666666667
2025-01-23 06:00:00-03:00,21.3,5.4,1,1.5
2025-01-23 07:00:00-03:00,23.1,7.2,92,2.0
2025-01-23 08:00:00-03:00,25.5,5.2,302,1.4444444444444444
2025-01-23 09:00:00-03:00,27.6,6.1,517,1.6944444444444442
2025-01-23 10:00:00-03:00,29.4,6.9,734,1.9166666666666667
2025-01-23 11:00:00-03:00,30.7,7.2,898,2.0
2025-01-23 12:00:00-03:00,31.5,8.1,981,2.25
2025-01-23 13:00:00-03:00,31.7,10.2,1001,2.833333333333333
2025-01-23 14:00:00-03:00,31.6,12.3,1021,3.416666666666667
2025-01-23 15:00:00-03:00,31.1,13.1,911,3.638888888888889
2025-01-23 16:00:00-03:00,30.6,12.9,787,3.583333333333333
2025-01-23 17:00:00-03:00,29.6,14.0,513,3.888888888888889
2025-01-23 18:00:00-03:00,28.3,14.4,366,4.0
2025-01-23 19:00:00-03:00,26.7,12.1,163,3.3611111111111107
2025-01-23 20:00:00-03:00,25.6,13.0,15,3.611111111111111
2025-01-23 21:00:00-03:00,25.3,13.7,0,3.8055555555555554
2025-01-23 22:00:00-03:00,24.8,12.2,0,3.3888888888888884
2025-01-23 23:00:00-03:00,24.7,12.7,0,3.5277777777777777
2025-01-24 00:00:00-03:00,24.7,12.9,0,3.583333333333333
2025-01-24 01:00:00-03:00,24.8,13.2,0,3.6666666666666665
2025-01-24 02:00:00-03:00,24.6,11.6,0,3.222222222222222
2025-01-24 03:00:00-03:00,24.1,10.0,0,2.7777777777777777
2025-01-24 04:00:00-03:00,23.6,9.8,0,2.7222222222222223
2025-01-24 05:00:00-03:00,23.3,9.4,0,2.611111111111111
2025-01-24 06:00:00-03:00,23.5,8.6,1,2.388888888888889
2025-01-24 07:00:00-03:00,24.8,9.5,81,2.638888888888889
2025-01-24 08:00:00-03:00,26.7,6.8,286,1.8888888888888888
2025-01-24 09:00:00-03:00,28.2,8.3,489,2.305555555555556
2025-01-24 10:00:00-03:00,30.0,7.2,646,2.0
2025-01-24 11:00:00-03:00,31.6,7.6,862,2.111111111111111
2025-01-24 12:00:00-03:00,32.5,5.8,902,1.611111111111111
2025-01-24 13:00:00-03:00,32.3,9.7,941,2.694444444444444
2025-01-24 14:00:00-03:00,31.1,6.9,776,1.9166666666666667
2025-01-24 15:00:00-03:00,30.2,12.6,632,3.5
2025-01-24 16:00:00-03:00,29.7,2.9,707,0.8055555555555555
2025-01-24 17:00:00-03:00,29.2,10.7,381,2.972222222222222
2025-01-24 18:00:00-03:00,28.4,12.6,309,3.5
2025-01-24 19:00:00-03:00,27.4,12.9,109,3.583333333333333
2025-01-24 20:00:00-03:00,26.5,12.0,3,3.333333333333333
2025-01-24 21:00:00-03:00,25.6,4.2,0,1.1666666666666667
2025-01-24 22:00:00-03:00,25.4,7.0,0,1.9444444444444444
2025-01-24 23:00:00-03:00,24.8,7.1,0,1.972222222222222
2025-01-25 00:00:00-03:00,24.2,5.9,0,1.6388888888888888
2025-01-25 01:00:00-03:00,23.5,2.4,0,0.6666666666666666
2025-01-25 02:00:00-03:00,23.4,2.8,0,0.7777777777777777
2025-01-25 03:00:00-03:00,23.2,7.1,0,1.972222222222222
2025-01-25 04:00:00-03:00,23.0,8.7,0,2.4166666666666665
2025-01-25 05:00:00-03:00,22.8,9.0,0,2.5
2025-01-25 06:00:00-03:00,22.7,8.8,0,2.4444444444444446
2025-01-25 07:00:00-03:00,23.5,11.3,72,3.138888888888889
2025-01-25 08:00:00-03:00,24.9,14.8,266,4.111111111111112
2025-01-25 09:00:00-03:00,25.7,16.8,270,4.666666666666667
2025-01-25 10:00:00-03:00,27.8,15.0,590,4.166666666666667
2025-01-25 11:00:00-03:00,29.1,13.3,762,3.6944444444444446
2025-01-25 12:00:00-03:00,29.6,13.6,553,3.7777777777777777
2025-01-25 13:00:00-03:00,29.5,12.4,455,3.4444444444444446
2025-01-25 14:00:00-03:00,28.5,16.8,619,4.666666666666667
2025-01-25 15:00:00-03:00,28.6,17.0,559,4.722222222222222
2025-01-25 16:00:00-03:00,28.7,18.5,706,5.138888888888888
2025-01-25 17:00:00-03:00,27.8,17.2,544,4.777777777777778
2025-01-25 18:00:00-03:00,26.7,15.3,362,4.25
2025-01-25 19:00:00-03:00,25.2,13.0,156,3.611111111111111
2025-01-25 20:00:00-03:00,23.8,11.0,14,3.055555555555556
2025-01-25 21:00:00-03:00,23.3,9.7,0,2.694444444444444
2025-01-25 22:00:00-03:00,22.6,8.0,0,2.2222222222222223
2025-01-25 23:00:00-03:00,22.1,8.8,0,2.4444444444444446
2025-01-26 00:00:00-03:00,22.0,9.2,0,2.555555555555556
2025-01-26 01:00:00-03:00,20.8,6.7,0,1.8611111111111112
2025-01-26 02:00:00-03:00,19.7,5.6,0,1.5555555555555554
2025-01-26 03:00:00-03:00,19.3,6.3,0,1.75
2025-01-26 04:00:00-03:00,18.9,6.9,0,1.9166666666666667
2025-01-26 05:00:00-03:00,18.6,7.4,0,2.055555555555556
2025-01-26 06:00:00-03:00,18.4,6.8,0,1.8888888888888888
2025-01-26 07:00:00-03:00,19.9,6.6,91,1.8333333333333333
2025-01-26 08:00:00-03:00,22.4,7.0,305,1.9444444444444444
2025-01-26 09:00:00-03:00,24.0,9.5,535,2.638888888888889
2025-01-26 10:00:00-03:00,25.8,10.8,729,3.0
2025-01-26 11:00:00-03:00,26.6,12.2,905,3.3888888888888884
2025-01-26 12:00:00-03:00,27.1,13.3,1016,3.6944444444444446
2025-01-26 13:00:00-03:00,27.5,13.1,1061,3.638888888888889
2025-01-26 14:00:00-03:00,27.6,13.8,1043,3.8333333333333335
2025-01-26 15:00:00-03:00,27.3,15.2,957,4.222222222222222
2025-01-26 16:00:00-03:00,26.7,16.0,813,4.444444444444445
2025-01-26 17:00:00-03:00,25.9,15.9,619,4.416666666666667
2025-01-26 18:00:00-03:00,24.8,14.8,394,4.111111111111112
2025-01-26 19:00:00-03:00,23.4,12.4,165,3.4444444444444446
2025-01-26 20:00:00-03:00,22.5,12.8,13,3.555555555555556
2025-01-26 21:00:00-03:00,22.2,11.7,0,3.25
2025-01-26 22:00:00-03:00,22.1,13.5,0,3.75
2025-01-26 23:00:00-03:00,22.1,13.4,0,3.7222222222222223
2025-01-27 00:00:00-03:00,21.7,12.4,0,3.4444444444444446
2025-01-27 01:00:00-03:00,21.4,12.0,0,3.333333333333333
2025-01-27 02:00:00-03:00,21.4,12.2,0,3.3888888888888884
2025-01-27 03:00:00-03:00,21.1,10.7,0,2.972222222222222
2025-01-27 04:00:00-03:00,20.9,9.6,0,2.6666666666666665
2025-01-27 05:00:00-03:00,20.3,7.4,0,2.055555555555556
2025-01-27 06:00:00-03:00,19.5,5.8,0,1.611111111111111
2025-01-27 07:00:00-03:00,21.4,6.7,77,1.8611111111111112
2025-01-27 08:00:00-03:00,23.3,9.8,252,2.7222222222222223
2025-01-27 09:00:00-03:00,24.0,14.5,360,4.027777777777778
2025-01-27 10:00:00-03:00,25.3,15.1,555,4.194444444444445
2025-01-27 11:00:00-03:00,26.2,15.9,823,4.416666666666667
2025-01-27 12:00:00-03:00,27.0,16.2,938,4.5
2025-01-27 13:00:00-03:00,28.4,15.9,1002,4.416666666666667
2025-01-27 14:00:00-03:00,27.3,18.0,755,5.0
2025-01-27 15:00:00-03:00,27.5,16.4,798,4.555555555555555
2025-01-27 16:00:00-03:00,27.9,14.2,650,3.944444444444444
2025-01-27 17:00:00-03:00,26.7,19.0,309,5.277777777777778
2025-01-27 18:00:00-03:00,25.3,19.2,135,5.333333333333333
2025-01-27 19:00:00-03:00,25.2,14.9,144,4.138888888888889
2025-01-27 20:00:00-03:00,24.6,14.3,12,3.9722222222222223
2025-01-27 21:00:00-03:00,24.4,14.9,0,4.138888888888889
2025-01-27 22:00:00-03:00,23.1,10.7,0,2.972222222222222
2025-01-27 23:00:00-03:00,23.1,9.4,0,2.611111111111111
2025-01-28 00:00:00-03:00,23.5,11.0,0,3.055555555555556
2025-01-28 01:00:00-03:00,23.5,11.3,0,3.138888888888889
2025-01-28 02:00:00-03:00,23.5,10.7,0,2.972222222222222
2025-01-28 03:00:00-03:00,23.0,6.5,0,1.805555555555556
2025-01-28 04:00:00-03:00,22.7,1.2,0,0.3333333333333333
2025-01-28 05:00:00-03:00,22.7,0.7,0,0.1944444444444444
2025-01-28 06:00:00-03:00,22.4,1.9,0,0.5277777777777778
2025-01-28 07:00:00-03:00,23.9,2.2,71,0.6111111111111112
2025-01-28 08:00:00-03:00,25.3,4.1,246,1.1388888888888888
2025-01-28 09:00:00-03:00,25.3,9.0,331,2.5
2025-01-28 10:00:00-03:00,26.7,9.4,492,2.611111111111111
2025-01-28 11:00:00-03:00,27.9,10.3,795,2.861111111111111
2025-01-28 12:00:00-03:00,27.9,12.9,856,3.583333333333333
2025-01-28 13:00:00-03:00,28.4,11.1,862,3.083333333333333
2025-01-28 14:00:00-03:00,28.1,10.7,786,2.972222222222222
2025-01-28 15:00:00-03:00,27.0,13.8,628,3.8333333333333335
2025-01-28 16:00:00-03:00,26.8,14.3,530,3.9722222222222223
2025-01-28 17:00:00-03:00,27.0,14.0,433,3.888888888888889
2025-01-28 18:00:00-03:00,26.4,13.7,333,3.8055555555555554
2025-01-28 19:00:00-03:00,25.4,11.4,128,3.1666666666666665
2025-01-28 20:00:00-03:00,24.4,11.0,11,3.055555555555556
2025-01-28 21:00:00-03:00,23.9,10.8,0,3.0
2025-01-28 22:00:00-03:00,23.0,12.2,0,3.3888888888888884
2025-01-28 23:00:00-03:00,22.9,11.7,0,3.25
2025-01-29 00:00:00-03:00,21.8,11.3,0,3.138888888888889
2025-01-29 01:00:00-03:00,21.9,7.6,0,2.111111111111111
2025-01-29 02:00:00-03:00,22.4,10.1,0,2.805555555555556
2025-01-29 03:00:00-03:00,22.1,10.8,0,3.0
2025-01-29 04:00:00-03:00,22.1,6.6,0,1.8333333333333333
2025-01-29 05:00:00-03:00,22.2,6.2,0,1.7222222222222223
2025-01-29 06:00:00-03:00,22.0,7.3,0,2.0277777777777777
2025-01-29 07:00:00-03:00,22.4,11.7,39,3.25
2025-01-29 08:00:00-03:00,23.8,15.7,179,4.361111111111111
2025-01-29 09:00:00-03:00,24.8,15.6,325,4.333333333333333
2025-01-29 10:00:00-03:00,26.2,12.8,613,3.555555555555556
2025-01-29 11:00:00-03:00,25.1,15.9,506,4.416666666666667
2025-01-29 12:00:00-03:00,25.2,13.4,788,3.7222222222222223
2025-01-29 13:00:00-03:00,25.0,16.3,400,4.527777777777778
2025-01-29 14:00:00-03:00,23.5,12.9,178,3.583333333333333
2025-01-29 15:00:00-03:00,23.4,15.7,314,4.361111111111111
2025-01-29 16:00:00-03:00,23.4,15.9,200,4.416666666666667
2025-01-29 17:00:00-03:00,23.6,14.8,224,4.111111111111112
2025-01-29 18:00:00-03:00,23.2,13.7,134,3.8055555555555554
2025-01-29 19:00:00-03:00,22.9,13.6,59,3.7777777777777777
2025-01-29 20:00:00-03:00,22.2,10.1,11,2.805555555555556
2025-01-29 21:00:00-03:00,21.9,9.5,0,2.638888888888889
2025-01-29 22:00:00-03:00,22.1,10.1,0,2.805555555555556
2025-01-29 23:00:00-03:00,22.2,8.8,0,2.4444444444444446
2025-01-30 00:00:00-03:00,22.1,8.0,0,2.2222222222222223
2025-01-30 01:00:00-03:00,21.9,10.3,0,2.861111111111111
2025-01-30 02:00:00-03:00,21.6,11.9,0,3.305555555555556
2025-01-30 03:00:00-03:00,21.6,10.7,0,2.972222222222222
2025-01-30 04:00:00-03:00,21.8,10.8,0,3.0
2025-01-30 05:00:00-03:00,21.9,10.5,0,2.9166666666666665
2025-01-30 06:00:00-03:00,21.5,9.6,0,2.6666666666666665
2025-01-30 07:00:00-03:00,22.4,9.7,70,2.694444444444444
2025-01-30 08:00:00-03:00,23.9,12.7,262,3.5277777777777777
2025-01-30 09:00:00-03:00,24.7,14.5,436,4.027777777777778
2025-01-30 10:00:00-03:00,25.0,13.8,391,3.8333333333333335
2025-01-30 11:00:00-03:00,25.6,14.9,626,4.138888888888889
2025-01-30 12:00:00-03:00,26.8,15.6,828,4.333333333333333
2025-01-30 13:00:00-03:00,27.4,16.9,964,4.694444444444444
2025-01-30 14:00:00-03:00,26.6,18.7,923,5.194444444444444
2025-01-30 15:00:00-03:00,25.1,19.0,775,5.277777777777778
2025-01-30 16:00:00-03:00,24.5,18.9,638,5.249999999999999
2025-01-30 17:00:00-03:00,24.4,18.4,475,5.111111111111111
2025-01-30 18:00:00-03:00,23.8,16.8,288,4.666666666666667
2025-01-30 19:00:00-03:00,23.3,11.8,134,3.2777777777777777
2025-01-30 20:00:00-03:00,23.0,11.9,8,3.305555555555556
2025-01-30 21:00:00-03:00,22.6,11.0,0,3.055555555555556
2025-01-30 22:00:00-03:00,22.5,9.9,0,2.75
2025-01-30 23:00:00-03:00,21.1,6.1,0,1.6944444444444442
2025-01-31 00:00:00-03:00,20.4,5.7,0,1.5833333333333333
2025-01-31 01:00:00-03:00,20.2,5.3,0,1.472222222222222
2025-01-31 02:00:00-03:00,20.4,4.9,0,1.3611111111111112
2025-01-31 03:00:00-03:00,20.4,4.7,0,1.3055555555555556
2025-01-31 04:00:00-03:00,20.4,6.1,0,1.6944444444444442
2025-01-31 05:00:00-03:00,20.3,5.1,0,1.4166666666666663
2025-01-31 06:00:00-03:00,19.6,4.4,0,1.2222222222222223
2025-01-31 07:00:00-03:00,21.1,6.7,72,1.8611111111111112
2025-01-31 08:00:00-03:00,23.0,7.9,260,2.1944444444444446
2025-01-31 09:00:00-03:00,24.3,8.0,473,2.2222222222222223
2025-01-31 10:00:00-03:00,25.1,7.6,577,2.111111111111111
2025-01-31 11:00:00-03:00,26.0,7.4,713,2.055555555555556
2025-01-31 12:00:00-03:00,26.5,8.4,784,2.333333333333333
2025-01-31 13:00:00-03:00,26.3,7.9,659,2.1944444444444446
2025-01-31 14:00:00-03:00,26.9,8.0,834,2.2222222222222223
2025-01-31 15:00:00-03:00,26.3,9.2,591,2.555555555555556
2025-01-31 16:00:00-03:00,25.8,10.7,430,2.972222222222222
2025-01-31 17:00:00-03:00,25.8,11.4,366,3.1666666666666665
2025-01-31 18:00:00-03:00,25.0,11.7,246,3.25
2025-01-31 19:00:00-03:00,24.2,8.8,85,2.4444444444444446
2025-01-31 20:00:00-03:00,22.9,6.3,9,1.75
2025-01-31 21:00:00-03:00,21.8,5.7,0,1.5833333333333333
2025-01-31 22:00:00-03:00,20.8,5.0,0,1.3888888888888888
2025-01-31 23:00:00-03:00,20.5,4.3,0,1.1944444444444444
2025-02-01 00:00:00-03:00,20.0,4.1,0,1.1388888888888888
2025-02-01 01:00:00-03:00,19.5,3.9,0,1.0833333333333333
2025-02-01 02:00:00-03:00,19.4,6.0,0,1.6666666666666663
2025-02-01 03:00:00-03:00,19.0,5.2,0,1.4444444444444444
2025-02-01 04:00:00-03:00,18.7,5.2,0,1.4444444444444444
2025-02-01 05:00:00-03:00,18.3,4.6,0,1.2777777777777777
2025-02-01 06:00:00-03:00,18.2,5.1,0,1.4166666666666663
2025-02-01 07:00:00-03:00,19.4,5.9,69,1.6388888888888888
2025-02-01 08:00:00-03:00,22.1,4.8,276,1.3333333333333333
2025-02-01 09:00:00-03:00,24.1,3.7,501,1.027777777777778
2025-02-01 10:00:00-03:00,25.9,6.0,687,1.6666666666666663
2025-02-01 11:00:00-03:00,27.1,7.3,803,2.0277777777777777
2025-02-01 12:00:00-03:00,28.1,7.5,888,2.083333333333333
2025-02-01 13:00:00-03:00,28.9,6.5,945,1.805555555555556
2025-02-01 14:00:00-03:00,29.8,7.0,964,1.9444444444444444
2025-02-01 15:00:00-03:00,30.2,7.6,911,2.111111111111111
2025-02-01 16:00:00-03:00,30.1,6.8,671,1.8888888888888888
2025-02-01 17:00:00-03:00,29.6,4.1,443,1.1388888888888888
2025-02-01 18:00:00-03:00,27.0,11.8,262,3.2777777777777777
2025-02-01 19:00:00-03:00,25.3,10.6,145,2.944444444444444
2025-02-01 20:00:00-03:00,24.2,8.9,10,2.4722222222222223
2025-02-01 21:00:00-03:00,23.6,8.1,0,2.25
2025-02-01 22:00:00-03:00,23.5,7.9,0,2.1944444444444446
2025-02-01 23:00:00-03:00,23.0,6.5,0,1.805555555555556
2025-02-02 00:00:00-03:00,22.5,5.8,0,1.611111111111111
2025-02-02 01:00:00-03:00,22.3,4.7,0,1.3055555555555556
2025-02-02 02:00:00-03:00,22.0,2.2,0,0.6111111111111112
2025-02-02 03:00:00-03:00,20.9,4.8,0,1.3333333333333333
2025-02-02 04:00:00-03:00,20.2,4.2,0,1.1666666666666667
2025-02-02 05:00:00-03:00,19.5,2.5,0,0.6944444444444444
2025-02-02 06:00:00-03:00,19.2,2.0,0,0.5555555555555556
2025-02-02 07:00:00-03:00,20.9,5.0,67,1.3888888888888888
2025-02-02 08:00:00-03:00,23.6,3.0,262,0.8333333333333333
2025-02-02 09:00:00-03:00,25.7,1.4,492,0.3888888888888888
2025-02-02 10:00:00-03:00,27.8,5.9,702,1.6388888888888888
2025-02-02 11:00:00-03:00,28.5,6.0,827,1.6666666666666663
2025-02-02 12:00:00-03:00,29.1,6.7,872,1.8611111111111112
2025-02-02 13:00:00-03:00,29.5,8.3,899,2.305555555555556
2025-02-02 14:00:00-03:00,29.4,10.1,876,2.805555555555556
2025-02-02 15:00:00-03:00,29.4,10.0,813,2.7777777777777777
2025-02-02 16:00:00-03:00,29.1,11.1,644,3.083333333333333
2025-02-02 17:00:00-03:00,28.9,11.6,535,3.222222222222222
2025-02-02 18:00:00-03:00,28.0,12.0,304,3.333333333333333
2025-02-02 19:00:00-03:00,26.6,12.0,144,3.333333333333333
2025-02-02 20:00:00-03:00,25.6,11.9,9,3.305555555555556
2025-02-02 21:00:00-03:00,25.7,11.6,0,3.222222222222222
2025-02-02 22:00:00-03:00,25.3,13.6,0,3.7777777777777777
2025-02-02 23:00:00-03:00,25.5,14.9,0,4.138888888888889
2025-02-03 00:00:00-03:00,25.0,14.0,0,3.888888888888889
2025-02-03 01:00:00-03:00,24.7,12.7,0,3.5277777777777777
2025-02-03 02:00:00-03:00,24.4,9.0,0,2.5
2025-02-03 03:00:00-03:00,23.7,6.4,0,1.777777777777778
2025-02-03 04:00:00-03:00,22.9,5.0,0,1.3888888888888888
2025-02-03 05:00:00-03:00,22.5,5.2,0,1.4444444444444444
2025-02-03 06:00:00-03:00,22.5,5.5,0,1.5277777777777777
2025-02-03 07:00:00-03:00,24.2,7.9,64,2.1944444444444446
2025-02-03 08:00:00-03:00,26.6,13.9,257,3.861111111111111
2025-02-03 09:00:00-03:00,27.9,14.5,457,4.027777777777778
2025-02-03 10:00:00-03:00,29.1,12.7,659,3.5277777777777777
2025-02-03 11:00:00-03:00,29.9,11.3,739,3.138888888888889
2025-02-03 12:00:00-03:00,30.7,9.2,884,2.555555555555556
2025-02-03 13:00:00-03:00,30.3,10.6,839,2.944444444444444
2025-02-03 14:00:00-03:00,30.0,11.2,809,3.1111111111111107
2025-02-03 15:00:00-03:00,30.3,11.4,761,3.1666666666666665
2025-02-03 16:00:00-03:00,30.3,13.2,696,3.6666666666666665
2025-02-03 17:00:00-03:00,29.5,14.8,560,4.111111111111112
2025-02-03 18:00:00-03:00,28.7,15.9,340,4.416666666666667
2025-02-03 19:00:00-03:00,27.8,14.6,138,4.055555555555555
2025-02-03 20:00:00-03:00,26.8,15.8,9,4.388888888888889
2025-02-03 21:00:00-03:00,26.5,16.1,0,4.472222222222222
2025-02-03 22:00:00-03:00,26.0,14.9,0,4.138888888888889
2025-02-03 23:00:00-03:00,25.6,13.4,0,3.7222222222222223
2025-02-04 00:00:00-03:00,25.4,12.9,0,3.583333333333333
2025-02-04 01:00:00-03:00,25.1,12.6,0,3.5
2025-02-04 02:00:00-03:00,24.7,11.3,0,3.138888888888889
2025-02-04 03:00:00-03:00,24.2,9.7,0,2.694444444444444
2025-02-04 04:00:00-03:00,23.9,8.1,0,2.25
2025-02-04 05:00:00-03:00,23.5,7.2,0,2.0
2025-02-04 06:00:00-03:00,23.3,6.8,0,1.8888888888888888
2025-02-04 07:00:00-03:00,24.3,8.9,62,2.4722222222222223
2025-02-04 08:00:00-03:00,26.0,13.0,220,3.611111111111111
2025-02-04 09:00:00-03:00,27.6,9.4,399,2.611111111111111
2025-02-04 10:00:00-03:00,29.8,6.8,634,1.8888888888888888
2025-02-04 11:00:00-03:00,31.2,6.9,842,1.9166666666666667
2025-02-04 12:00:00-03:00,32.0,6.7,962,1.8611111111111112
2025-02-04 13:00:00-03:00,31.7,8.5,898,2.361111111111111
2025-02-04 14:00:00-03:00,31.3,10.5,847,2.9166666666666665
2025-02-04 15:00:00-03:00,31.3,8.6,713,2.388888888888889
2025-02-04 16:00:00-03:00,31.4,6.7,584,1.8611111111111112
2025-02-04 17:00:00-03:00,31.4,6.9,426,1.9166666666666667
2025-02-04 18:00:00-03:00,30.4,9.0,291,2.5
2025-02-04 19:00:00-03:00,29.2,8.7,134,2.4166666666666665
2025-02-04 20:00:00-03:00,28.1,9.8,8,2.7222222222222223
2025-02-04 21:00:00-03:00,27.7,10.1,0,2.805555555555556
2025-02-04 22:00:00-03:00,26.9,10.4,0,2.888888888888889
2025-02-04 23:00:00-03:00,26.6,8.0,0,2.2222222222222223
2025-02-05 00:00:00-03:00,26.2,6.6,0,1.8333333333333333
2025-02-05 01:00:00-03:00,25.6,4.2,0,1.1666666666666667
2025-02-05 02:00:00-03:00,25.4,4.3,0,1.1944444444444444
2025-02-05 03:00:00-03:00,25.2,3.0,0,0.8333333333333333
2025-02-05 04:00:00-03:00,25.1,1.9,0,0.5277777777777778
2025-02-05 05:00:00-03:00,25.0,6.8,0,1.8888888888888888
2025-02-05 06:00:00-03:00,25.0,11.5,0,3.194444444444444
2025-02-05 07:00:00-03:00,25.6,12.1,50,3.3611111111111107
2025-02-05 08:00:00-03:00,26.9,13.9,216,3.861111111111111
2025-02-05 09:00:00-03:00,27.9,14.2,395,3.944444444444444
2025-02-05 10:00:00-03:00,28.9,14.5,649,4.027777777777778
2025-02-05 11:00:00-03:00,29.5,14.8,811,4.111111111111112
2025-02-05 12:00:00-03:00,30.0,16.1,915,4.472222222222222
2025-02-05 13:00:00-03:00,30.5,15.5,957,4.305555555555555
2025-02-05 14:00:00-03:00,30.8,14.3,937,3.9722222222222223
2025-02-05 15:00:00-03:00,30.7,15.2,887,4.222222222222222
2025-02-05 16:00:00-03:00,30.2,15.1,737,4.194444444444445
2025-02-05 17:00:00-03:00,29.8,15.3,510,4.25
2025-02-05 18:00:00-03:00,28.7,16.3,272,4.527777777777778
2025-02-05 19:00:00-03:00,27.3,15.1,81,4.194444444444445
2025-02-05 20:00:00-03:00,26.8,14.4,3,4.0
2025-02-05 21:00:00-03:00,26.0,14.3,0,3.9722222222222223
2025-02-05 22:00:00-03:00,25.6,4.9,0,1.3611111111111112
2025-02-05 23:00:00-03:00,25.1,2.7,0,0.75
2025-02-06 00:00:00-03:00,24.2,3.4,0,0.9444444444444444
2025-02-06 01:00:00-03:00,24.2,13.9,0,3.861111111111111
2025-02-06 02:00:00-03:00,23.9,12.8,0,3.555555555555556
2025-02-06 03:00:00-03:00,23.6,4.3,0,1.1944444444444444
2025-02-06 04:00:00-03:00,23.6,6.2,0,1.7222222222222223
2025-02-06 05:00:00-03:00,23.5,12.8,0,3.555555555555556
2025-02-06 06:00:00-03:00,23.6,16.3,0,4.527777777777778
2025-02-06 07:00:00-03:00,23.5,19.2,55,5.333333333333333
2025-02-06 08:00:00-03:00,24.1,20.7,253,5.75
2025-02-06 09:00:00-03:00,25.1,21.9,463,6.083333333333333
2025-02-06 10:00:00-03:00,25.9,19.4,648,5.388888888888888
2025-02-06 11:00:00-03:00,27.0,16.8,817,4.666666666666667
2025-02-06 12:00:00-03:00,28.1,15.8,970,4.388888888888889
2025-02-06 13:00:00-03:00,29.1,19.1,1004,5.305555555555556
2025-02-06 14:00:00-03:00,29.2,21.7,897,6.027777777777778
2025-02-06 15:00:00-03:00,29.1,20.2,810,5.611111111111111
2025-02-06 16:00:00-03:00,29.1,20.4,762,5.666666666666666
2025-02-06 17:00:00-03:00,27.7,19.0,576,5.277777777777778
2025-02-06 18:00:00-03:00,26.7,16.0,356,4.444444444444445
2025-02-06 19:00:00-03:00,25.3,11.5,142,3.194444444444444
2025-02-06 20:00:00-03:00,24.1,8.4,8,2.333333333333333
2025-02-06 21:00:00-03:00,23.3,11.5,0,3.194444444444444
2025-02-06 22:00:00-03:00,22.3,10.3,0,2.861111111111111
2025-02-06 23:00:00-03:00,21.7,8.0,0,2.2222222222222223
2025-02-07 00:00:00-03:00,21.2,7.6,0,2.111111111111111
2025-02-07 01:00:00-03:00,20.9,7.2,0,2.0
2025-02-07 02:00:00-03:00,20.4,5.2,0,1.4444444444444444
2025-02-07 03:00:00-03:00,19.8,4.0,0,1.1111111111111112
2025-02-07 04:00:00-03:00,20.1,4.9,0,1.3611111111111112
2025-02-07 05:00:00-03:00,20.0,6.8,0,1.8888888888888888
2025-02-07 06:00:00-03:00,19.8,7.3,0,2.0277777777777777
2025-02-07 07:00:00-03:00,20.8,8.5,57,2.361111111111111
2025-02-07 08:00:00-03:00,23.1,7.3,260,2.0277777777777777
2025-02-07 09:00:00-03:00,25.1,8.2,489,2.2777777777777777
2025-02-07 10:00:00-03:00,26.7,9.3,653,2.583333333333333
2025-02-07 11:00:00-03:00,27.9,9.7,833,2.694444444444444
2025-02-07 12:00:00-03:00,28.5,12.1,948,3.3611111111111107
2025-02-07 13:00:00-03:00,28.5,13.8,1005,3.8333333333333335
2025-02-07 14:00:00-03:00,28.4,13.8,1006,3.8333333333333335
2025-02-07 15:00:00-03:00,28.1,14.1,926,3.9166666666666665
2025-02-07 16:00:00-03:00,27.3,14.2,782,3.944444444444444
2025-02-07 17:00:00-03:00,26.3,14.3,589,3.9722222222222223
2025-02-07 18:00:00-03:00,25.2,13.6,365,3.7777777777777777
2025-02-07 19:00:00-03:00,24.1,11.0,142,3.055555555555556
2025-02-07 20:00:00-03:00,23.1,9.7,7,2.694444444444444
2025-02-07 21:00:00-03:00,23.0,10.5,0,2.9166666666666665
2025-02-07 22:00:00-03:00,22.9,10.6,0,2.944444444444444
2025-02-07 23:00:00-03:00,23.4,11.4,0,3.1666666666666665
2025-02-08 00:00:00-03:00,23.3,10.9,0,3.0277777777777777
2025-02-08 01:00:00-03:00,23.2,9.6,0,2.6666666666666665
2025-02-08 02:00:00-03:00,23.0,8.7,0,2.4166666666666665
2025-02-08 03:00:00-03:00,23.0,9.1,0,2.5277777777777777
2025-02-08 04:00:00-03:00,22.6,7.2,0,2.0
2025-02-08 05:00:00-03:00,21.2,5.2,0,1.4444444444444444
2025-02-08 06:00:00-03:00,20.5,4.7,0,1.3055555555555556
2025-02-08 07:00:00-03:00,21.8,5.4,56,1.5
2025-02-08 08:00:00-03:00,24.2,5.1,260,1.4166666666666663
2025-02-08 09:00:00-03:00,25.6,10.7,491,2.972222222222222
2025-02-08 10:00:00-03:00,27.3,14.3,680,3.9722222222222223
2025-02-08 11:00:00-03:00,28.1,13.9,797,3.861111111111111
2025-02-08 12:00:00-03:00,28.8,13.4,941,3.7222222222222223
2025-02-08 13:00:00-03:00,29.3,13.6,1011,3.7777777777777777
2025-02-08 14:00:00-03:00,29.3,13.6,992,3.7777777777777777
2025-02-08 15:00:00-03:00,29.0,13.9,887,3.861111111111111
2025-02-08 16:00:00-03:00,28.8,15.0,768,4.166666666666667
2025-02-08 17:00:00-03:00,28.4,14.2,585,3.944444444444444
2025-02-08 18:00:00-03:00,27.5,12.9,362,3.583333333333333
2025-02-08 19:00:00-03:00,26.1,8.5,140,2.361111111111111
2025-02-08 20:00:00-03:00,25.0,9.3,7,2.583333333333333
2025-02-08 21:00:00-03:00,25.0,11.5,0,3.194444444444444
2025-02-08 22:00:00-03:00,24.4,12.0,0,3.333333333333333
2025-02-08 23:00:00-03:00,23.9,11.7,0,3.25
2025-02-09 00:00:00-03:00,23.3,9.8,0,2.7222222222222223
2025-02-09 01:00:00-03:00,22.6,8.9,0,2.4722222222222223
2025-02-09 02:00:00-03:00,21.9,7.1,0,1.972222222222222
2025-02-09 03:00:00-03:00,21.3,6.2,0,1.7222222222222223
2025-02-09 04:00:00-03:00,20.6,2.4,0,0.6666666666666666
2025-02-09 05:00:00-03:00,20.3,1.4,0,0.3888888888888888
2025-02-09 06:00:00-03:00,19.7,2.2,0,0.6111111111111112
2025-02-09 07:00:00-03:00,21.0,3.9,55,1.0833333333333333
2025-02-09 08:00:00-03:00,23.6,1.7,256,0.4722222222222222
2025-02-09 09:00:00-03:00,26.2,1.3,485,0.3611111111111111
2025-02-09 10:00:00-03:00,28.7,1.2,696,0.3333333333333333
2025-02-09 11:00:00-03:00,30.7,0.6,864,0.1666666666666666
2025-02-09 12:00:00-03:00,32.1,2.9,975,0.8055555555555555
2025-02-09 13:00:00-03:00,32.9,4.7,1019,1.3055555555555556
2025-02-09 14:00:00-03:00,33.3,4.6,998,1.2777777777777777
2025-02-09 15:00:00-03:00,33.6,5.4,910,1.5
2025-02-09 16:00:00-03:00,32.8,9.0,725,2.5
2025-02-09 17:00:00-03:00,30.8,13.0,483,3.611111111111111
2025-02-09 18:00:00-03:00,29.1,12.5,334,3.4722222222222223
2025-02-09 19:00:00-03:00,27.5,9.2,131,2.555555555555556
2025-02-09 20:00:00-03:00,26.3,8.4,6,2.333333333333333
2025-02-09 21:00:00-03:00,25.4,6.9,0,1.9166666666666667
2025-02-09 22:00:00-03:00,24.5,6.4,0,1.777777777777778
2025-02-09 23:00:00-03:00,24.0,5.9,0,1.6388888888888888
2025-02-10 00:00:00-03:00,24.0,5.5,0,1.5277777777777777
2025-02-10 01:00:00-03:00,23.6,4.8,0,1.3333333333333333
2025-02-10 02:00:00-03:00,23.4,4.7,0,1.3055555555555556
2025-02-10 03:00:00-03:00,23.4,4.8,0,1.3333333333333333
2025-02-10 04:00:00-03:00,23.4,4.3,0,1.1944444444444444
2025-02-10 05:00:00-03:00,23.4,1.6,0,0.4444444444444445
2025-02-10 06:00:00-03:00,22.7,2.4,0,0.6666666666666666
2025-02-10 07:00:00-03:00,23.4,5.5,39,1.5277777777777777
2025-02-10 08:00:00-03:00,24.8,4.2,193,1.1666666666666667
2025-02-10 09:00:00-03:00,27.0,8.4,453,2.333333333333333
2025-02-10 10:00:00-03:00,28.4,11.1,568,3.083333333333333
2025-02-10 11:00:00-03:00,29.4,12.1,800,3.3611111111111107
2025-02-10 12:00:00-03:00,30.4,12.7,945,3.5277777777777777
2025-02-10 13:00:00-03:00,31.1,12.9,1005,3.583333333333333
2025-02-10 14:00:00-03:00,31.6,12.0,986,3.333333333333333
2025-02-10 15:00:00-03:00,31.5,12.1,901,3.3611111111111107
2025-02-10 16:00:00-03:00,31.0,13.4,755,3.7222222222222223
2025-02-10 17:00:00-03:00,29.9,14.6,563,4.055555555555555
2025-02-10 18:00:00-03:00,28.7,14.0,346,3.888888888888889
2025-02-10 19:00:00-03:00,27.6,13.3,131,3.6944444444444446
2025-02-10 20:00:00-03:00,26.9,13.6,5,3.7777777777777777
2025-02-10 21:00:00-03:00,26.6,12.5,0,3.4722222222222223
2025-02-10 22:00:00-03:00,26.0,11.9,0,3.305555555555556
2025-02-10 23:00:00-03:00,25.5,12.9,0,3.583333333333333
2025-02-11 00:00:00-03:00,25.2,13.2,0,3.6666666666666665
2025-02-11 01:00:00-03:00,24.7,12.9,0,3.583333333333333
2025-02-11 02:00:00-03:00,24.2,12.6,0,3.5
2025-02-11 03:00:00-03:00,23.9,11.2,0,3.1111111111111107
2025-02-11 04:00:00-03:00,23.5,9.1,0,2.5277777777777777
2025-02-11 05:00:00-03:00,23.0,6.3,0,1.75
2025-02-11 06:00:00-03:00,22.9,5.4,0,1.5
2025-02-11 07:00:00-03:00,24.9,5.6,49,1.5555555555555554
2025-02-11 08:00:00-03:00,27.9,4.0,223,1.1111111111111112
2025-02-11 09:00:00-03:00,31.5,6.9,469,1.9166666666666667
2025-02-11 10:00:00-03:00,34.3,11.6,671,3.222222222222222
2025-02-11 11:00:00-03:00,35.6,17.4,809,4.833333333333333
2025-02-11 12:00:00-03:00,36.3,18.4,880,5.111111111111111
2025-02-11 13:00:00-03:00,36.8,16.5,939,4.583333333333333
2025-02-11 14:00:00-03:00,35.2,18.5,891,5.138888888888888
2025-02-11 15:00:00-03:00,32.7,27.7,651,7.694444444444444
2025-02-11 16:00:00-03:00,30.0,7.8,502,2.1666666666666665
2025-02-11 17:00:00-03:00,29.5,4.2,239,1.1666666666666667
2025-02-11 18:00:00-03:00,29.7,3.3,210,0.9166666666666666
2025-02-11 19:00:00-03:00,28.7,5.9,86,1.6388888888888888
2025-02-11 20:00:00-03:00,26.9,8.4,3,2.333333333333333
2025-02-11 21:00:00-03:00,25.9,10.3,0,2.861111111111111
2025-02-11 22:00:00-03:00,23.2,11.9,0,3.305555555555556
2025-02-11 23:00:00-03:00,23.4,8.0,0,2.2222222222222223
2025-02-12 00:00:00-03:00,22.8,2.9,0,0.8055555555555555
2025-02-12 01:00:00-03:00,22.9,6.1,0,1.6944444444444442
2025-02-12 02:00:00-03:00,23.1,5.0,0,1.3888888888888888
2025-02-12 03:00:00-03:00,23.1,15.2,0,4.222222222222222
2025-02-12 04:00:00-03:00,22.7,2.4,0,0.6666666666666666
2025-02-12 05:00:00-03:00,22.7,1.7,0,0.4722222222222222
2025-02-12 06:00:00-03:00,23.0,0.7,0,0.1944444444444444
2025-02-12 07:00:00-03:00,23.4,2.3,17,0.6388888888888888
2025-02-12 08:00:00-03:00,23.6,10.4,82,2.888888888888889
2025-02-12 09:00:00-03:00,24.0,1.0,95,0.2777777777777778
2025-02-12 10:00:00-03:00,24.6,5.2,299,1.4444444444444444
2025-02-12 11:00:00-03:00,23.9,6.5,160,1.805555555555556
2025-02-12 12:00:00-03:00,23.8,1.1,118,0.3055555555555556
2025-02-12 13:00:00-03:00,23.2,4.7,144,1.3055555555555556
2025-02-12 14:00:00-03:00,23.3,6.5,120,1.805555555555556
2025-02-12 15:00:00-03:00,23.2,3.9,190,1.0833333333333333
2025-02-12 16:00:00-03:00,24.1,4.9,224,1.3611111111111112
2025-02-12 17:00:00-03:00,24.0,4.5,104,1.25
2025-02-12 18:00:00-03:00,24.1,1.3,58,0.3611111111111111
2025-02-12 19:00:00-03:00,23.5,6.1,23,1.6944444444444442
2025-02-12 20:00:00-03:00,23.0,5.6,2,1.5555555555555554
2025-02-12 21:00:00-03:00,22.8,3.4,0,0.9444444444444444
2025-02-12 22:00:00-03:00,22.6,2.0,0,0.5555555555555556
2025-02-12 23:00:00-03:00,22.4,9.1,0,2.5277777777777777
2025-02-13 00:00:00-03:00,22.0,8.2,0,2.2777777777777777
2025-02-13 01:00:00-03:00,21.6,7.6,0,2.111111111111111
2025-02-13 02:00:00-03:00,21.4,6.0,0,1.6666666666666663
2025-02-13 03:00:00-03:00,21.4,7.3,0,2.0277777777777777
2025-02-13 04:00:00-03:00,22.2,6.5,0,1.805555555555556
2025-02-13 05:00:00-03:00,22.1,8.1,0,2.25
2025-02-13 06:00:00-03:00,22.3,10.4,0,2.888888888888889
2025-02-13 07:00:00-03:00,22.4,12.2,14,3.3888888888888884
2025-02-13 08:00:00-03:00,22.8,12.7,73,3.5277777777777777
2025-02-13 09:00:00-03:00,23.3,12.2,157,3.3888888888888884
2025-02-13 10:00:00-03:00,25.0,13.3,351,3.6944444444444446
2025-02-13 11:00:00-03:00,25.5,13.7,411,3.8055555555555554
2025-02-13 12:00:00-03:00,26.2,14.3,541,3.9722222222222223
2025-02-13 13:00:00-03:00,27.0,14.2,836,3.944444444444444
2025-02-13 14:00:00-03:00,27.2,14.9,922,4.138888888888889
2025-02-13 15:00:00-03:00,27.0,13.7,791,3.8055555555555554
2025-02-13 16:00:00-03:00,26.6,14.4,709,4.0
2025-02-13 17:00:00-03:00,25.8,15.2,545,4.222222222222222
2025-02-13 18:00:00-03:00,24.6,14.8,342,4.111111111111112
2025-02-13 19:00:00-03:00,23.3,11.7,125,3.25
2025-02-13 20:00:00-03:00,22.3,9.6,4,2.6666666666666665
2025-02-13 21:00:00-03:00,21.8,9.1,0,2.5277777777777777
2025-02-13 22:00:00-03:00,21.7,9.7,0,2.694444444444444
2025-02-13 23:00:00-03:00,21.5,9.5,0,2.638888888888889
2025-02-14 00:00:00-03:00,21.3,8.5,0,2.361111111111111
2025-02-14 01:00:00-03:00,20.6,6.9,0,1.9166666666666667
2025-02-14 02:00:00-03:00,19.8,6.3,0,1.75
2025-02-14 03:00:00-03:00,19.5,6.2,0,1.7222222222222223
2025-02-14 04:00:00-03:00,19.3,5.6,0,1.5555555555555554
2025-02-14 05:00:00-03:00,18.6,5.2,0,1.4444444444444444
2025-02-14 06:00:00-03:00,17.7,4.8,0,1.3333333333333333
2025-02-14 07:00:00-03:00,18.8,4.7,47,1.3055555555555556
2025-02-14 08:00:00-03:00,21.7,1.1,246,0.3055555555555556
2025-02-14 09:00:00-03:00,24.0,3.4,478,0.9444444444444444
2025-02-14 10:00:00-03:00,25.9,7.8,689,2.1666666666666665
2025-02-14 11:00:00-03:00,26.8,11.1,859,3.083333333333333
2025-02-14 12:00:00-03:00,27.3,12.4,974,3.4444444444444446
2025-02-14 13:00:00-03:00,27.7,12.7,1024,3.5277777777777777
2025-02-14 14:00:00-03:00,27.8,13.0,1005,3.611111111111111
2025-02-14 15:00:00-03:00,27.8,11.9,920,3.305555555555556
2025-02-14 16:00:00-03:00,27.6,11.0,767,3.055555555555556
2025-02-14 17:00:00-03:00,27.1,12.1,565,3.3611111111111107
2025-02-14 18:00:00-03:00,25.9,13.9,306,3.861111111111111
2025-02-14 19:00:00-03:00,24.3,13.5,118,3.75
2025-02-14 20:00:00-03:00,23.4,12.9,4,3.583333333333333
2025-02-14 21:00:00-03:00,23.2,13.7,0,3.8055555555555554
2025-02-14 22:00:00-03:00,24.0,15.7,0,4.361111111111111
2025-02-14 23:00:00-03:00,23.8,16.3,0,4.527777777777778
2025-02-15 00:00:00-03:00,23.7,15.3,0,4.25
2025-02-15 01:00:00-03:00,23.8,13.2,0,3.6666666666666665
2025-02-15 02:00:00-03:00,23.7,13.2,0,3.6666666666666665
2025-02-15 03:00:00-03:00,23.4,12.5,0,3.4722222222222223
2025-02-15 04:00:00-03:00,23.4,14.2,0,3.944444444444444
2025-02-15 05:00:00-03:00,23.3,15.2,0,4.222222222222222
2025-02-15 06:00:00-03:00,22.7,8.6,0,2.388888888888889
2025-02-15 07:00:00-03:00,23.3,11.4,36,3.1666666666666665
2025-02-15 08:00:00-03:00,25.0,16.0,217,4.444444444444445
2025-02-15 09:00:00-03:00,25.5,18.2,244,5.055555555555555
2025-02-15 10:00:00-03:00,26.6,17.8,440,4.944444444444445
2025-02-15 11:00:00-03:00,27.7,17.0,688,4.722222222222222
2025-02-15 12:00:00-03:00,28.4,17.5,809,4.861111111111111
2025-02-15 13:00:00-03:00,27.6,17.4,676,4.833333333333333
2025-02-15 14:00:00-03:00,27.0,19.6,770,5.444444444444445
2025-02-15 15:00:00-03:00,26.8,16.5,713,4.583333333333333
2025-02-15 16:00:00-03:00,26.6,16.4,415,4.555555555555555
2025-02-15 17:00:00-03:00,26.4,20.4,411,5.666666666666666
2025-02-15 18:00:00-03:00,25.8,14.2,234,3.944444444444444
2025-02-15 19:00:00-03:00,25.1,14.8,90,4.111111111111112
2025-02-15 20:00:00-03:00,24.6,13.8,2,3.8333333333333335
2025-02-15 21:00:00-03:00,24.6,12.3,0,3.416666666666667
2025-02-15 22:00:00-03:00,24.4,11.2,0,3.1111111111111107
2025-02-15 23:00:00-03:00,24.0,8.8,0,2.4444444444444446
2025-02-16 00:00:00-03:00,23.8,9.1,0,2.5277777777777777
2025-02-16 01:00:00-03:00,23.5,9.3,0,2.583333333333333
2025-02-16 02:00:00-03:00,23.2,6.9,0,1.9166666666666667
2025-02-16 03:00:00-03:00,22.8,4.5,0,1.25
2025-02-16 04:00:00-03:00,22.5,3.8,0,1.0555555555555556
2025-02-16 05:00:00-03:00,22.2,2.8,0,0.7777777777777777
2025-02-16 06:00:00-03:00,21.9,2.2,0,0.6111111111111112
2025-02-16 07:00:00-03:00,23.0,5.1,39,1.4166666666666663
2025-02-16 08:00:00-03:00,25.0,5.7,219,1.5833333333333333
2025-02-16 09:00:00-03:00,27.0,6.2,435,1.7222222222222223
2025-02-16 10:00:00-03:00,29.5,5.6,631,1.5555555555555554
2025-02-16 11:00:00-03:00,31.1,6.2,730,1.7222222222222223
2025-02-16 12:00:00-03:00,31.2,3.6,427,1.0
2025-02-16 13:00:00-03:00,27.9,16.8,477,4.666666666666667
2025-02-16 14:00:00-03:00,26.0,11.8,265,3.2777777777777777
2025-02-16 15:00:00-03:00,27.1,5.8,441,1.611111111111111
2025-02-16 16:00:00-03:00,26.1,2.4,135,0.6666666666666666
2025-02-16 17:00:00-03:00,25.4,8.4,76,2.333333333333333
2025-02-16 18:00:00-03:00,25.0,3.1,60,0.8611111111111112
2025-02-16 19:00:00-03:00,24.0,9.6,20,2.6666666666666665
2025-02-16 20:00:00-03:00,23.8,9.2,0,2.555555555555556
2025-02-16 21:00:00-03:00,23.9,11.3,0,3.138888888888889
2025-02-16 22:00:00-03:00,22.3,5.2,0,1.4444444444444444
2025-02-16 23:00:00-03:00,22.0,6.1,0,1.6944444444444442
2025-02-17 00:00:00-03:00,21.8,8.4,0,2.333333333333333
2025-02-17 01:00:00-03:00,21.5,10.4,0,2.888888888888889
2025-02-17 02:00:00-03:00,21.6,11.2,0,3.1111111111111107
2025-02-17 03:00:00-03:00,21.6,9.5,0,2.638888888888889
2025-02-17 04:00:00-03:00,21.4,5.7,0,1.5833333333333333
2025-02-17 05:00:00-03:00,21.2,5.6,0,1.5555555555555554
2025-02-17 06:00:00-03:00,21.0,6.9,0,1.9166666666666667
2025-02-17 07:00:00-03:00,21.6,9.1,34,2.5277777777777777
2025-02-17 08:00:00-03:00,23.0,12.0,160,3.333333333333333
2025-02-17 09:00:00-03:00,24.4,16.5,314,4.583333333333333
2025-02-17 10:00:00-03:00,24.1,13.2,365,3.6666666666666665
2025-02-17 11:00:00-03:00,25.5,13.4,508,3.7222222222222223
2025-02-17 12:00:00-03:00,25.3,11.4,229,3.1666666666666665
2025-02-17 13:00:00-03:00,26.1,14.9,377,4.138888888888889
2025-02-17 14:00:00-03:00,26.1,13.5,256,3.75
2025-02-17 15:00:00-03:00,26.6,13.9,283,3.861111111111111
2025-02-17 16:00:00-03:00,26.3,13.0,239,3.611111111111111
2025-02-17 17:00:00-03:00,26.1,11.4,236,3.1666666666666665
2025-02-17 18:00:00-03:00,25.3,6.3,110,1.75
2025-02-17 19:00:00-03:00,24.1,5.6,26,1.5555555555555554
2025-02-17 20:00:00-03:00,23.7,6.0,1,1.6666666666666663
2025-02-17 21:00:00-03:00,23.5,6.5,0,1.805555555555556
2025-02-17 22:00:00-03:00,22.7,10.4,0,2.888888888888889
2025-02-17 23:00:00-03:00,22.2,4.0,0,1.1111111111111112
2025-02-18 00:00:00-03:00,21.6,8.3,0,2.305555555555556
2025-02-18 01:00:00-03:00,21.5,11.3,0,3.138888888888889
2025-02-18 02:00:00-03:00,20.6,11.2,0,3.1111111111111107
2025-02-18 03:00:00-03:00,19.7,11.9,0,3.305555555555556
2025-02-18 04:00:00-03:00,19.3,12.7,0,3.5277777777777777
2025-02-18 05:00:00-03:00,19.3,13.4,0,3.7222222222222223
2025-02-18 06:00:00-03:00,18.6,10.4,0,2.888888888888889
2025-02-18 07:00:00-03:00,18.8,8.8,40,2.4444444444444446
2025-02-18 08:00:00-03:00,20.6,9.6,223,2.6666666666666665
2025-02-18 09:00:00-03:00,21.8,12.7,421,3.5277777777777777
2025-02-18 10:00:00-03:00,23.1,11.6,634,3.222222222222222
2025-02-18 11:00:00-03:00,23.8,11.1,688,3.083333333333333
2025-02-18 12:00:00-03:00,24.4,11.4,674,3.1666666666666665
2025-02-18 13:00:00-03:00,25.3,11.7,917,3.25
2025-02-18 14:00:00-03:00,25.4,11.8,937,3.2777777777777777
2025-02-18 15:00:00-03:00,25.1,11.0,826,3.055555555555556
2025-02-18 16:00:00-03:00,24.9,7.6,694,2.111111111111111
2025-02-18 17:00:00-03:00,24.4,3.0,464,0.8333333333333333
2025-02-18 18:00:00-03:00,22.5,10.0,246,2.7777777777777777
2025-02-18 19:00:00-03:00,20.5,14.1,80,3.9166666666666665
2025-02-18 20:00:00-03:00,19.8,9.3,2,2.583333333333333
2025-02-18 21:00:00-03:00,18.7,5.6,0,1.5555555555555554
2025-02-18 22:00:00-03:00,18.4,7.0,0,1.9444444444444444
2025-02-18 23:00:00-03:00,17.9,5.8,0,1.611111111111111
2025-02-19 00:00:00-03:00,17.8,6.0,0,1.6666666666666663
2025-02-19 01:00:00-03:00,17.7,5.7,0,1.5833333333333333
2025-02-19 02:00:00-03:00,17.6,3.9,0,1.0833333333333333
2025-02-19 03:00:00-03:00,16.9,4.2,0,1.1666666666666667
2025-02-19 04:00:00-03:00,16.6,4.9,0,1.3611111111111112
2025-02-19 05:00:00-03:00,16.4,5.9,0,1.6388888888888888
2025-02-19 06:00:00-03:00,17.2,7.4,0,2.055555555555556
2025-02-19 07:00:00-03:00,18.3,8.2,33,2.2777777777777777
2025-02-19 08:00:00-03:00,20.6,6.3,218,1.75
2025-02-19 09:00:00-03:00,22.8,8.0,440,2.2222222222222223
2025-02-19 10:00:00-03:00,24.0,9.2,530,2.555555555555556
2025-02-19 11:00:00-03:00,25.5,8.9,746,2.4722222222222223
2025-02-19 12:00:00-03:00,25.9,7.0,684,1.9444444444444444
2025-02-19 13:00:00-03:00,26.7,5.5,816,1.5277777777777777
2025-02-19 14:00:00-03:00,26.9,5.4,804,1.5
2025-02-19 15:00:00-03:00,26.9,4.5,723,1.25
2025-02-19 16:00:00-03:00,26.8,6.5,602,1.805555555555556
2025-02-19 17:00:00-03:00,25.4,5.6,478,1.5555555555555554
2025-02-19 18:00:00-03:00,23.3,3.4,194,0.9444444444444444
2025-02-19 19:00:00-03:00,22.5,2.3,82,0.6388888888888888
2025-02-19 20:00:00-03:00,22.4,9.6,1,2.6666666666666665
2025-02-19 21:00:00-03:00,22.2,10.1,0,2.805555555555556
2025-02-19 22:00:00-03:00,22.0,8.7,0,2.4166666666666665
2025-02-19 23:00:00-03:00,22.1,9.8,0,2.7222222222222223
2025-02-20 00:00:00-03:00,21.9,9.6,0,2.6666666666666665
2025-02-20 01:00:00-03:00,21.8,9.2,0,2.555555555555556
2025-02-20 02:00:00-03:00,21.2,5.7,0,1.5833333333333333
2025-02-20 03:00:00-03:00,20.5,3.3,0,0.9166666666666666
2025-02-20 04:00:00-03:00,20.2,3.8,0,1.0555555555555556
2025-02-20 05:00:00-03:00,20.1,2.4,0,0.6666666666666666
2025-02-20 06:00:00-03:00,19.3,3.1,0,0.8611111111111112
2025-02-20 07:00:00-03:00,20.3,3.0,33,0.8333333333333333
2025-02-20 08:00:00-03:00,22.7,0.6,217,0.1666666666666666
2025-02-20 09:00:00-03:00,24.6,4.7,435,1.3055555555555556
2025-02-20 10:00:00-03:00,26.3,5.6,610,1.5555555555555554
2025-02-20 11:00:00-03:00,26.8,6.3,739,1.75
2025-02-20 12:00:00-03:00,26.9,7.8,762,2.1666666666666665
2025-02-20 13:00:00-03:00,27.1,9.1,839,2.5277777777777777
2025-02-20 14:00:00-03:00,27.1,9.6,776,2.6666666666666665
2025-02-20 15:00:00-03:00,27.2,10.0,708,2.7777777777777777
2025-02-20 16:00:00-03:00,26.9,10.6,654,2.944444444444444
2025-02-20 17:00:00-03:00,26.5,11.7,490,3.25
2025-02-20 18:00:00-03:00,25.7,12.0,274,3.333333333333333
2025-02-20 19:00:00-03:00,24.6,8.8,86,2.4444444444444446
2025-02-20 20:00:00-03:00,23.8,11.2,1,3.1111111111111107
2025-02-20 21:00:00-03:00,23.9,13.8,0,3.8333333333333335
2025-02-20 22:00:00-03:00,23.9,11.6,0,3.222222222222222
2025-02-20 23:00:00-03:00,23.4,10.6,0,2.944444444444444
2025-02-21 00:00:00-03:00,23.1,9.7,0,2.694444444444444
2025-02-21 01:00:00-03:00,22.3,7.7,0,2.138888888888889
2025-02-21 02:00:00-03:00,21.7,6.5,0,1.805555555555556
2025-02-21 03:00:00-03:00,21.1,6.2,0,1.7222222222222223
2025-02-21 04:00:00-03:00,20.6,5.5,0,1.5277777777777777
2025-02-21 05:00:00-03:00,19.9,5.1,0,1.4166666666666663
2025-02-21 06:00:00-03:00,19.7,5.1,0,1.4166666666666663
2025-02-21 07:00:00-03:00,20.9,7.0,34,1.9444444444444444
2025-02-21 08:00:00-03:00,23.5,5.0,216,1.3888888888888888
2025-02-21 09:00:00-03:00,25.6,8.1,438,2.25
2025-02-21 10:00:00-03:00,27.3,8.7,646,2.4166666666666665
2025-02-21 11:00:00-03:00,28.4,7.4,769,2.055555555555556
2025-02-21 12:00:00-03:00,29.2,6.7,851,1.8611111111111112
2025-02-21 13:00:00-03:00,29.3,7.7,819,2.138888888888889
2025-02-21 14:00:00-03:00,29.3,8.9,823,2.4722222222222223
2025-02-21 15:00:00-03:00,29.2,10.6,782,2.944444444444444
2025-02-21 16:00:00-03:00,28.8,12.0,678,3.333333333333333
2025-02-21 17:00:00-03:00,28.1,11.1,493,3.083333333333333
2025-02-21 18:00:00-03:00,27.2,7.9,301,2.1944444444444446
2025-02-21 19:00:00-03:00,25.2,6.5,98,1.805555555555556
2025-02-21 20:00:00-03:00,24.6,7.9,1,2.1944444444444446
2025-02-21 21:00:00-03:00,24.6,9.4,0,2.611111111111111
2025-02-21 22:00:00-03:00,24.4,11.1,0,3.083333333333333
2025-02-21 23:00:00-03:00,24.2,11.5,0,3.194444444444444
2025-02-22 00:00:00-03:00,23.7,9.6,0,2.6666666666666665
2025-02-22 01:00:00-03:00,23.2,6.6,0,1.8333333333333333
2025-02-22 02:00:00-03:00,22.5,6.6,0,1.8333333333333333
2025-02-22 03:00:00-03:00,22.2,5.5,0,1.5277777777777777
2025-02-22 04:00:00-03:00,22.3,7.2,0,2.0
2025-02-22 05:00:00-03:00,21.9,5.7,0,1.5833333333333333
2025-02-22 06:00:00-03:00,21.5,5.0,0,1.3888888888888888
2025-02-22 07:00:00-03:00,22.6,6.7,31,1.8611111111111112
2025-02-22 08:00:00-03:00,24.6,10.9,199,3.0277777777777777
2025-02-22 09:00:00-03:00,26.0,10.5,352,2.9166666666666665
2025-02-22 10:00:00-03:00,27.5,11.6,557,3.222222222222222
2025-02-22 11:00:00-03:00,28.4,11.2,744,3.1111111111111107
2025-02-22 12:00:00-03:00,29.0,11.5,849,3.194444444444444
2025-02-22 13:00:00-03:00,29.3,11.6,889,3.222222222222222
2025-02-22 14:00:00-03:00,29.2,12.6,875,3.5
2025-02-22 15:00:00-03:00,29.1,14.1,836,3.9166666666666665
2025-02-22 16:00:00-03:00,28.9,14.9,705,4.138888888888889
2025-02-22 17:00:00-03:00,28.1,14.3,513,3.9722222222222223
2025-02-22 18:00:00-03:00,27.2,11.4,297,3.1666666666666665
2025-02-22 19:00:00-03:00,25.8,8.1,82,2.25
2025-02-22 20:00:00-03:00,25.3,11.1,1,3.083333333333333
2025-02-22 21:00:00-03:00,25.3,13.5,0,3.75
2025-02-22 22:00:00-03:00,24.8,14.9,0,4.138888888888889
2025-02-22 23:00:00-03:00,24.5,15.5,0,4.305555555555555
2025-02-23 00:00:00-03:00,24.2,15.3,0,4.25
2025-02-23 01:00:00-03:00,24.1,14.5,0,4.027777777777778
2025-02-23 02:00:00-03:00,23.6,12.5,0,3.4722222222222223
2025-02-23 03:00:00-03:00,23.2,9.9,0,2.75
2025-02-23 04:00:00-03:00,23.2,9.7,0,2.694444444444444
2025-02-23 05:00:00-03:00,23.3,11.1,0,3.083333333333333
2025-02-23 06:00:00-03:00,23.3,11.1,0,3.083333333333333
2025-02-23 07:00:00-03:00,23.7,12.4,23,3.4444444444444446
2025-02-23 08:00:00-03:00,25.0,16.5,173,4.583333333333333
2025-02-23 09:00:00-03:00,26.1,19.3,392,5.361111111111112
2025-02-23 10:00:00-03:00,27.4,19.7,575,5.472222222222222
2025-02-23 11:00:00-03:00,28.0,19.3,702,5.361111111111112
2025-02-23 12:00:00-03:00,28.6,18.1,826,5.027777777777778
2025-02-23 13:00:00-03:00,29.0,17.8,873,4.944444444444445
2025-02-23 14:00:00-03:00,29.1,17.3,891,4.805555555555555
2025-02-23 15:00:00-03:00,29.2,16.5,852,4.583333333333333
2025-02-23 16:00:00-03:00,28.9,17.2,714,4.777777777777778
2025-02-23 17:00:00-03:00,28.2,16.5,521,4.583333333333333
2025-02-23 18:00:00-03:00,27.3,12.5,303,3.4722222222222223
2025-02-23 19:00:00-03:00,26.2,12.4,91,3.4444444444444446
2025-02-23 20:00:00-03:00,25.6,16.3,0,4.527777777777778
2025-02-23 21:00:00-03:00,25.2,16.5,0,4.583333333333333
2025-02-23 22:00:00-03:00,24.6,16.9,0,4.694444444444444
2025-02-23 23:00:00-03:00,24.2,16.2,0,4.5
2025-02-24 00:00:00-03:00,23.9,16.0,0,4.444444444444445
2025-02-24 01:00:00-03:00,23.8,14.6,0,4.055555555555555
2025-02-24 02:00:00-03:00,23.6,12.9,0,3.583333333333333
2025-02-24 03:00:00-03:00,23.5,11.0,0,3.055555555555556
2025-02-24 04:00:00-03:00,22.9,8.9,0,2.4722222222222223
2025-02-24 05:00:00-03:00,22.6,8.9,0,2.4722222222222223
2025-02-24 06:00:00-03:00,22.6,9.6,0,2.6666666666666665
2025-02-24 07:00:00-03:00,23.2,9.2,29,2.555555555555556
2025-02-24 08:00:00-03:00,25.2,15.3,202,4.25
2025-02-24 09:00:00-03:00,26.3,18.2,358,5.055555555555555
2025-02-24 10:00:00-03:00,27.9,14.4,572,4.0
2025-02-24 11:00:00-03:00,29.1,9.7,751,2.694444444444444
2025-02-24 12:00:00-03:00,30.2,8.8,911,2.4444444444444446
2025-02-24 13:00:00-03:00,30.6,8.9,960,2.4722222222222223
2025-02-24 14:00:00-03:00,30.9,9.3,936,2.583333333333333
2025-02-24 15:00:00-03:00,30.8,9.3,805,2.583333333333333
2025-02-24 16:00:00-03:00,30.1,11.0,677,3.055555555555556
2025-02-24 17:00:00-03:00,29.3,9.4,460,2.611111111111111
2025-02-24 18:00:00-03:00,28.7,8.7,278,2.4166666666666665
2025-02-24 19:00:00-03:00,27.3,6.0,83,1.6666666666666663
2025-02-24 20:00:00-03:00,26.4,7.8,0,2.1666666666666665
2025-02-24 21:00:00-03:00,26.2,9.1,0,2.5277777777777777
2025-02-24 22:00:00-03:00,26.2,8.9,0,2.4722222222222223
2025-02-24 23:00:00-03:00,25.9,9.8,0,2.7222222222222223
2025-02-25 00:00:00-03:00,25.4,8.9,0,2.4722222222222223
2025-02-25 01:00:00-03:00,24.9,8.3,0,2.305555555555556
2025-02-25 02:00:00-03:00,24.7,9.0,0,2.5
2025-02-25 03:00:00-03:00,24.4,8.5,0,2.361111111111111
2025-02-25 04:00:00-03:00,24.1,8.0,0,2.2222222222222223
2025-02-25 05:00:00-03:00,23.7,8.1,0,2.25
2025-02-25 06:00:00-03:00,23.1,6.7,0,1.8611111111111112
2025-02-25 07:00:00-03:00,23.6,7.2,28,2.0
2025-02-25 08:00:00-03:00,25.8,3.8,201,1.0555555555555556
2025-02-25 09:00:00-03:00,28.5,3.2,421,0.888888888888889
2025-02-25 10:00:00-03:00,31.3,6.9,623,1.9166666666666667
2025-02-25 11:00:00-03:00,33.3,9.5,788,2.638888888888889
2025-02-25 12:00:00-03:00,35.0,10.0,884,2.7777777777777777
2025-02-25 13:00:00-03:00,36.0,10.6,930,2.944444444444444
2025-02-25 14:00:00-03:00,36.3,9.7,886,2.694444444444444
2025-02-25 15:00:00-03:00,36.2,7.0,774,1.9444444444444444
2025-02-25 16:00:00-03:00,35.1,9.4,615,2.611111111111111
2025-02-25 17:00:00-03:00,26.9,11.7,338,3.25
2025-02-25 18:00:00-03:00,27.1,10.1,235,2.805555555555556
2025-02-25 19:00:00-03:00,26.3,2.3,65,0.6388888888888888
2025-02-25 20:00:00-03:00,25.4,3.8,0,1.0555555555555556
2025-02-25 21:00:00-03:00,25.4,5.5,0,1.5277777777777777
2025-02-25 22:00:00-03:00,23.6,0.8,0,0.2222222222222222
2025-02-25 23:00:00-03:00,23.4,0.8,0,0.2222222222222222
2025-02-26 00:00:00-03:00,23.5,2.7,0,0.75
2025-02-26 01:00:00-03:00,23.5,3.7,0,1.027777777777778
2025-02-26 02:00:00-03:00,23.4,3.7,0,1.027777777777778
2025-02-26 03:00:00-03:00,23.5,3.8,0,1.0555555555555556
2025-02-26 04:00:00-03:00,23.3,3.8,0,1.0555555555555556
2025-02-26 05:00:00-03:00,23.3,2.4,0,0.6666666666666666
2025-02-26 06:00:00-03:00,23.1,1.4,0,0.3888888888888888
2025-02-26 07:00:00-03:00,23.9,3.8,25,1.0555555555555556
2025-02-26 08:00:00-03:00,26.3,2.7,194,0.75
2025-02-26 09:00:00-03:00,28.7,1.5,411,0.4166666666666666
2025-02-26 10:00:00-03:00,25.5,12.2,154,3.3888888888888884
2025-02-26 11:00:00-03:00,25.6,6.6,206,1.8333333333333333
2025-02-26 12:00:00-03:00,24.9,10.4,167,2.888888888888889
2025-02-26 13:00:00-03:00,26.7,10.1,509,2.805555555555556
2025-02-26 14:00:00-03:00,26.6,9.4,284,2.611111111111111
2025-02-26 15:00:00-03:00,28.2,12.9,628,3.583333333333333
2025-02-26 16:00:00-03:00,28.0,9.3,503,2.583333333333333
2025-02-26 17:00:00-03:00,27.8,12.5,437,3.4722222222222223
2025-02-26 18:00:00-03:00,26.9,8.7,174,2.4166666666666665
2025-02-26 19:00:00-03:00,25.9,4.7,30,1.3055555555555556
2025-02-26 20:00:00-03:00,25.1,9.5,0,2.638888888888889
2025-02-26 21:00:00-03:00,24.4,8.4,0,2.333333333333333
2025-02-26 22:00:00-03:00,24.1,3.6,0,1.0
2025-02-26 23:00:00-03:00,24.0,0.6,0,0.1666666666666666
2025-02-27 00:00:00-03:00,24.1,2.0,0,0.5555555555555556
2025-02-27 01:00:00-03:00,24.1,3.8,0,1.0555555555555556
2025-02-27 02:00:00-03:00,23.9,0.6,0,0.1666666666666666
2025-02-27 03:00:00-03:00,23.5,0.6,0,0.1666666666666666
2025-02-27 04:00:00-03:00,23.5,0.0,0,0.0
2025-02-27 05:00:00-03:00,23.4,1.5,0,0.4166666666666666
2025-02-27 06:00:00-03:00,23.3,3.5,0,0.9722222222222222
2025-02-27 07:00:00-03:00,24.1,5.1,20,1.4166666666666663
2025-02-27 08:00:00-03:00,25.2,6.7,170,1.8611111111111112
2025-02-27 09:00:00-03:00,26.4,10.1,355,2.805555555555556
2025-02-27 10:00:00-03:00,27.3,9.6,446,2.6666666666666665
2025-02-27 11:00:00-03:00,28.2,9.7,533,2.694444444444444
2025-02-27 12:00:00-03:00,27.2,13.7,475,3.8055555555555554
2025-02-27 13:00:00-03:00,26.5,11.5,496,3.194444444444444
2025-02-27 14:00:00-03:00,28.0,10.4,759,2.888888888888889
2025-02-27 15:00:00-03:00,28.7,10.6,808,2.944444444444444
2025-02-27 16:00:00-03:00,28.4,13.0,642,3.611111111111111
2025-02-27 17:00:00-03:00,28.0,13.6,473,3.7777777777777777
2025-02-27 18:00:00-03:00,27.4,12.6,227,3.5
2025-02-27 19:00:00-03:00,26.5,8.5,58,2.361111111111111
2025-02-27 20:00:00-03:00,25.9,9.1,0,2.5277777777777777
2025-02-27 21:00:00-03:00,25.7,7.9,0,2.1944444444444446
2025-02-27 22:00:00-03:00,25.5,9.2,0,2.555555555555556
2025-02-27 23:00:00-03:00,25.3,8.4,0,2.333333333333333
2025-02-28 00:00:00-03:00,25.0,7.7,0,2.138888888888889
2025-02-28 01:00:00-03:00,24.8,7.0,0,1.9444444444444444
2025-02-28 02:00:00-03:00,24.6,5.8,0,1.611111111111111
2025-02-28 03:00:00-03:00,24.3,6.5,0,1.805555555555556
2025-02-28 04:00:00-03:00,23.9,6.5,0,1.805555555555556
2025-02-28 05:00:00-03:00,23.8,5.6,0,1.5555555555555554
2025-02-28 06:00:00-03:00,23.5,5.2,0,1.4444444444444444
2025-02-28 07:00:00-03:00,24.0,6.8,21,1.8888888888888888
2025-02-28 08:00:00-03:00,25.3,5.4,95,1.5
2025-02-28 09:00:00-03:00,27.5,6.6,346,1.8333333333333333
2025-02-28 10:00:00-03:00,27.4,8.2,220,2.2777777777777777
2025-02-28 11:00:00-03:00,29.1,8.3,575,2.305555555555556
2025-02-28 12:00:00-03:00,30.3,5.5,630,1.5277777777777777
2025-02-28 13:00:00-03:00,31.5,3.7,786,1.027777777777778
2025-02-28 14:00:00-03:00,32.1,4.7,847,1.3055555555555556
2025-02-28 15:00:00-03:00,32.0,6.5,731,1.805555555555556
2025-02-28 16:00:00-03:00,30.8,7.8,591,2.1666666666666665
2025-02-28 17:00:00-03:00,29.3,6.5,303,1.805555555555556
2025-02-28 18:00:00-03:00,25.6,3.6,39,1.0
2025-02-28 19:00:00-03:00,25.4,4.4,16,1.2222222222222223
2025-02-28 20:00:00-03:00,25.1,4.1,0,1.1388888888888888
2025-02-28 21:00:00-03:00,25.1,8.1,0,2.25
2025-02-28 22:00:00-03:00,26.1,8.3,0,2.305555555555556
2025-02-28 23:00:00-03:00,25.9,10.6,0,2.944444444444444
2025-03-01 00:00:00-03:00,25.7,11.1,0,3.083333333333333
2025-03-01 01:00:00-03:00,25.3,9.9,0,2.75
2025-03-01 02:00:00-03:00,24.9,9.0,0,2.5
2025-03-01 03:00:00-03:00,24.7,9.4,0,2.611111111111111
2025-03-01 04:00:00-03:00,24.8,9.9,0,2.75
2025-03-01 05:00:00-03:00,24.6,10.6,0,2.944444444444444
2025-03-01 06:00:00-03:00,24.6,9.2,0,2.555555555555556
2025-03-01 07:00:00-03:00,25.1,8.6,23,2.388888888888889
2025-03-01 08:00:00-03:00,27.1,6.9,186,1.9166666666666667
2025-03-01 09:00:00-03:00,29.3,6.1,402,1.6944444444444442
2025-03-01 10:00:00-03:00,31.0,10.1,548,2.805555555555556
2025-03-01 11:00:00-03:00,32.4,11.5,746,3.194444444444444
2025-03-01 12:00:00-03:00,31.0,16.0,653,4.444444444444445
2025-03-01 13:00:00-03:00,31.2,15.4,685,4.277777777777778
2025-03-01 14:00:00-03:00,31.3,12.8,695,3.555555555555556
2025-03-01 15:00:00-03:00,31.4,11.5,606,3.194444444444444
2025-03-01 16:00:00-03:00,31.8,8.8,633,2.4444444444444446
2025-03-01 17:00:00-03:00,31.6,8.0,447,2.2222222222222223
2025-03-01 18:00:00-03:00,30.8,5.4,252,1.5
2025-03-01 19:00:00-03:00,29.0,6.5,68,1.805555555555556
2025-03-01 20:00:00-03:00,28.1,7.9,0,2.1944444444444446
2025-03-01 21:00:00-03:00,27.4,7.8,0,2.1666666666666665
2025-03-01 22:00:00-03:00,25.1,5.4,0,1.5
2025-03-01 23:00:00-03:00,24.5,4.7,0,1.3055555555555556
2025-03-02 00:00:00-03:00,24.2,4.6,0,1.2777777777777777
2025-03-02 01:00:00-03:00,24.0,5.8,0,1.611111111111111
2025-03-02 02:00:00-03:00,24.0,7.6,0,2.111111111111111
2025-03-02 03:00:00-03:00,23.6,6.6,0,1.8333333333333333
2025-03-02 04:00:00-03:00,23.2,7.8,0,2.1666666666666665
2025-03-02 05:00:00-03:00,23.0,6.8,0,1.8888888888888888
2025-03-02 06:00:00-03:00,22.8,5.0,0,1.3888888888888888
2025-03-02 07:00:00-03:00,23.3,6.5,16,1.805555555555556
2025-03-02 08:00:00-03:00,24.9,8.3,163,2.305555555555556
2025-03-02 09:00:00-03:00,26.7,8.0,374,2.2222222222222223
2025-03-02 10:00:00-03:00,28.2,4.6,503,1.2777777777777777
2025-03-02 11:00:00-03:00,29.4,2.1,593,0.5833333333333334
2025-03-02 12:00:00-03:00,30.4,3.2,618,0.888888888888889
2025-03-02 13:00:00-03:00,31.3,5.0,724,1.3888888888888888
2025-03-02 14:00:00-03:00,32.1,6.8,826,1.8888888888888888
2025-03-02 15:00:00-03:00,30.9,11.6,707,3.222222222222222
2025-03-02 16:00:00-03:00,29.8,13.3,645,3.6944444444444446
2025-03-02 17:00:00-03:00,28.9,13.4,419,3.7222222222222223
2025-03-02 18:00:00-03:00,27.3,13.6,197,3.7777777777777777
2025-03-02 19:00:00-03:00,26.3,10.4,56,2.888888888888889
2025-03-02 20:00:00-03:00,25.8,10.0,0,2.7777777777777777
2025-03-02 21:00:00-03:00,25.9,9.3,0,2.583333333333333
2025-03-02 22:00:00-03:00,25.6,9.0,0,2.5
2025-03-02 23:00:00-03:00,25.7,8.3,0,2.305555555555556
2025-03-03 00:00:00-03:00,25.7,7.4,0,2.055555555555556
2025-03-03 01:00:00-03:00,25.7,5.2,0,1.4444444444444444
2025-03-03 02:00:00-03:00,25.7,4.7,0,1.3055555555555556
2025-03-03 03:00:00-03:00,25.3,3.3,0,0.9166666666666666
2025-03-03 04:00:00-03:00,25.1,1.3,0,0.3611111111111111
2025-03-03 05:00:00-03:00,24.6,2.1,0,0.5833333333333334
2025-03-03 06:00:00-03:00,24.0,4.1,0,1.1388888888888888
2025-03-03 07:00:00-03:00,24.6,6.6,20,1.8333333333333333
2025-03-03 08:00:00-03:00,26.6,4.1,179,1.1388888888888888
2025-03-03 09:00:00-03:00,28.7,9.3,392,2.583333333333333
2025-03-03 10:00:00-03:00,30.2,7.3,577,2.0277777777777777
2025-03-03 11:00:00-03:00,31.6,8.0,759,2.2222222222222223
2025-03-03 12:00:00-03:00,32.5,8.9,875,2.4722222222222223
2025-03-03 13:00:00-03:00,33.0,8.6,920,2.388888888888889
2025-03-03 14:00:00-03:00,33.7,6.6,877,1.8333333333333333
2025-03-03 15:00:00-03:00,33.0,11.2,728,3.1111111111111107
2025-03-03 16:00:00-03:00,31.7,11.2,606,3.1111111111111107
2025-03-03 17:00:00-03:00,28.0,12.3,334,3.416666666666667
2025-03-03 18:00:00-03:00,28.8,5.6,218,1.5555555555555554
2025-03-03 19:00:00-03:00,27.5,0.4,26,0.1111111111111111
2025-03-03 20:00:00-03:00,27.3,4.8,0,1.3333333333333333
2025-03-03 21:00:00-03:00,27.4,7.6,0,2.111111111111111
2025-03-03 22:00:00-03:00,26.1,0.9,0,0.25
2025-03-03 23:00:00-03:00,26.1,3.8,0,1.0555555555555556
2025-03-04 00:00:00-03:00,26.5,6.4,0,1.777777777777778
2025-03-04 01:00:00-03:00,26.8,9.2,0,2.555555555555556
2025-03-04 02:00:00-03:00,26.4,6.5,0,1.805555555555556
2025-03-04 03:00:00-03:00,26.1,10.3,0,2.861111111111111
2025-03-04 04:00:00-03:00,25.4,4.9,0,1.3611111111111112
2025-03-04 05:00:00-03:00,24.6,3.5,0,0.9722222222222222
2025-03-04 06:00:00-03:00,24.3,4.8,0,1.3333333333333333
2025-03-04 07:00:00-03:00,25.3,5.7,19,1.5833333333333333
2025-03-04 08:00:00-03:00,27.0,9.0,176,2.5
2025-03-04 09:00:00-03:00,28.5,7.5,358,2.083333333333333
2025-03-04 10:00:00-03:00,29.8,7.7,589,2.138888888888889
2025-03-04 11:00:00-03:00,31.4,7.1,770,1.972222222222222
2025-03-04 12:00:00-03:00,32.5,8.9,883,2.4722222222222223
2025-03-04 13:00:00-03:00,32.9,10.1,929,2.805555555555556
2025-03-04 14:00:00-03:00,32.8,9.6,906,2.6666666666666665
2025-03-04 15:00:00-03:00,32.5,9.2,818,2.555555555555556
2025-03-04 16:00:00-03:00,32.0,9.5,672,2.638888888888889
2025-03-04 17:00:00-03:00,31.0,9.4,482,2.611111111111111
2025-03-04 18:00:00-03:00,29.6,7.7,262,2.138888888888889
2025-03-04 19:00:00-03:00,27.8,6.5,63,1.805555555555556
2025-03-04 20:00:00-03:00,27.2,6.3,0,1.75
2025-03-04 21:00:00-03:00,27.7,10.8,0,3.0
2025-03-04 22:00:00-03:00,27.1,11.8,0,3.2777777777777777
2025-03-04 23:00:00-03:00,26.3,10.6,0,2.944444444444444
2025-03-05 00:00:00-03:00,25.9,11.1,0,3.083333333333333
2025-03-05 01:00:00-03:00,25.8,11.6,0,3.222222222222222
2025-03-05 02:00:00-03:00,25.5,12.0,0,3.333333333333333
2025-03-05 03:00:00-03:00,25.3,10.0,0,2.7777777777777777
2025-03-05 04:00:00-03:00,24.8,6.5,0,1.805555555555556
2025-03-05 05:00:00-03:00,24.6,6.6,0,1.8333333333333333
2025-03-05 06:00:00-03:00,24.5,9.0,0,2.5
2025-03-05 07:00:00-03:00,24.7,10.5,10,2.9166666666666665
2025-03-05 08:00:00-03:00,25.5,9.2,153,2.555555555555556
2025-03-05 09:00:00-03:00,27.2,7.5,386,2.083333333333333
2025-03-05 10:00:00-03:00,29.7,7.9,605,2.1944444444444446
2025-03-05 11:00:00-03:00,31.5,8.4,772,2.333333333333333
2025-03-05 12:00:00-03:00,32.8,9.0,883,2.5
2025-03-05 13:00:00-03:00,33.2,11.7,928,3.25
2025-03-05 14:00:00-03:00,33.1,13.3,869,3.6944444444444446
2025-03-05 15:00:00-03:00,32.5,14.7,746,4.083333333333333
2025-03-05 16:00:00-03:00,31.5,15.1,614,4.194444444444445
2025-03-05 17:00:00-03:00,30.2,14.4,443,4.0
2025-03-05 18:00:00-03:00,29.0,12.7,251,3.5277777777777777
2025-03-05 19:00:00-03:00,28.1,15.2,59,4.222222222222222
2025-03-05 20:00:00-03:00,27.9,15.1,0,4.194444444444445
2025-03-05 21:00:00-03:00,27.7,15.6,0,4.333333333333333
2025-03-05 22:00:00-03:00,26.8,12.9,0,3.583333333333333
2025-03-05 23:00:00-03:00,26.1,10.8,0,3.0
2025-03-06 00:00:00-03:00,25.6,11.1,0,3.083333333333333
2025-03-06 01:00:00-03:00,25.1,11.0,0,3.055555555555556
2025-03-06 02:00:00-03:00,24.6,9.5,0,2.638888888888889
2025-03-06 03:00:00-03:00,24.3,9.1,0,2.5277777777777777
2025-03-06 04:00:00-03:00,24.1,8.8,0,2.4444444444444446
2025-03-06 05:00:00-03:00,23.9,8.2,0,2.2777777777777777
2025-03-06 06:00:00-03:00,23.9,8.9,0,2.4722222222222223
2025-03-06 07:00:00-03:00,24.0,7.7,18,2.138888888888889
2025-03-06 08:00:00-03:00,25.6,5.5,181,1.5277777777777777
2025-03-06 09:00:00-03:00,27.5,6.3,400,1.75
2025-03-06 10:00:00-03:00,30.0,7.5,605,2.083333333333333
2025-03-06 11:00:00-03:00,31.8,7.6,769,2.111111111111111
2025-03-06 12:00:00-03:00,33.4,7.6,878,2.111111111111111
2025-03-06 13:00:00-03:00,35.0,7.1,900,1.972222222222222
2025-03-06 14:00:00-03:00,35.3,7.5,814,2.083333333333333
2025-03-06 15:00:00-03:00,34.8,9.4,726,2.611111111111111
2025-03-06 16:00:00-03:00,33.6,12.7,621,3.5277777777777777
2025-03-06 17:00:00-03:00,31.5,13.7,392,3.8055555555555554
2025-03-06 18:00:00-03:00,30.0,11.2,219,3.1111111111111107
2025-03-06 19:00:00-03:00,28.9,13.4,48,3.7222222222222223
2025-03-06 20:00:00-03:00,28.4,13.2,0,3.6666666666666665
2025-03-06 21:00:00-03:00,28.0,13.9,0,3.861111111111111
2025-03-06 22:00:00-03:00,27.6,14.6,0,4.055555555555555
2025-03-06 23:00:00-03:00,26.8,13.4,0,3.7222222222222223
2025-03-07 00:00:00-03:00,26.2,12.5,0,3.4722222222222223
2025-03-07 01:00:00-03:00,25.7,10.8,0,3.0
2025-03-07 02:00:00-03:00,25.0,8.9,0,2.4722222222222223
2025-03-07 03:00:00-03:00,24.7,8.9,0,2.4722222222222223
2025-03-07 04:00:00-03:00,24.6,9.3,0,2.583333333333333
2025-03-07 05:00:00-03:00,24.4,9.3,0,2.583333333333333
2025-03-07 06:00:00-03:00,24.4,8.5,0,2.361111111111111
2025-03-07 07:00:00-03:00,24.6,8.7,15,2.4166666666666665
2025-03-07 08:00:00-03:00,25.9,13.5,150,3.75
2025-03-07 09:00:00-03:00,27.4,13.4,338,3.7222222222222223
2025-03-07 10:00:00-03:00,29.2,12.6,578,3.5
2025-03-07 11:00:00-03:00,30.7,12.3,765,3.416666666666667
2025-03-07 12:00:00-03:00,31.9,12.9,876,3.583333333333333
2025-03-07 13:00:00-03:00,32.8,13.4,921,3.7222222222222223
2025-03-07 14:00:00-03:00,32.8,13.6,899,3.7777777777777777
2025-03-07 15:00:00-03:00,32.3,14.9,810,4.138888888888889
2025-03-07 16:00:00-03:00,31.3,15.1,624,4.194444444444445
2025-03-07 17:00:00-03:00,30.2,14.3,444,3.9722222222222223
2025-03-07 18:00:00-03:00,29.2,11.6,247,3.222222222222222
2025-03-07 19:00:00-03:00,27.9,11.9,55,3.305555555555556
2025-03-07 20:00:00-03:00,27.1,12.4,0,3.4444444444444446
2025-03-07 21:00:00-03:00,26.6,14.6,0,4.055555555555555
2025-03-07 22:00:00-03:00,26.3,15.2,0,4.222222222222222
2025-03-07 23:00:00-03:00,25.7,14.7,0,4.083333333333333
2025-03-08 00:00:00-03:00,25.1,14.3,0,3.9722222222222223
2025-03-08 01:00:00-03:00,24.8,13.9,0,3.861111111111111
2025-03-08 02:00:00-03:00,24.5,11.9,0,3.305555555555556
2025-03-08 03:00:00-03:00,24.2,10.0,0,2.7777777777777777
2025-03-08 04:00:00-03:00,23.9,11.7,0,3.25
2025-03-08 05:00:00-03:00,23.8,11.8,0,3.2777777777777777
2025-03-08 06:00:00-03:00,23.6,11.1,0,3.083333333333333
2025-03-08 07:00:00-03:00,23.8,10.9,16,3.0277777777777777
2025-03-08 08:00:00-03:00,25.7,9.8,172,2.7222222222222223
2025-03-08 09:00:00-03:00,27.9,10.2,389,2.833333333333333
2025-03-08 10:00:00-03:00,30.8,11.2,592,3.1111111111111107
2025-03-08 11:00:00-03:00,32.7,11.0,757,3.055555555555556
2025-03-08 12:00:00-03:00,34.4,11.6,866,3.222222222222222
2025-03-08 13:00:00-03:00,35.8,14.0,901,3.888888888888889
2025-03-08 14:00:00-03:00,34.3,17.9,862,4.972222222222221
2025-03-08 15:00:00-03:00,34.0,11.9,594,3.305555555555556
2025-03-08 16:00:00-03:00,32.9,8.2,598,2.2777777777777777
2025-03-08 17:00:00-03:00,32.3,7.5,353,2.083333333333333
2025-03-08 18:00:00-03:00,30.7,4.4,162,1.2222222222222223
2025-03-08 19:00:00-03:00,28.9,4.1,47,1.1388888888888888
2025-03-08 20:00:00-03:00,24.6,16.2,0,4.5
2025-03-08 21:00:00-03:00,24.2,8.1,0,2.25
2025-03-08 22:00:00-03:00,23.3,11.4,0,3.1666666666666665
2025-03-08 23:00:00-03:00,23.1,13.2,0,3.6666666666666665
2025-03-09 00:00:00-03:00,22.9,13.6,0,3.7777777777777777
2025-03-09 01:00:00-03:00,22.9,14.9,0,4.138888888888889
2025-03-09 02:00:00-03:00,22.7,17.3,0,4.805555555555555
2025-03-09 03:00:00-03:00,22.1,18.5,0,5.138888888888888
2025-03-09 04:00:00-03:00,21.5,16.7,0,4.638888888888888
2025-03-09 05:00:00-03:00,21.0,16.6,0,4.611111111111112
2025-03-09 06:00:00-03:00,20.6,15.3,0,4.25
2025-03-09 07:00:00-03:00,20.0,12.1,2,3.3611111111111107
2025-03-09 08:00:00-03:00,20.5,15.5,38,4.305555555555555
2025-03-09 09:00:00-03:00,22.2,14.4,275,4.0
2025-03-09 10:00:00-03:00,23.6,20.0,513,5.555555555555555
2025-03-09 11:00:00-03:00,24.2,20.5,635,5.694444444444445
2025-03-09 12:00:00-03:00,24.9,19.3,623,5.361111111111112
2025-03-09 13:00:00-03:00,25.5,19.1,778,5.305555555555556
2025-03-09 14:00:00-03:00,25.6,19.0,706,5.277777777777778
2025-03-09 15:00:00-03:00,24.5,19.5,557,5.416666666666667
2025-03-09 16:00:00-03:00,24.0,20.0,436,5.555555555555555
2025-03-09 17:00:00-03:00,23.1,19.8,388,5.5
2025-03-09 18:00:00-03:00,21.9,17.0,213,4.722222222222222
2025-03-09 19:00:00-03:00,21.0,13.2,44,3.6666666666666665
2025-03-09 20:00:00-03:00,20.3,12.3,0,3.416666666666667
2025-03-09 21:00:00-03:00,19.4,10.5,0,2.9166666666666665
2025-03-09 22:00:00-03:00,18.1,9.5,0,2.638888888888889
2025-03-09 23:00:00-03:00,17.8,10.7,0,2.972222222222222
2025-03-10 00:00:00-03:00,17.6,10.9,0,3.0277777777777777
2025-03-10 01:00:00-03:00,17.4,9.6,0,2.6666666666666665
2025-03-10 02:00:00-03:00,16.9,8.2,0,2.2777777777777777
2025-03-10 03:00:00-03:00,16.4,7.5,0,2.083333333333333
2025-03-10 04:00:00-03:00,16.1,9.0,0,2.5
2025-03-10 05:00:00-03:00,15.7,10.9,0,3.0277777777777777
2025-03-10 06:00:00-03:00,15.3,11.0,0,3.055555555555556
2025-03-10 07:00:00-03:00,15.4,10.7,15,2.972222222222222
2025-03-10 08:00:00-03:00,17.2,9.7,173,2.694444444444444
2025-03-10 09:00:00-03:00,19.6,9.7,397,2.694444444444444
2025-03-10 10:00:00-03:00,22.1,8.7,605,2.4166666666666665
2025-03-10 11:00:00-03:00,23.5,5.2,647,1.4444444444444444
2025-03-10 12:00:00-03:00,24.7,2.3,770,0.6388888888888888
2025-03-10 13:00:00-03:00,25.5,2.3,830,0.6388888888888888
2025-03-10 14:00:00-03:00,25.8,3.8,772,1.0555555555555556
2025-03-10 15:00:00-03:00,25.5,5.3,520,1.472222222222222
2025-03-10 16:00:00-03:00,24.9,7.2,422,2.0
2025-03-10 17:00:00-03:00,23.7,8.3,199,2.305555555555556
2025-03-10 18:00:00-03:00,23.1,6.3,163,1.75
2025-03-10 19:00:00-03:00,20.9,4.4,47,1.2222222222222223
2025-03-10 20:00:00-03:00,20.3,3.7,0,1.027777777777778
2025-03-10 21:00:00-03:00,19.8,3.4,0,0.9444444444444444
2025-03-10 22:00:00-03:00,19.4,7.1,0,1.972222222222222
2025-03-10 23:00:00-03:00,18.9,7.5,0,2.083333333333333
2025-03-11 00:00:00-03:00,18.0,6.2,0,1.7222222222222223
2025-03-11 01:00:00-03:00,17.4,6.2,0,1.7222222222222223
2025-03-11 02:00:00-03:00,17.5,6.4,0,1.777777777777778
2025-03-11 03:00:00-03:00,17.0,5.6,0,1.5555555555555554
2025-03-11 04:00:00-03:00,16.4,4.7,0,1.3055555555555556
2025-03-11 05:00:00-03:00,16.0,4.3,0,1.1944444444444444
2025-03-11 06:00:00-03:00,15.8,2.9,0,0.8055555555555555
2025-03-11 07:00:00-03:00,16.5,1.7,15,0.4722222222222222
2025-03-11 08:00:00-03:00,19.3,3.5,174,0.9722222222222222
2025-03-11 09:00:00-03:00,21.9,2.7,397,0.75
2025-03-11 10:00:00-03:00,24.5,2.0,605,0.5555555555555556
2025-03-11 11:00:00-03:00,25.9,1.7,769,0.4722222222222222
2025-03-11 12:00:00-03:00,26.7,3.6,868,1.0
2025-03-11 13:00:00-03:00,27.6,5.2,912,1.4444444444444444
2025-03-11 14:00:00-03:00,26.9,10.8,648,3.0
2025-03-11 15:00:00-03:00,25.7,14.0,522,3.888888888888889
2025-03-11 16:00:00-03:00,26.1,9.2,574,2.555555555555556
2025-03-11 17:00:00-03:00,25.8,8.9,408,2.4722222222222223
2025-03-11 18:00:00-03:00,24.4,7.2,202,2.0
2025-03-11 19:00:00-03:00,22.2,6.1,42,1.6944444444444442
2025-03-11 20:00:00-03:00,21.9,8.0,0,2.2222222222222223
2025-03-11 21:00:00-03:00,21.2,6.5,0,1.805555555555556
2025-03-11 22:00:00-03:00,20.7,5.3,0,1.472222222222222
2025-03-11 23:00:00-03:00,20.1,4.8,0,1.3333333333333333
2025-03-12 00:00:00-03:00,19.9,5.4,0,1.5
2025-03-12 01:00:00-03:00,19.4,5.6,0,1.5555555555555554
2025-03-12 02:00:00-03:00,19.1,5.6,0,1.5555555555555554
2025-03-12 03:00:00-03:00,18.8,5.6,0,1.5555555555555554
2025-03-12 04:00:00-03:00,18.5,6.7,0,1.8611111111111112
2025-03-12 05:00:00-03:00,18.3,6.7,0,1.8611111111111112
2025-03-12 06:00:00-03:00,18.2,7.1,0,1.972222222222222
2025-03-12 07:00:00-03:00,18.6,5.7,13,1.5833333333333333
2025-03-12 08:00:00-03:00,21.4,6.3,162,1.75
2025-03-12 09:00:00-03:00,23.3,8.4,377,2.333333333333333
2025-03-12 10:00:00-03:00,24.6,9.8,495,2.7222222222222223
2025-03-12 11:00:00-03:00,24.3,12.9,666,3.583333333333333
2025-03-12 12:00:00-03:00,22.7,10.6,482,2.944444444444444
2025-03-12 13:00:00-03:00,24.5,8.4,648,2.333333333333333
2025-03-12 14:00:00-03:00,25.5,10.1,768,2.805555555555556
2025-03-12 15:00:00-03:00,23.3,13.2,488,3.6666666666666665
2025-03-12 16:00:00-03:00,23.4,10.3,372,2.861111111111111
2025-03-12 17:00:00-03:00,21.8,11.6,299,3.222222222222222
2025-03-12 18:00:00-03:00,21.6,7.6,141,2.111111111111111
2025-03-12 19:00:00-03:00,20.3,9.4,17,2.611111111111111
2025-03-12 20:00:00-03:00,19.3,4.6,0,1.2777777777777777
2025-03-12 21:00:00-03:00,19.2,9.9,0,2.75
2025-03-12 22:00:00-03:00,19.2,6.6,0,1.8333333333333333
2025-03-12 23:00:00-03:00,18.9,8.8,0,2.4444444444444446
2025-03-13 00:00:00-03:00,18.9,8.7,0,2.4166666666666665
2025-03-13 01:00:00-03:00,18.8,9.0,0,2.5
2025-03-13 02:00:00-03:00,18.7,9.9,0,2.75
2025-03-13 03:00:00-03:00,18.6,12.2,0,3.3888888888888884
2025-03-13 04:00:00-03:00,18.6,14.9,0,4.138888888888889
2025-03-13 05:00:00-03:00,18.5,13.3,0,3.6944444444444446
2025-03-13 06:00:00-03:00,18.0,12.7,0,3.5277777777777777
2025-03-13 07:00:00-03:00,17.8,12.8,12,3.555555555555556
2025-03-13 08:00:00-03:00,19.2,14.4,146,4.0
2025-03-13 09:00:00-03:00,20.7,12.4,339,3.4444444444444446
2025-03-13 10:00:00-03:00,21.8,13.8,544,3.8333333333333335
2025-03-13 11:00:00-03:00,22.6,13.8,710,3.8333333333333335
2025-03-13 12:00:00-03:00,22.6,13.8,740,3.8333333333333335
2025-03-13 13:00:00-03:00,23.1,10.5,761,2.9166666666666665
2025-03-13 14:00:00-03:00,22.6,13.9,641,3.861111111111111
2025-03-13 15:00:00-03:00,21.6,11.8,327,3.2777777777777777
2025-03-13 16:00:00-03:00,22.1,18.0,531,5.0
2025-03-13 17:00:00-03:00,20.6,14.3,305,3.9722222222222223
2025-03-13 18:00:00-03:00,20.1,11.5,189,3.194444444444444
2025-03-13 19:00:00-03:00,18.9,10.9,33,3.0277777777777777
2025-03-13 20:00:00-03:00,17.8,9.0,0,2.5
2025-03-13 21:00:00-03:00,17.3,9.3,0,2.583333333333333
2025-03-13 22:00:00-03:00,17.2,12.9,0,3.583333333333333
2025-03-13 23:00:00-03:00,16.7,11.9,0,3.305555555555556
2025-03-14 00:00:00-03:00,16.3,11.9,0,3.305555555555556
2025-03-14 01:00:00-03:00,15.8,11.9,0,3.305555555555556
2025-03-14 02:00:00-03:00,15.4,13.1,0,3.638888888888889
2025-03-14 03:00:00-03:00,15.3,13.5,0,3.75
2025-03-14 04:00:00-03:00,15.2,12.5,0,3.4722222222222223
2025-03-14 05:00:00-03:00,15.1,13.2,0,3.6666666666666665
2025-03-14 06:00:00-03:00,15.0,13.4,0,3.7222222222222223
2025-03-14 07:00:00-03:00,15.3,14.2,11,3.944444444444444
2025-03-14 08:00:00-03:00,17.0,14.1,158,3.9166666666666665
2025-03-14 09:00:00-03:00,19.0,18.8,377,5.222222222222222
2025-03-14 10:00:00-03:00,21.0,16.4,583,4.555555555555555
2025-03-14 11:00:00-03:00,22.7,19.5,750,5.416666666666667
2025-03-14 12:00:00-03:00,23.4,18.7,798,5.194444444444444
2025-03-14 13:00:00-03:00,24.2,18.1,828,5.027777777777778
2025-03-14 14:00:00-03:00,24.7,17.7,832,4.916666666666666
2025-03-14 15:00:00-03:00,24.6,18.6,746,5.166666666666667
2025-03-14 16:00:00-03:00,24.1,19.3,571,5.361111111111112
2025-03-14 17:00:00-03:00,23.1,18.1,348,5.027777777777778
2025-03-14 18:00:00-03:00,21.9,12.4,205,3.4444444444444446
2025-03-14 19:00:00-03:00,20.4,10.4,34,2.888888888888889
2025-03-14 20:00:00-03:00,19.4,8.9,0,2.4722222222222223
2025-03-14 21:00:00-03:00,18.6,8.3,0,2.305555555555556
2025-03-14 22:00:00-03:00,18.0,8.5,0,2.361111111111111
2025-03-14 23:00:00-03:00,17.6,8.7,0,2.4166666666666665
2025-03-15 00:00:00-03:00,17.2,9.3,0,2.583333333333333
2025-03-15 01:00:00-03:00,16.8,10.8,0,3.0
2025-03-15 02:00:00-03:00,16.5,12.0,0,3.333333333333333
2025-03-15 03:00:00-03:00,16.3,12.4,0,3.4444444444444446
2025-03-15 04:00:00-03:00,16.0,12.2,0,3.3888888888888884
2025-03-15 05:00:00-03:00,15.7,11.9,0,3.305555555555556
2025-03-15 06:00:00-03:00,15.5,11.7,0,3.25
2025-03-15 07:00:00-03:00,15.8,12.5,11,3.4722222222222223
2025-03-15 08:00:00-03:00,17.7,12.0,141,3.333333333333333
2025-03-15 09:00:00-03:00,19.3,12.2,298,3.3888888888888884
2025-03-15 10:00:00-03:00,21.4,13.8,408,3.8333333333333335
2025-03-15 11:00:00-03:00,22.3,12.2,418,3.3888888888888884
2025-03-15 12:00:00-03:00,22.9,15.2,638,4.222222222222222
2025-03-15 13:00:00-03:00,23.8,13.3,669,3.6944444444444446
2025-03-15 14:00:00-03:00,24.7,13.7,725,3.8055555555555554
2025-03-15 15:00:00-03:00,24.2,13.8,530,3.8333333333333335
2025-03-15 16:00:00-03:00,23.8,12.5,311,3.4722222222222223
2025-03-15 17:00:00-03:00,23.4,13.8,325,3.8333333333333335
2025-03-15 18:00:00-03:00,22.6,11.2,174,3.1111111111111107
2025-03-15 19:00:00-03:00,21.1,8.8,32,2.4444444444444446
2025-03-15 20:00:00-03:00,20.0,5.8,0,1.611111111111111
2025-03-15 21:00:00-03:00,19.1,5.2,0,1.4444444444444444
2025-03-15 22:00:00-03:00,18.8,4.4,0,1.2222222222222223
2025-03-15 23:00:00-03:00,19.1,4.2,0,1.1666666666666667
2025-03-16 00:00:00-03:00,18.9,3.4,0,0.9444444444444444
2025-03-16 01:00:00-03:00,19.1,1.9,0,0.5277777777777778
2025-03-16 02:00:00-03:00,18.6,4.5,0,1.25
2025-03-16 03:00:00-03:00,18.3,5.2,0,1.4444444444444444
2025-03-16 04:00:00-03:00,18.2,5.7,0,1.5833333333333333
2025-03-16 05:00:00-03:00,18.1,6.1,0,1.6944444444444442
2025-03-16 06:00:00-03:00,17.9,4.0,0,1.1111111111111112
2025-03-16 07:00:00-03:00,18.1,4.8,7,1.3333333333333333
2025-03-16 08:00:00-03:00,19.6,6.3,80,1.75
2025-03-16 09:00:00-03:00,21.2,5.6,298,1.5555555555555554
2025-03-16 10:00:00-03:00,22.9,6.1,454,1.6944444444444442
2025-03-16 11:00:00-03:00,24.3,9.7,658,2.694444444444444
2025-03-16 12:00:00-03:00,25.3,10.7,749,2.972222222222222
2025-03-16 13:00:00-03:00,24.7,13.0,762,3.611111111111111
2025-03-16 14:00:00-03:00,24.8,12.4,556,3.4444444444444446
2025-03-16 15:00:00-03:00,25.5,14.8,651,4.111111111111112
2025-03-16 16:00:00-03:00,25.0,14.9,538,4.138888888888889
2025-03-16 17:00:00-03:00,24.4,14.4,400,4.0
2025-03-16 18:00:00-03:00,23.3,10.7,188,2.972222222222222
2025-03-16 19:00:00-03:00,21.9,8.9,28,2.4722222222222223
2025-03-16 20:00:00-03:00,21.4,8.4,0,2.333333333333333
2025-03-16 21:00:00-03:00,21.2,8.9,0,2.4722222222222223
2025-03-16 22:00:00-03:00,21.2,7.4,0,2.055555555555556
2025-03-16 23:00:00-03:00,20.5,5.9,0,1.6388888888888888
2025-03-17 00:00:00-03:00,20.3,5.5,0,1.5277777777777777
2025-03-17 01:00:00-03:00,19.9,4.7,0,1.3055555555555556
2025-03-17 02:00:00-03:00,19.5,4.0,0,1.1111111111111112
2025-03-17 03:00:00-03:00,19.3,5.1,0,1.4166666666666663
2025-03-17 04:00:00-03:00,19.3,3.5,0,0.9722222222222222
2025-03-17 05:00:00-03:00,19.3,3.5,0,0.9722222222222222
2025-03-17 06:00:00-03:00,19.1,2.7,0,0.75
2025-03-17 07:00:00-03:00,19.3,6.1,9,1.6944444444444442
2025-03-17 08:00:00-03:00,21.4,6.4,141,1.777777777777778
2025-03-17 09:00:00-03:00,23.4,7.7,347,2.138888888888889
2025-03-17 10:00:00-03:00,25.0,7.7,528,2.138888888888889
2025-03-17 11:00:00-03:00,25.7,9.1,657,2.5277777777777777
2025-03-17 12:00:00-03:00,25.9,10.2,742,2.833333333333333
2025-03-17 13:00:00-03:00,26.4,11.1,784,3.083333333333333
2025-03-17 14:00:00-03:00,25.4,12.1,644,3.3611111111111107
2025-03-17 15:00:00-03:00,24.2,12.4,358,3.4444444444444446
2025-03-17 16:00:00-03:00,24.6,11.4,384,3.1666666666666665
2025-03-17 17:00:00-03:00,24.0,11.7,312,3.25
2025-03-17 18:00:00-03:00,22.1,4.7,80,1.3055555555555556
2025-03-17 19:00:00-03:00,21.2,4.2,22,1.1666666666666667
2025-03-17 20:00:00-03:00,20.7,5.0,0,1.3888888888888888
2025-03-17 21:00:00-03:00,20.7,6.1,0,1.6944444444444442
2025-03-17 22:00:00-03:00,20.4,5.4,0,1.5
2025-03-17 23:00:00-03:00,20.3,8.3,0,2.305555555555556
2025-03-18 00:00:00-03:00,19.9,5.8,0,1.611111111111111
2025-03-18 01:00:00-03:00,19.6,4.7,0,1.3055555555555556
2025-03-18 02:00:00-03:00,19.5,4.8,0,1.3333333333333333
2025-03-18 03:00:00-03:00,19.1,4.6,0,1.2777777777777777
2025-03-18 04:00:00-03:00,18.8,6.5,0,1.805555555555556
2025-03-18 05:00:00-03:00,18.4,7.9,0,2.1944444444444446
2025-03-18 06:00:00-03:00,18.0,7.0,0,1.9444444444444444
2025-03-18 07:00:00-03:00,18.0,7.0,9,1.9444444444444444
2025-03-18 08:00:00-03:00,20.0,6.0,149,1.6666666666666663
2025-03-18 09:00:00-03:00,22.3,6.2,366,1.7222222222222223
2025-03-18 10:00:00-03:00,24.2,9.4,572,2.611111111111111
2025-03-18 11:00:00-03:00,25.4,10.7,717,2.972222222222222
2025-03-18 12:00:00-03:00,26.2,11.8,774,3.2777777777777777
2025-03-18 13:00:00-03:00,26.5,12.8,782,3.555555555555556
2025-03-18 14:00:00-03:00,26.5,13.4,748,3.7222222222222223
2025-03-18 15:00:00-03:00,26.6,13.2,656,3.6666666666666665
2025-03-18 16:00:00-03:00,26.4,13.4,507,3.7222222222222223
2025-03-18 17:00:00-03:00,25.5,11.9,331,3.305555555555556
2025-03-18 18:00:00-03:00,24.0,7.9,185,2.1944444444444446
2025-03-18 19:00:00-03:00,22.0,10.4,27,2.888888888888889
2025-03-18 20:00:00-03:00,20.9,8.2,0,2.2777777777777777
2025-03-18 21:00:00-03:00,19.5,4.3,0,1.1944444444444444
2025-03-18 22:00:00-03:00,19.0,3.8,0,1.0555555555555556
2025-03-18 23:00:00-03:00,18.8,1.5,0,0.4166666666666666
2025-03-19 00:00:00-03:00,18.2,1.2,0,0.3333333333333333
2025-03-19 01:00:00-03:00,17.5,2.8,0,0.7777777777777777
2025-03-19 02:00:00-03:00,17.3,4.9,0,1.3611111111111112
2025-03-19 03:00:00-03:00,17.2,5.8,0,1.611111111111111
2025-03-19 04:00:00-03:00,17.0,7.3,0,2.0277777777777777
2025-03-19 05:00:00-03:00,16.7,8.0,0,2.2222222222222223
2025-03-19 06:00:00-03:00,16.4,8.0,0,2.2222222222222223
2025-03-19 07:00:00-03:00,16.4,8.3,9,2.305555555555556
2025-03-19 08:00:00-03:00,18.9,8.2,153,2.2777777777777777
2025-03-19 09:00:00-03:00,21.9,7.5,373,2.083333333333333
2025-03-19 10:00:00-03:00,24.0,8.8,579,2.4444444444444446
2025-03-19 11:00:00-03:00,25.4,9.9,737,2.75
2025-03-19 12:00:00-03:00,26.6,8.6,825,2.388888888888889
2025-03-19 13:00:00-03:00,27.4,7.5,866,2.083333333333333
2025-03-19 14:00:00-03:00,27.9,7.5,851,2.083333333333333
2025-03-19 15:00:00-03:00,28.0,7.6,755,2.111111111111111
2025-03-19 16:00:00-03:00,27.8,7.5,603,2.083333333333333
2025-03-19 17:00:00-03:00,27.0,6.9,405,1.9166666666666667
2025-03-19 18:00:00-03:00,24.9,6.0,187,1.6666666666666663
2025-03-19 19:00:00-03:00,22.6,8.3,25,2.305555555555556
2025-03-19 20:00:00-03:00,21.6,7.3,0,2.0277777777777777
2025-03-19 21:00:00-03:00,20.9,5.6,0,1.5555555555555554
2025-03-19 22:00:00-03:00,20.2,5.3,0,1.472222222222222
2025-03-19 23:00:00-03:00,20.1,5.0,0,1.3888888888888888
2025-03-20 00:00:00-03:00,20.2,3.7,0,1.027777777777778
2025-03-20 01:00:00-03:00,20.0,3.0,0,0.8333333333333333
2025-03-20 02:00:00-03:00,19.3,3.2,0,0.888888888888889
2025-03-20 03:00:00-03:00,19.0,4.8,0,1.3333333333333333
2025-03-20 04:00:00-03:00,18.7,5.5,0,1.5277777777777777
2025-03-20 05:00:00-03:00,17.9,4.2,0,1.1666666666666667
2025-03-20 06:00:00-03:00,17.8,2.7,0,0.75
2025-03-20 07:00:00-03:00,18.3,2.8,7,0.7777777777777777
2025-03-20 08:00:00-03:00,20.2,2.3,66,0.6388888888888888
2025-03-20 09:00:00-03:00,22.2,1.9,203,0.5277777777777778
2025-03-20 10:00:00-03:00,25.4,4.6,503,1.2777777777777777
2025-03-20 11:00:00-03:00,26.5,2.9,644,0.8055555555555555
2025-03-20 12:00:00-03:00,26.8,6.6,669,1.8333333333333333
2025-03-20 13:00:00-03:00,27.0,6.9,759,1.9166666666666667
2025-03-20 14:00:00-03:00,26.9,9.5,644,2.638888888888889
2025-03-20 15:00:00-03:00,25.3,8.8,490,2.4444444444444446
2025-03-20 16:00:00-03:00,26.2,7.4,563,2.055555555555556
2025-03-20 17:00:00-03:00,25.7,6.9,344,1.9166666666666667
2025-03-20 18:00:00-03:00,24.8,4.3,175,1.1944444444444444
2025-03-20 19:00:00-03:00,23.1,4.2,19,1.1666666666666667
2025-03-20 20:00:00-03:00,22.1,4.8,0,1.3333333333333333
2025-03-20 21:00:00-03:00,21.6,3.7,0,1.027777777777778
2025-03-20 22:00:00-03:00,21.4,3.8,0,1.0555555555555556
2025-03-20 23:00:00-03:00,20.8,4.5,0,1.25
2025-03-21 00:00:00-03:00,20.4,5.3,0,1.472222222222222
2025-03-21 01:00:00-03:00,19.9,5.2,0,1.4444444444444444
2025-03-21 02:00:00-03:00,19.1,4.8,0,1.3333333333333333
2025-03-21 03:00:00-03:00,18.7,4.9,0,1.3611111111111112
2025-03-21 04:00:00-03:00,18.6,5.4,0,1.5
2025-03-21 05:00:00-03:00,18.6,5.4,0,1.5
2025-03-21 06:00:00-03:00,18.6,5.4,0,1.5
2025-03-21 07:00:00-03:00,18.5,4.4,8,1.2222222222222223
2025-03-21 08:00:00-03:00,21.0,3.6,142,1.0
2025-03-21 09:00:00-03:00,23.6,4.1,354,1.1388888888888888
2025-03-21 10:00:00-03:00,25.5,8.0,555,2.2222222222222223
2025-03-21 11:00:00-03:00,26.6,6.7,697,1.8611111111111112
2025-03-21 12:00:00-03:00,27.2,7.3,757,2.0277777777777777
2025-03-21 13:00:00-03:00,27.3,9.0,763,2.5
2025-03-21 14:00:00-03:00,27.0,11.2,713,3.1111111111111107
2025-03-21 15:00:00-03:00,26.5,11.4,606,3.1666666666666665
2025-03-21 16:00:00-03:00,26.3,12.1,528,3.3611111111111107
2025-03-21 17:00:00-03:00,25.7,12.2,375,3.3888888888888884
2025-03-21 18:00:00-03:00,24.5,10.1,177,2.805555555555556
2025-03-21 19:00:00-03:00,23.0,9.6,21,2.6666666666666665
2025-03-21 20:00:00-03:00,22.5,9.1,0,2.5277777777777777
2025-03-21 21:00:00-03:00,22.3,8.0,0,2.2222222222222223
2025-03-21 22:00:00-03:00,21.9,9.7,0,2.694444444444444
2025-03-21 23:00:00-03:00,21.8,11.4,0,3.1666666666666665
2025-03-22 00:00:00-03:00,21.7,11.0,0,3.055555555555556
2025-03-22 01:00:00-03:00,21.1,9.4,0,2.611111111111111
2025-03-22 02:00:00-03:00,20.5,8.5,0,2.361111111111111
2025-03-22 03:00:00-03:00,20.1,8.2,0,2.2777777777777777
2025-03-22 04:00:00-03:00,19.9,8.3,0,2.305555555555556
2025-03-22 05:00:00-03:00,19.9,8.0,0,2.2222222222222223
2025-03-22 06:00:00-03:00,19.7,7.3,0,2.0277777777777777
2025-03-22 07:00:00-03:00,19.8,6.4,7,1.777777777777778
2025-03-22 08:00:00-03:00,22.3,8.2,118,2.2777777777777777
2025-03-22 09:00:00-03:00,24.3,11.1,307,3.083333333333333
2025-03-22 10:00:00-03:00,25.8,14.8,401,4.111111111111112
2025-03-22 11:00:00-03:00,26.4,14.3,552,3.9722222222222223
2025-03-22 12:00:00-03:00,26.9,12.6,621,3.5
2025-03-22 13:00:00-03:00,27.4,11.6,679,3.222222222222222
2025-03-22 14:00:00-03:00,26.8,8.7,415,2.4166666666666665
2025-03-22 15:00:00-03:00,27.9,5.0,525,1.3888888888888888
2025-03-22 16:00:00-03:00,25.7,4.3,184,1.1944444444444444
2025-03-22 17:00:00-03:00,25.6,8.5,180,2.361111111111111
2025-03-22 18:00:00-03:00,25.1,6.9,87,1.9166666666666667
2025-03-22 19:00:00-03:00,23.5,5.5,15,1.5277777777777777
2025-03-22 20:00:00-03:00,23.8,8.6,0,2.388888888888889
2025-03-22 21:00:00-03:00,23.0,7.9,0,2.1944444444444446
2025-03-22 22:00:00-03:00,20.4,5.0,0,1.3888888888888888
2025-03-22 23:00:00-03:00,19.9,2.9,0,0.8055555555555555
2025-03-23 00:00:00-03:00,19.6,8.9,0,2.4722222222222223
2025-03-23 01:00:00-03:00,19.7,6.8,0,1.8888888888888888
2025-03-23 02:00:00-03:00,19.6,6.8,0,1.8888888888888888
2025-03-23 03:00:00-03:00,19.5,7.0,0,1.9444444444444444
2025-03-23 04:00:00-03:00,19.7,8.5,0,2.361111111111111
2025-03-23 05:00:00-03:00,19.8,8.9,0,2.4722222222222223
2025-03-23 06:00:00-03:00,19.9,5.2,0,1.4444444444444444
2025-03-23 07:00:00-03:00,20.0,7.9,6,2.1944444444444446
2025-03-23 08:00:00-03:00,21.0,4.9,96,1.3611111111111112
2025-03-23 09:00:00-03:00,22.7,3.3,282,0.9166666666666666
2025-03-23 10:00:00-03:00,23.4,8.6,374,2.388888888888889
2025-03-23 11:00:00-03:00,25.2,8.4,583,2.333333333333333
2025-03-23 12:00:00-03:00,26.1,10.0,743,2.7777777777777777
2025-03-23 13:00:00-03:00,26.9,10.8,774,3.0
2025-03-23 14:00:00-03:00,26.6,7.9,420,2.1944444444444446
2025-03-23 15:00:00-03:00,27.4,8.8,685,2.4444444444444446
2025-03-23 16:00:00-03:00,27.3,8.1,530,2.25
2025-03-23 17:00:00-03:00,26.5,7.4,330,2.055555555555556
2025-03-23 18:00:00-03:00,25.2,4.6,154,1.2777777777777777
2025-03-23 19:00:00-03:00,23.2,4.5,16,1.25
2025-03-23 20:00:00-03:00,22.3,4.5,0,1.25
2025-03-23 21:00:00-03:00,22.1,5.7,0,1.5833333333333333
2025-03-23 22:00:00-03:00,21.4,5.2,0,1.4444444444444444
2025-03-23 23:00:00-03:00,21.4,4.3,0,1.1944444444444444
2025-03-24 00:00:00-03:00,21.4,3.3,0,0.9166666666666666
2025-03-24 01:00:00-03:00,21.1,0.9,0,0.25
2025-03-24 02:00:00-03:00,20.2,1.3,0,0.3611111111111111
2025-03-24 03:00:00-03:00,19.4,3.7,0,1.027777777777778
2025-03-24 04:00:00-03:00,19.0,4.2,0,1.1666666666666667
2025-03-24 05:00:00-03:00,18.7,4.6,0,1.2777777777777777
2025-03-24 06:00:00-03:00,18.6,4.5,0,1.25
2025-03-24 07:00:00-03:00,18.6,5.0,5,1.3888888888888888
2025-03-24 08:00:00-03:00,20.0,4.9,105,1.3611111111111112
2025-03-24 09:00:00-03:00,22.6,4.2,322,1.1666666666666667
2025-03-24 10:00:00-03:00,24.2,5.2,332,1.4444444444444444
2025-03-24 11:00:00-03:00,26.3,4.8,650,1.3333333333333333
2025-03-24 12:00:00-03:00,27.5,4.6,772,1.2777777777777777
2025-03-24 13:00:00-03:00,28.2,5.7,750,1.5833333333333333
2025-03-24 14:00:00-03:00,29.0,6.1,772,1.6944444444444442
2025-03-24 15:00:00-03:00,29.1,8.6,703,2.388888888888889
2025-03-24 16:00:00-03:00,28.2,10.4,543,2.888888888888889
2025-03-24 17:00:00-03:00,27.3,8.3,363,2.305555555555556
2025-03-24 18:00:00-03:00,25.2,8.4,152,2.333333333333333
2025-03-24 19:00:00-03:00,23.5,11.2,14,3.1111111111111107
2025-03-24 20:00:00-03:00,22.4,8.9,0,2.4722222222222223
2025-03-24 21:00:00-03:00,21.8,6.0,0,1.6666666666666663
2025-03-24 22:00:00-03:00,21.3,5.1,0,1.4166666666666663
2025-03-24 23:00:00-03:00,21.0,3.9,0,1.0833333333333333
2025-03-25 00:00:00-03:00,20.8,4.0,0,1.1111111111111112
2025-03-25 01:00:00-03:00,20.8,4.7,0,1.3055555555555556
2025-03-25 02:00:00-03:00,20.6,5.2,0,1.4444444444444444
2025-03-25 03:00:00-03:00,20.2,5.7,0,1.5833333333333333
2025-03-25 04:00:00-03:00,19.6,4.8,0,1.3333333333333333
2025-03-25 05:00:00-03:00,19.6,5.6,0,1.5555555555555554
2025-03-25 06:00:00-03:00,19.4,5.7,0,1.5833333333333333
2025-03-25 07:00:00-03:00,19.3,6.6,5,1.8333333333333333
2025-03-25 08:00:00-03:00,21.3,6.9,124,1.9166666666666667
2025-03-25 09:00:00-03:00,23.4,10.2,330,2.833333333333333
2025-03-25 10:00:00-03:00,24.9,11.5,497,3.194444444444444
2025-03-25 11:00:00-03:00,25.4,12.9,644,3.583333333333333
2025-03-25 12:00:00-03:00,25.8,13.5,719,3.75
2025-03-25 13:00:00-03:00,26.1,14.8,782,4.111111111111112
2025-03-25 14:00:00-03:00,26.0,14.7,754,4.083333333333333
2025-03-25 15:00:00-03:00,25.8,14.1,662,3.9166666666666665
2025-03-25 16:00:00-03:00,25.0,15.2,550,4.222222222222222
2025-03-25 17:00:00-03:00,24.1,15.4,365,4.277777777777778
2025-03-25 18:00:00-03:00,23.0,12.9,150,3.583333333333333
2025-03-25 19:00:00-03:00,21.9,8.5,13,2.361111111111111
2025-03-25 20:00:00-03:00,21.5,9.0,0,2.5
2025-03-25 21:00:00-03:00,21.5,10.0,0,2.7777777777777777
2025-03-25 22:00:00-03:00,21.2,8.9,0,2.4722222222222223
2025-03-25 23:00:00-03:00,20.6,5.9,0,1.6388888888888888
2025-03-26 00:00:00-03:00,20.0,5.7,0,1.5833333333333333
2025-03-26 01:00:00-03:00,20.1,5.9,0,1.6388888888888888
2025-03-26 02:00:00-03:00,20.1,6.3,0,1.75
2025-03-26 03:00:00-03:00,20.0,6.4,0,1.777777777777778
2025-03-26 04:00:00-03:00,20.2,6.9,0,1.9166666666666667
2025-03-26 05:00:00-03:00,19.8,6.2,0,1.7222222222222223
2025-03-26 06:00:00-03:00,19.4,6.0,0,1.6666666666666663
2025-03-26 07:00:00-03:00,19.8,6.5,5,1.805555555555556
2025-03-26 08:00:00-03:00,21.9,9.9,124,2.75
2025-03-26 09:00:00-03:00,23.2,12.8,339,3.555555555555556
2025-03-26 10:00:00-03:00,24.6,14.2,519,3.944444444444444
2025-03-26 11:00:00-03:00,25.3,14.4,658,4.0
2025-03-26 12:00:00-03:00,25.8,15.4,783,4.277777777777778
2025-03-26 13:00:00-03:00,26.2,14.9,742,4.138888888888889
2025-03-26 14:00:00-03:00,26.2,13.9,634,3.861111111111111
2025-03-26 15:00:00-03:00,26.6,13.2,649,3.6666666666666665
2025-03-26 16:00:00-03:00,25.6,13.0,352,3.611111111111111
2025-03-26 17:00:00-03:00,25.1,13.2,319,3.6666666666666665
2025-03-26 18:00:00-03:00,24.3,14.2,82,3.944444444444444
2025-03-26 19:00:00-03:00,23.3,14.8,11,4.111111111111112
2025-03-26 20:00:00-03:00,22.9,14.1,0,3.9166666666666665
2025-03-26 21:00:00-03:00,22.8,13.3,0,3.6944444444444446
2025-03-26 22:00:00-03:00,22.6,12.7,0,3.5277777777777777
2025-03-26 23:00:00-03:00,22.6,13.5,0,3.75
2025-03-27 00:00:00-03:00,22.6,12.0,0,3.333333333333333
2025-03-27 01:00:00-03:00,22.4,12.5,0,3.4722222222222223
2025-03-27 02:00:00-03:00,22.4,12.4,0,3.4444444444444446
2025-03-27 03:00:00-03:00,22.4,13.1,0,3.638888888888889
2025-03-27 04:00:00-03:00,22.3,12.3,0,3.416666666666667
2025-03-27 05:00:00-03:00,22.3,13.0,0,3.611111111111111
2025-03-27 06:00:00-03:00,22.3,13.3,0,3.6944444444444446
2025-03-27 07:00:00-03:00,22.6,13.0,4,3.611111111111111
2025-03-27 08:00:00-03:00,23.8,15.5,103,4.305555555555555
2025-03-27 09:00:00-03:00,24.9,21.6,253,6.0
2025-03-27 10:00:00-03:00,26.0,22.3,426,6.194444444444445
2025-03-27 11:00:00-03:00,26.7,22.5,543,6.25
2025-03-27 12:00:00-03:00,27.0,18.0,397,5.0
2025-03-27 13:00:00-03:00,26.9,10.6,278,2.944444444444444
2025-03-27 14:00:00-03:00,24.1,6.0,159,1.6666666666666663
2025-03-27 15:00:00-03:00,25.2,5.5,275,1.5277777777777777
2025-03-27 16:00:00-03:00,24.6,12.3,139,3.416666666666667
2025-03-27 17:00:00-03:00,23.6,11.0,138,3.055555555555556
2025-03-27 18:00:00-03:00,23.1,12.3,56,3.416666666666667
2025-03-27 19:00:00-03:00,22.4,11.4,6,3.1666666666666665
2025-03-27 20:00:00-03:00,22.1,12.1,0,3.3611111111111107
2025-03-27 21:00:00-03:00,22.4,11.0,0,3.055555555555556
2025-03-27 22:00:00-03:00,21.3,4.8,0,1.3333333333333333
2025-03-27 23:00:00-03:00,21.6,3.6,0,1.0
2025-03-28 00:00:00-03:00,21.5,7.6,0,2.111111111111111
2025-03-28 01:00:00-03:00,20.3,11.7,0,3.25
2025-03-28 02:00:00-03:00,20.7,10.5,0,2.9166666666666665
2025-03-28 03:00:00-03:00,20.5,5.7,0,1.5833333333333333
2025-03-28 04:00:00-03:00,20.3,0.7,0,0.1944444444444444
2025-03-28 05:00:00-03:00,20.3,3.1,0,0.8611111111111112
2025-03-28 06:00:00-03:00,19.9,5.2,0,1.4444444444444444
2025-03-28 07:00:00-03:00,20.1,7.3,4,2.0277777777777777
2025-03-28 08:00:00-03:00,21.3,7.4,119,2.055555555555556
2025-03-28 09:00:00-03:00,23.1,7.7,322,2.138888888888889
2025-03-28 10:00:00-03:00,24.5,8.3,364,2.305555555555556
2025-03-28 11:00:00-03:00,25.7,11.6,364,3.222222222222222
2025-03-28 12:00:00-03:00,26.8,15.2,561,4.222222222222222
2025-03-28 13:00:00-03:00,28.1,15.3,752,4.25
2025-03-28 14:00:00-03:00,28.5,16.7,719,4.638888888888888
2025-03-28 15:00:00-03:00,28.8,17.0,663,4.722222222222222
2025-03-28 16:00:00-03:00,28.3,14.8,517,4.111111111111112
2025-03-28 17:00:00-03:00,27.7,11.6,342,3.222222222222222
2025-03-28 18:00:00-03:00,26.1,6.7,141,1.8611111111111112
2025-03-28 19:00:00-03:00,23.8,5.3,10,1.472222222222222
2025-03-28 20:00:00-03:00,23.1,5.1,0,1.4166666666666663
2025-03-28 21:00:00-03:00,22.5,4.4,0,1.2222222222222223
2025-03-28 22:00:00-03:00,22.1,5.2,0,1.4444444444444444
2025-03-28 23:00:00-03:00,21.8,5.8,0,1.611111111111111
2025-03-29 00:00:00-03:00,21.3,5.6,0,1.5555555555555554
2025-03-29 01:00:00-03:00,21.7,9.0,0,2.5
2025-03-29 02:00:00-03:00,21.6,10.7,0,2.972222222222222
2025-03-29 03:00:00-03:00,21.2,11.0,0,3.055555555555556
2025-03-29 04:00:00-03:00,20.8,10.7,0,2.972222222222222
2025-03-29 05:00:00-03:00,20.5,11.9,0,3.305555555555556
2025-03-29 06:00:00-03:00,20.2,12.8,0,3.555555555555556
2025-03-29 07:00:00-03:00,20.0,12.8,4,3.555555555555556
2025-03-29 08:00:00-03:00,21.2,12.9,122,3.583333333333333
2025-03-29 09:00:00-03:00,22.7,14.6,329,4.055555555555555
2025-03-29 10:00:00-03:00,24.6,15.0,503,4.166666666666667
2025-03-29 11:00:00-03:00,25.8,13.2,656,3.6666666666666665
2025-03-29 12:00:00-03:00,26.8,11.6,771,3.222222222222222
2025-03-29 13:00:00-03:00,27.5,9.9,804,2.75
2025-03-29 14:00:00-03:00,27.9,8.3,784,2.305555555555556
2025-03-29 15:00:00-03:00,27.8,7.8,686,2.1666666666666665
2025-03-29 16:00:00-03:00,27.5,6.8,534,1.8888888888888888
2025-03-29 17:00:00-03:00,26.1,7.8,339,2.1666666666666665
2025-03-29 18:00:00-03:00,24.1,10.6,91,2.944444444444444
2025-03-29 19:00:00-03:00,22.4,9.6,9,2.6666666666666665
2025-03-29 20:00:00-03:00,21.3,7.7,0,2.138888888888889
2025-03-29 21:00:00-03:00,20.6,5.7,0,1.5833333333333333
2025-03-29 22:00:00-03:00,19.5,4.3,0,1.1944444444444444
2025-03-29 23:00:00-03:00,19.4,2.2,0,0.6111111111111112
2025-03-30 00:00:00-03:00,19.2,2.2,0,0.6111111111111112
2025-03-30 01:00:00-03:00,19.1,1.1,0,0.3055555555555556
2025-03-30 02:00:00-03:00,18.4,0.5,0,0.1388888888888889
2025-03-30 03:00:00-03:00,17.6,1.7,0,0.4722222222222222
2025-03-30 04:00:00-03:00,16.9,2.4,0,0.6666666666666666
2025-03-30 05:00:00-03:00,16.6,2.0,0,0.5555555555555556
2025-03-30 06:00:00-03:00,17.0,0.4,0,0.1111111111111111
2025-03-30 07:00:00-03:00,17.3,1.7,3,0.4722222222222222
2025-03-30 08:00:00-03:00,18.7,2.3,68,0.6388888888888888
2025-03-30 09:00:00-03:00,21.6,3.7,232,1.027777777777778
2025-03-30 10:00:00-03:00,24.6,9.5,499,2.638888888888889
2025-03-30 11:00:00-03:00,25.8,11.3,679,3.138888888888889
2025-03-30 12:00:00-03:00,26.7,12.6,782,3.5
2025-03-30 13:00:00-03:00,27.5,13.8,810,3.8333333333333335
2025-03-30 14:00:00-03:00,27.1,14.0,660,3.888888888888889
2025-03-30 15:00:00-03:00,27.2,13.4,645,3.7222222222222223
2025-03-30 16:00:00-03:00,26.5,14.7,517,4.083333333333333
2025-03-30 17:00:00-03:00,25.8,12.9,342,3.583333333333333
2025-03-30 18:00:00-03:00,24.9,10.8,143,3.0
2025-03-30 19:00:00-03:00,23.9,12.5,8,3.4722222222222223
2025-03-30 20:00:00-03:00,23.8,12.3,0,3.416666666666667
2025-03-30 21:00:00-03:00,23.9,11.7,0,3.25
2025-03-30 22:00:00-03:00,24.0,13.6,0,3.7777777777777777
2025-03-30 23:00:00-03:00,23.7,12.7,0,3.5277777777777777
2025-03-31 00:00:00-03:00,23.3,11.8,0,3.2777777777777777
2025-03-31 01:00:00-03:00,23.0,11.5,0,3.194444444444444
2025-03-31 02:00:00-03:00,22.8,11.8,0,3.2777777777777777
2025-03-31 03:00:00-03:00,22.7,11.5,0,3.194444444444444
2025-03-31 04:00:00-03:00,22.5,11.7,0,3.25
2025-03-31 05:00:00-03:00,22.3,9.6,0,2.6666666666666665
2025-03-31 06:00:00-03:00,22.0,8.2,0,2.2777777777777777
2025-03-31 07:00:00-03:00,21.8,7.2,3,2.0
2025-03-31 08:00:00-03:00,24.0,7.4,114,2.055555555555556
2025-03-31 09:00:00-03:00,27.0,6.0,297,1.6666666666666663
2025-03-31 10:00:00-03:00,30.3,7.8,509,2.1666666666666665
2025-03-31 11:00:00-03:00,32.3,10.6,653,2.944444444444444
2025-03-31 12:00:00-03:00,28.0,15.9,761,4.416666666666667
2025-03-31 13:00:00-03:00,27.4,9.8,489,2.7222222222222223
2025-03-31 14:00:00-03:00,24.8,16.8,306,4.666666666666667
2025-03-31 15:00:00-03:00,24.5,14.3,176,3.9722222222222223
2025-03-31 16:00:00-03:00,24.5,13.7,240,3.8055555555555554
2025-03-31 17:00:00-03:00,23.6,14.7,175,4.083333333333333
2025-03-31 18:00:00-03:00,21.6,14.8,16,4.111111111111112
2025-03-31 19:00:00-03:00,20.3,15.0,1,4.166666666666667
2025-03-31 20:00:00-03:00,19.6,17.9,0,4.972222222222221
2025-03-31 21:00:00-03:00,18.6,18.3,0,5.083333333333333
2025-03-31 22:00:00-03:00,18.2,12.4,0,3.4444444444444446
2025-03-31 23:00:00-03:00,18.0,10.9,0,3.0277777777777777
